1778778019,create type house 6 1 name str origin str leader str military_strength int wealth int spice_production int,success
1778778019,create record house Atreides Caladan Duke 8000 5000 150,success
1778778019,create record house Harkonnen GiediPrime Baron 12000 3000 200,success
1778778019,create record house Corrino Kaitain Emperor 15000 10000 50,success
1778778019,search record house Atreides,success
1778778019,delete record house Corrino,success
1778778019,search record house Corrino,failure
1778778019,range_search house wealth 4000 9000,success
1778778019,search record house Harkonnen,success
1778778019,explain search record house Harkonnen,success
1778778019,stats,success
1778778104,create type house 6 1 name str origin str leader str military_strength int wealth int spice_production int,failure
1778778104,create record house Atreides Caladan Duke 8000 5000 150,failure
1778778104,create record house Harkonnen GiediPrime Baron 12000 3000 200,failure
1778778104,create record house Corrino Kaitain Emperor 15000 10000 50,success
1778778104,search record house Atreides,success
1778778104,delete record house Corrino,success
1778778104,search record house Corrino,failure
1778778104,range_search house wealth 4000 9000,success
1778778104,search record house Harkonnen,success
1778778104,explain search record house Harkonnen,success
1778778104,stats,success
1778778114,create type house 6 1 name str origin str leader str military_strength int wealth int spice_production int,failure
1778778114,create record house Atreides Caladan Duke 8000 5000 150,failure
1778778114,create record house Harkonnen GiediPrime Baron 12000 3000 200,failure
1778778114,create record house Corrino Kaitain Emperor 15000 10000 50,success
1778778114,search record house Atreides,success
1778778114,delete record house Corrino,success
1778778114,search record house Corrino,failure
1778778114,range_search house wealth 4000 9000,success
1778778114,search record house Harkonnen,success
1778778114,explain search record house Harkonnen,success
1778778114,stats,success
1778778180,create type house 6 1 name str origin str leader str military_strength int wealth int spice_production int,failure
1778778180,create record house Atreides Caladan Duke 8000 5000 150,failure
1778778180,create record house Harkonnen GiediPrime Baron 12000 3000 200,failure
1778778180,create record house Corrino Kaitain Emperor 15000 10000 50,success
1778778180,search record house Atreides,success
1778778180,delete record house Corrino,success
1778778180,search record house Corrino,failure
1778778180,range_search house wealth 4000 9000,success
1778778180,search record house Harkonnen,success
1778778180,explain search record house Harkonnen,success
1778778180,stats,success
1778778189,create type house 6 1 name str origin str leader str military_strength int wealth int spice_production int,failure
1778778189,create record house Atreides Caladan Duke 8000 5000 150,failure
1778778189,create record house Harkonnen GiediPrime Baron 12000 3000 200,failure
1778778189,create record house Corrino Kaitain Emperor 15000 10000 50,success
1778778189,search record house Atreides,success
1778778189,delete record house Corrino,success
1778778189,search record house Corrino,failure
1778778189,range_search house wealth 4000 9000,success
1778778189,search record house Harkonnen,success
1778778189,explain search record house Harkonnen,success
1778778189,stats,success
1778778193,create type house 6 1 name str origin str leader str military_strength int wealth int spice_production int,failure
1778778193,create record house Atreides Caladan Duke 8000 5000 150,failure
1778778193,create record house Harkonnen GiediPrime Baron 12000 3000 200,failure
1778778193,create record house Corrino Kaitain Emperor 15000 10000 50,success
1778778193,search record house Atreides,success
1778778193,delete record house Corrino,success
1778778193,search record house Corrino,failure
1778778193,range_search house wealth 4000 9000,success
1778778193,search record house Harkonnen,success
1778778193,explain search record house Harkonnen,success
1778778193,stats,success
1778778202,create type house 6 1 name str origin str leader str military_strength int wealth int spice_production int,failure
1778778202,create record house Atreides Caladan Duke 8000 5000 150,failure
1778778202,create record house Harkonnen GiediPrime Baron 12000 3000 200,failure
1778778202,create record house Corrino Kaitain Emperor 15000 10000 50,success
1778778202,search record house Atreides,success
1778778202,delete record house Corrino,success
1778778202,search record house Corrino,failure
1778778202,range_search house wealth 4000 9000,success
1778778202,search record house Harkonnen,success
1778778202,explain search record house Harkonnen,success
1778778202,stats,success
1778778211,create type house 6 1 name str origin str leader str military_strength int wealth int spice_production int,failure
1778778211,create record house Atreides Caladan Duke 8000 5000 150,failure
1778778211,create record house Harkonnen GiediPrime Baron 12000 3000 200,failure
1778778211,create record house Corrino Kaitain Emperor 15000 10000 50,success
1778778211,search record house Atreides,success
1778778211,delete record house Corrino,success
1778778211,search record house Corrino,failure
1778778211,range_search house wealth 4000 9000,success
1778778211,search record house Harkonnen,success
1778778211,explain search record house Harkonnen,success
1778778211,stats,success
1778778590,create type house 6 1 name str origin str leader str military_strength int wealth int spice_production int,failure
1778778590,create record house Atreides Caladan Duke 8000 5000 150,failure
1778778590,create record house Harkonnen GiediPrime Baron 12000 3000 200,failure
1778778590,create record house Corrino Kaitain Emperor 15000 10000 50,success
1778778590,search record house Atreides,success
1778778590,delete record house Corrino,success
1778778590,search record house Corrino,failure
1778778590,range_search house wealth 4000 9000,success
1778778590,search record house Harkonnen,success
1778778590,explain search record house Harkonnen,success
1778778590,stats,success
1778778603,create type house 6 1 name str origin str leader str military_strength int wealth int spice_production int,failure
1778778603,create record house Atreides Caladan Duke 8000 5000 150,failure
1778778603,create record house Harkonnen GiediPrime Baron 12000 3000 200,failure
1778778603,create record house Corrino Kaitain Emperor 15000 10000 50,success
1778778603,search record house Atreides,success
1778778603,delete record house Corrino,success
1778778603,search record house Corrino,failure
1778778603,range_search house wealth 4000 9000,success
1778778603,search record house Harkonnen,success
1778778603,explain search record house Harkonnen,success
1778778603,stats,success
1778778627,create type house 6 1 name str origin str leader str military_strength int wealth int spice_production int,failure
1778778627,create record house Atreides Caladan Duke 8000 5000 150,failure
1778778627,create record house Harkonnen GiediPrime Baron 12000 3000 200,failure
1778778627,create record house Corrino Kaitain Emperor 15000 10000 50,success
1778778627,search record house Atreides,success
1778778627,delete record house Corrino,success
1778778627,search record house Corrino,failure
1778778627,range_search house wealth 4000 9000,success
1778778627,search record house Harkonnen,success
1778778627,explain search record house Harkonnen,success
1778778627,stats,success
1778778647,create type house 6 1 name str origin str leader str military_strength int wealth int spice_production int,failure
1778778647,create record house Atreides Caladan Duke 8000 5000 150,failure
1778778647,create record house Harkonnen GiediPrime Baron 12000 3000 200,failure
1778778647,create record house Corrino Kaitain Emperor 15000 10000 50,success
1778778647,search record house Atreides,success
1778778647,delete record house Corrino,success
1778778647,search record house Corrino,failure
1778778647,range_search house wealth 4000 9000,success
1778778647,search record house Harkonnen,success
1778778647,explain search record house Harkonnen,success
1778778647,stats,success
1778778652,create type house 6 1 name str origin str leader str military_strength int wealth int spice_production int,failure
1778778652,create record house Atreides Caladan Duke 8000 5000 150,failure
1778778652,create record house Harkonnen GiediPrime Baron 12000 3000 200,failure
1778778652,create record house Corrino Kaitain Emperor 15000 10000 50,success
1778778652,search record house Atreides,success
1778778652,delete record house Corrino,success
1778778652,search record house Corrino,failure
1778778652,range_search house wealth 4000 9000,success
1778778652,search record house Harkonnen,success
1778778652,explain search record house Harkonnen,success
1778778652,stats,success
1778778817,create type student 3 1 id int name str gpa int,success
1778778817,create record student 1501 Mert 4,success
1778778817,create record student 1502 Selcen 4,success
1778778817,search record student 1501,success
1778778817,delete record student 1502,success
1778778817,search record student 1502,failure
1778778817,range_search student gpa 3 4,success
1778778817,search record student 1501,success
1778778817,explain search record student 1501,success
1778778817,stats,success
1778778851,create type student 3 1 id int name str gpa int,failure
1778778851,create record student 1501 Mert 4,failure
1778778851,create record student 1502 Selcen 4,success
1778778851,search record student 1501,success
1778778851,delete record student 1502,success
1778778851,search record student 1502,failure
1778778851,range_search student gpa 3 4,success
1778778851,search record student 1501,success
1778778851,explain search record student 1501,success
1778778851,stats,success
1778778957,create type account 6 1 acc_id int owner str balance int branch str risk_score int active int,success
1778778957,create record account 101 Ahmet 5000 Kadikoy 85 1,success
1778778957,create record account 102 Mehmet 12000 Besiktas 40 1,success
1778778957,create record account 103 Can 7500 Uskudar 60 1,success
1778778957,create record account 104 Seda 15000 Kadikoy 30 1,success
1778778957,create record account 105 Elif 3000 Sisli 90 0,success
1778778957,create record account 106 Burak 9500 Besiktas 55 1,success
1778778957,create record account 107 Merve 16000 Kadikoy 20 1,success
1778778957,create record account 108 Arda 2200 Uskudar 95 0,success
1778778957,create record account 109 Gizem 11000 Sisli 45 1,success
1778778957,create record account 110 Hakan 6800 Kadikoy 70 1,success
1778778957,create record account 111 Deniz 14000 Besiktas 35 1,success
1778778957,create record account 112 Ezgi 8900 Uskudar 50 1,success
1778778957,create record account 113 Tolga 4200 Sisli 80 1,success
1778778957,create record account 114 Ceren 17500 Kadikoy 15 1,success
1778778957,create record account 115 Umut 1300 Besiktas 99 0,success
1778778957,create record account 116 Hande 10500 Uskudar 40 1,success
1778778957,create record account 117 Volkan 19000 Sisli 25 1,success
1778778957,create record account 118 Busra 7100 Kadikoy 65 1,success
1778778957,create record account 119 Cem 15500 Besiktas 30 1,success
1778778957,create record account 120 Ece 3400 Uskudar 75 0,success
1778778957,create record account 121 Murat 9800 Sisli 55 1,success
1778778957,create record account 122 Asli 16500 Kadikoy 20 1,success
1778778957,create record account 123 Ozan 2600 Besiktas 90 0,success
1778778957,create record account 124 Didem 11500 Uskudar 45 1,success
1778778957,create record account 125 Serkan 6200 Sisli 75 1,success
1778778957,search record account 115,success
1778778957,delete record account 115,success
1778778957,search record account 115,failure
1778778957,range_search account acc_id 105 120,success
1778778957,search record account 122,success
1778778957,explain search record account 122,success
1778778957,stats,success
1778872586,create type house 6 1 name str origin str leader str military_strength int wealth int spice_production int,failure
1778872586,create record house Atreides Caladan Duke 8000 5000 150,failure
1778872586,create record house Harkonnen GiediPrime Baron 12000 3000 200,failure
1778872586,create record house Corrino Kaitain Emperor 15000 10000 50,success
1778872586,search record house Atreides,success
1778872586,delete record house Corrino,success
1778872586,search record house Corrino,failure
1778872586,range_search house wealth 4000 9000,success
1778872586,search record house Harkonnen,success
1778872586,explain search record house Harkonnen,success
1778872586,stats,success
1778872804,create type house 6 1 name str origin str leader str military_strength int wealth int spice_production int,failure
1778872804,create record house Atreides Caladan Duke 8000 5000 150,failure
1778872804,create record house Harkonnen GiediPrime Baron 12000 3000 200,failure
1778872804,create record house Corrino Kaitain Emperor 15000 10000 50,success
1778872804,search record house Atreides,success
1778872804,delete record house Corrino,success
1778872804,search record house Corrino,failure
1778872804,range_search house wealth 4000 9000,success
1778872804,search record house Harkonnen,success
1778872804,explain search record house Harkonnen,success
1778872804,stats,success
1778872870,create type house 6 1 name str origin str leader str military_strength int wealth int spice_production int,failure
1778872870,create record house Atreides Caladan Duke 8000 5000 150,failure
1778872870,create record house Harkonnen GiediPrime Baron 12000 3000 200,failure
1778872870,create record house Corrino Kaitain Emperor 15000 10000 50,success
1778872870,search record house Atreides,success
1778872870,delete record house Corrino,success
1778872870,search record house Corrino,failure
1778872870,range_search house wealth 4000 9000,success
1778872870,search record house Harkonnen,success
1778872870,explain search record house Harkonnen,success
1778872870,stats,success
1778872886,create type house 6 1 name str origin str leader str military_strength int wealth int spice_production int,failure
1778872886,create record house Atreides Caladan Duke 8000 5000 150,failure
1778872886,create record house Harkonnen GiediPrime Baron 12000 3000 200,failure
1778872886,create record house Corrino Kaitain Emperor 15000 10000 50,success
1778872886,search record house Atreides,success
1778872886,delete record house Corrino,success
1778872886,search record house Corrino,failure
1778872886,range_search house wealth 4000 9000,success
1778872886,search record house Harkonnen,success
1778872886,explain search record house Harkonnen,success
1778872886,stats,success
1778872904,create type house 6 1 name str origin str leader str military_strength int wealth int spice_production int,failure
1778872904,create record house Atreides Caladan Duke 8000 5000 150,failure
1778872904,create record house Harkonnen GiediPrime Baron 12000 3000 200,failure
1778872904,create record house Corrino Kaitain Emperor 15000 10000 50,success
1778872904,search record house Atreides,success
1778872904,delete record house Corrino,success
1778872904,search record house Corrino,failure
1778872904,range_search house wealth 4000 9000,success
1778872904,search record house Harkonnen,success
1778872904,explain search record house Harkonnen,success
1778872904,stats,success
1778872931,create type house 6 1 name str origin str leader str military_strength int wealth int spice_production int,failure
1778872931,create record house Atreides Caladan Duke 8000 5000 150,failure
1778872931,create record house Harkonnen GiediPrime Baron 12000 3000 200,failure
1778872931,create record house Corrino Kaitain Emperor 15000 10000 50,failure
1778872931,search record house Atreides,failure
1778872931,delete record house Corrino,failure
1778872931,search record house Corrino,failure
1778872931,range_search house wealth 4000 9000,failure
1778872931,explain search record house Harkonnen,failure
1778872931,stats,success
1778872949,create type house 6 1 name str origin str leader str military_strength int wealth int spice_production int,failure
1778872949,create record house Atreides Caladan Duke 8000 5000 150,failure
1778872949,create record house Harkonnen GiediPrime Baron 12000 3000 200,failure
1778872949,create record house Corrino Kaitain Emperor 15000 10000 50,success
1778872949,search record house Atreides,success
1778872949,delete record house Corrino,success
1778872949,search record house Corrino,failure
1778872949,range_search house wealth 4000 9000,success
1778872949,search record house Harkonnen,success
1778872949,explain search record house Harkonnen,success
1778872949,stats,success
1778872987,create type house 6 1 name str origin str leader str military_strength int wealth int spice_production int,failure
1778872987,create record house Atreides Caladan Duke 8000 5000 150,failure
1778872987,create record house Harkonnen GiediPrime Baron 12000 3000 200,failure
1778872987,create record house Corrino Kaitain Emperor 15000 10000 50,success
1778872987,search record house Atreides,success
1778872987,delete record house Corrino,success
1778872987,search record house Corrino,failure
1778872987,range_search house wealth 4000 9000,success
1778872987,search record house Harkonnen,success
1778872987,explain search record house Harkonnen,success
1778872987,stats,success
1778873003,create type house 6 1 name str origin str leader str military_strength int wealth int spice_production int,failure
1778873003,create record house Atreides Caladan Duke 8000 5000 150,failure
1778873003,create record house Harkonnen GiediPrime Baron 12000 3000 200,failure
1778873003,create record house Corrino Kaitain Emperor 15000 10000 50,success
1778873003,search record house Atreides,success
1778873003,delete record house Corrino,success
1778873003,search record house Corrino,failure
1778873003,range_search house wealth 4000 9000,success
1778873003,search record house Harkonnen,success
1778873003,explain search record house Harkonnen,success
1778873003,stats,success
1778873024,create type house 6 1 name str origin str leader str military_strength int wealth int spice_production int,failure
1778873024,create record house Atreides Caladan Duke 8000 5000 150,failure
1778873024,create record house Harkonnen GiediPrime Baron 12000 3000 200,failure
1778873024,create record house Corrino Kaitain Emperor 15000 10000 50,success
1778873024,search record house Atreides,success
1778873024,delete record house Corrino,success
1778873024,search record house Corrino,failure
1778873024,range_search house wealth 4000 9000,success
1778873024,search record house Harkonnen,success
1778873024,explain search record house Harkonnen,success
1778873024,stats,success
1778873039,create type house 6 1 name str origin str leader str military_strength int wealth int spice_production int,failure
1778873039,create record house Atreides Caladan Duke 8000 5000 150,failure
1778873039,create record house Harkonnen GiediPrime Baron 12000 3000 200,failure
1778873039,create record house Corrino Kaitain Emperor 15000 10000 50,success
1778873039,search record house Atreides,success
1778873039,delete record house Corrino,success
1778873039,search record house Corrino,failure
1778873039,range_search house wealth 4000 9000,success
1778873039,search record house Harkonnen,success
1778873039,explain search record house Harkonnen,success
1778873039,stats,success
1778873059,create type house 6 1 name str origin str leader str military_strength int wealth int spice_production int,failure
1778873059,create record house Atreides Caladan Duke 8000 5000 150,failure
1778873059,create record house Harkonnen GiediPrime Baron 12000 3000 200,failure
1778873059,create record house Corrino Kaitain Emperor 15000 10000 50,failure
1778873059,search record house Atreides,failure
1778873059,delete record house Corrino,failure
1778873059,search record house Corrino,failure
1778873059,range_search house wealth 4000 9000,success
1778873059,explain search record house Harkonnen,failure
1778873059,stats,success
1778873077,create type house 6 1 name str origin str leader str military_strength int wealth int spice_production int,failure
1778873077,create record house Atreides Caladan Duke 8000 5000 150,failure
1778873077,create record house Harkonnen GiediPrime Baron 12000 3000 200,failure
1778873077,create record house Corrino Kaitain Emperor 15000 10000 50,failure
1778873077,search record house Atreides,failure
1778873077,delete record house Corrino,failure
1778873077,search record house Corrino,failure
1778873077,range_search house wealth 4000 9000,success
1778873077,explain search record house Harkonnen,failure
1778873077,stats,success
1778879189,create type house 6 1 name str origin str leader str military_strength int wealth int spice_production int,failure
1778879189,create record house Atreides Caladan Duke 8000 5000 150,failure
1778879189,create record house Harkonnen GiediPrime Baron 12000 3000 200,failure
1778879189,create record house Corrino Kaitain Emperor 15000 10000 50,failure
1778879189,search record house Atreides,failure
1778879189,delete record house Corrino,failure
1778879189,search record house Corrino,failure
1778879189,range_search house wealth 4000 9000,success
1778879189,explain search record house Harkonnen,failure
1778879189,stats,success
1778879213,create type house 6 1 name str origin str leader str military_strength int wealth int spice_production int,failure
1778879213,create record house Atreides Caladan Duke 8000 5000 150,failure
1778879213,create record house Harkonnen GiediPrime Baron 12000 3000 200,failure
1778879213,create record house Corrino Kaitain Emperor 15000 10000 50,failure
1778879213,search record house Atreides,failure
1778879213,delete record house Corrino,failure
1778879213,search record house Corrino,failure
1778879213,range_search house wealth 4000 9000,success
1778879213,explain search record house Harkonnen,failure
1778879213,stats,success
1778879218,create type house 6 1 name str origin str leader str military_strength int wealth int spice_production int,failure
1778879218,create record house Atreides Caladan Duke 8000 5000 150,failure
1778879218,create record house Harkonnen GiediPrime Baron 12000 3000 200,failure
1778879218,create record house Corrino Kaitain Emperor 15000 10000 50,success
1778879218,search record house Atreides,success
1778879218,delete record house Corrino,success
1778879218,search record house Corrino,failure
1778879218,range_search house wealth 4000 9000,success
1778879218,search record house Harkonnen,success
1778879218,explain search record house Harkonnen,success
1778879218,stats,success
1778880203,create type house 6 1 name str origin str leader str military_strength int wealth int spice_production int,failure
1778880203,create record house Atreides Caladan Duke 8000 5000 150,failure
1778880203,create record house Harkonnen GiediPrime Baron 12000 3000 200,failure
1778880203,create record house Corrino Kaitain Emperor 15000 10000 50,success
1778880203,search record house Atreides,success
1778880203,delete record house Corrino,success
1778880203,search record house Corrino,failure
1778880203,range_search house wealth 4000 9000,success
1778880203,search record house Harkonnen,success
1778880203,explain search record house Harkonnen,success
1778880203,stats,success
1778880852,create type house 6 1 name str origin str leader str military_strength int wealth int spice_production int,failure
1778880852,create record house Atreides Caladan Duke 8000 5000 150,failure
1778880852,create record house Harkonnen GiediPrime Baron 12000 3000 200,failure
1778880852,create record house Corrino Kaitain Emperor 15000 10000 50,success
1778880852,search record house Atreides,success
1778880852,delete record house Corrino,success
1778880852,search record house Corrino,failure
1778880852,range_search house wealth 4000 9000,success
1778880852,search record house Harkonnen,success
1778880852,explain search record house Harkonnen,success
1778880852,stats,success
1778880987,create type house 6 1 name str origin str leader str military_strength int wealth int spice_production int,failure
1778880987,create record house Atreides Caladan Duke 8000 5000 150,failure
1778880987,create record house Harkonnen GiediPrime Baron 12000 3000 200,failure
1778880987,create record house Corrino Kaitain Emperor 15000 10000 50,success
1778880987,search record house Atreides,success
1778880987,delete record house Corrino,success
1778880987,search record house Corrino,failure
1778880987,range_search house wealth 4000 9000,success
1778880987,search record house Harkonnen,success
1778880987,explain search record house Harkonnen,success
1778880987,stats,success
1778880999,create type house 6 1 name str origin str leader str military_strength int wealth int spice_production int,failure
1778880999,create record house Atreides Caladan Duke 8000 5000 150,failure
1778880999,create record house Harkonnen GiediPrime Baron 12000 3000 200,failure
1778880999,create record house Corrino Kaitain Emperor 15000 10000 50,success
1778880999,search record house Atreides,success
1778880999,delete record house Corrino,success
1778880999,search record house Corrino,failure
1778880999,range_search house wealth 4000 9000,success
1778880999,search record house Harkonnen,success
1778880999,explain search record house Harkonnen,success
1778880999,stats,success
1778881803,create type thing 6 1 id int name str score int city str age int note str,success
1778881803,create record thing 43 4JSnE 84259 iiUHUAK 47447 9iEU1,success
1778881803,create record thing 42 MXAdx 61348 pI6Qh2UV 44587 sjaS,success
1778881803,create record thing 92 qFl41sNLj 99943 HWGau 2552 52Zt,success
1778881803,create record thing 10 oJeT 9071 HhO6kGL75U 90422 SyPx3,success
1778881803,create record thing 66 hnuKone 82719 o41e 31195 Pni6JD,success
1778881803,create record thing 51 DzfOvz1dOO 7944 TXglHil 60637 2eY1g,success
1778881803,create record thing 2 9Z850kEny 7685 x9qWC 55444 79ISjs8JH,success
1778881803,create record thing 71 tdD5GdF0e 8907 1z6JJcfOJ 41467 mSoyPs,success
1778881803,create record thing 16 56aMIg 70468 Fivep 37353 BHs8Y,success
1778881803,create record thing 79 aYsP6ihg 72512 qLSmN 34600 E40fAraV,success
1778881803,create record thing 74 8kBRIg6Qj 4722 wIAcw58cwQ 87416 vI28,success
1778881803,create record thing 11 j518Y2bTu 53964 PTpjRxcDm4 45830 Y2nOyr,success
1778881803,create record thing 56 7rNy 70282 6h8l7q 14208 ATtLFxJp,success
1778881803,create record thing 57 BGYQ6TmA6 43279 t0Sstzys 16683 A6P3M,success
1778881803,create record thing 73 zZsnWL 42237 BPFX7TO 37196 PMf7otYj,success
1778881803,create record thing 46 pD0e 54321 JSxyjQ312 55724 k7Gdp,success
1778881803,create record thing 49 hiCGItUBY3 55933 4Bj1BU0rWE 31358 BSou3e,success
1778881803,create record thing 93 oRRdz 71121 zmA4KR1 75456 D6sy3ZH,success
1778881803,create record thing 77 HLnnBbuQz 21632 ChMbyIbNiC 6590 xnuVxU,success
1778881803,create record thing 38 AZDUd7ne7c 4067 mbjhP 73920 CpwL7,success
1778881803,create record thing 31 hY7gbtP7y 93718 eQMgV 89687 XXJcHPeO,success
1778881803,create record thing 22 0Yg7 83307 CjkGOM5WCZ 77656 tp5rBU,success
1778881803,create record thing 33 Lxb0lnXv 78139 2IGlozIoD 93302 BbszpPw,success
1778881803,create record thing 97 GAUuRqph 25242 hHVlnE 94972 8Grgmola,success
1778881803,create record thing 81 hcds6NUg 1607 rDv7p1he 64454 JQjY,success
1778881803,create record thing 50 fpIzKM 68494 BB19sML 97004 6mnO,success
1778881803,create record thing 84 oIjzQ 61592 crr1eo 34675 XKXmhnjqid,success
1778881803,create record thing 27 tUJrhQR6FE 10543 cAtpf7ZJ 2719 PqcUDO4lKN,success
1778881803,create record thing 88 8Dztgjz 64942 PyVcfp 15194 zF9OHzlwUM,success
1778881803,create record thing 34 dqir2EbNXS 40730 azn0h6Oj 93926 FqZ8pI,success
1778881803,create record thing 9 lLUieV0 44548 FYrsK9EjHv 72340 HCtlRJoWcU,success
1778881803,create record thing 48 4x9XOj7h7 43515 g0g4ai18eW 34737 MyeuPH,success
1778881803,create record thing 60 M3EHMo 89705 9UAgN2 58153 R4cXs,success
1778881803,create record thing 64 ApzQlk 79887 xQEKoNCP3C 37700 He69s7QCs,success
1778881803,create record thing 75 0gxwsRb 86275 rJQUdLE 37512 XLvNMQSOZM,success
1778881803,create record thing 45 OtBJTfsUk 17322 H8G4ZpZDYU 44396 h7i71S87Xw,success
1778881803,create record thing 99 yqhwUqxNxP 61797 M6uL 84889 NCRO,success
1778881803,create record thing 53 i6sE 12739 3iCPU 70804 KT2OZM6,success
1778881803,create record thing 86 cwB61g 89873 H8wylh 59600 PNLb,success
1778881803,create record thing 13 u9WmZIKYoW 78116 r99H 22871 ObaW,success
1778881803,create record thing 37 KaqhA 14896 dBwKCnMT4 86363 sNb90AgS,success
1778881803,create record thing 24 efLerNH 42622 9GCLgR0 85316 I1A3zZyTtt,success
1778881803,create record thing 40 xj5eZf 12656 TYIKIuhvP 98341 1S8LvJn,success
1778881803,create record thing 41 D0vIhroAI 81490 PILOQbqV 44541 a1JyiN,success
1778881803,create record thing 19 fGxC 20631 tu6K2j 98885 dfBALznF,success
1778881803,create record thing 67 ArQEPc 51807 dm6VVrhE 56446 iHoIP,success
1778881803,create record thing 62 e1cb51 75465 JRzhbuX 81018 Z5f0pKG,success
1778881803,create record thing 61 1UnWeNG 25415 vTYYojmLVO 23218 MCIJQ2N9u8,success
1778881803,create record thing 8 jeBsrd 66497 tCdZ 10057 11MFCIX3B,success
1778881803,create record thing 35 JlLF7BYZ8f 84689 cR9GL 47696 4yWQdN,success
1778881803,create record thing 100 efQrSO 78997 jfP4tOPhRf 73259 NuhR694,success
1778881803,create record thing 47 OAww 23627 vVl9j 38770 WFHTGP2MLj,success
1778881803,create record thing 3 ZVYkB 53852 PoBrUB 69993 tYDZw,success
1778881803,create record thing 52 9CrxG7YX 18140 pN2Ig00rVq 67286 Zf4Y2,success
1778881803,create record thing 17 zyxx 10696 ntgSuj 5020 4DZVDM,success
1778881803,create record thing 39 bnj6 79807 AWohoNMd 65513 HNJSsavJ,success
1778881803,create record thing 59 Pf8eG 66496 9IyDN8pbWv 96068 MVTucHYkW,success
1778881803,create record thing 69 8DliS6c 26422 X2tt 52196 HpUlwW1uhw,success
1778881803,create record thing 23 U3x8EE5 68062 XTeLYH 42101 eOtL,success
1778881803,create record thing 63 kBBT4MA 83816 6eNwXQ7iLW 4561 eWwxJ,success
1778881803,create record thing 25 jBwBeiwt 36528 7blG4 15435 WRnLR9,success
1778881803,create record thing 6 h0C3B 11506 Q0tveH30S5 83584 XFhmi,success
1778881803,create record thing 7 EwJC8i2eyS 62739 zzJhteCG 16821 WNl7A4dhjk,success
1778881803,create record thing 68 5n6Gre 25729 7rMMfNKKk 81851 3u5c1f6Vq,success
1778881803,create record thing 83 VzNEM 37967 7DXQsedBE 26741 LtST18,success
1778881803,create record thing 20 VFgoh 58929 id61z 20932 uJtVEFEtb6,success
1778881803,create record thing 80 CoKdrL0P 37453 agiqwzcd 73638 wrxBI,success
1778881803,create record thing 44 9Qh8yXv6Um 66731 FciuDCL 67568 uMk9T,success
1778881803,create record thing 91 KFFEID 2180 ugzt32 82478 LqO8,success
1778881803,create record thing 21 JSKkMM0j 89224 b6gbt 19848 QzW52Td,success
1778881803,create record thing 1 GI9Dx 22699 4vvVSNQ 79963 lpIn8sr,success
1778881803,create record thing 96 QEDI5 94589 rJH3yv 19198 c7e5OU,success
1778881803,create record thing 58 mH5Ri 80698 KpPGNdzSg 18018 78jO,success
1778881803,create record thing 94 Dm7tO4f 75252 HS64k 23040 9yE6,success
1778881803,create record thing 54 52aJg8r9HE 17589 FqYuTOSaus 88395 lLNzAuyf8D,success
1778881803,create record thing 90 axBqu 76344 JqwoPCjQ5 92216 th4sMnijUL,success
1778881803,create record thing 26 R4UXZVQ 78094 WGGw4gZ3mH 21566 0BQSE3,success
1778881803,create record thing 72 YCFCdCY 94801 yYUJ 5936 vd95e5b,success
1778881803,create record thing 85 liNT7x3 58790 4xe72i1h9y 16691 8ZU8CSAxo,success
1778881803,create record thing 78 vr6SgYz 2050 mgcLR 6380 Tyon1,success
1778881803,create record thing 65 i9o4 75511 JVYo29 68321 zrIKT,success
1778881803,create record thing 30 MAE86 87994 WtzjxUD 29536 1iCdzz,success
1778881803,create record thing 28 ipmO50fS 24966 qPL2 24662 VSID1u7a67,success
1778881803,create record thing 89 UU4R 92244 yotrC 85029 tw2CXS,success
1778881803,create record thing 98 04wzInjq5J 54732 juxZEO 89764 pY7NEk,success
1778881803,create record thing 5 viHl397G0e 87584 Vz0o 92690 aFxMP,success
1778881803,create record thing 55 4OaGzbSH 37576 FRA6 23496 4GoM,success
1778881803,create record thing 76 YqyxzJ 91388 sZe9O 4152 zxDN,success
1778881803,create record thing 12 kEAWJ1fGc 27710 QJq5QrHOl0 2052 KUSye,success
1778881803,create record thing 70 IJ0PH 50311 TXQeUvgoeL 80460 yVbq9Ew6,success
1778881803,create record thing 87 lKxVspe 35123 xWjyw 11995 6BVg,success
1778881803,create record thing 14 lBIz 3442 vfLu 50493 syf3,success
1778881803,create record thing 18 Jkxis 64634 dAAEe 32990 SEMCi,success
1778881803,create record thing 29 6uMX 43193 uY18it6 26326 t78sREJ,success
1778881803,create record thing 32 urWw5 26188 9lVbT6mX 90811 YXzE,success
1778881803,create record thing 36 spjAxBLKH 90663 HXw3HNf 32536 PkLINO7uX,success
1778881803,create record thing 95 aqFG 76089 JByVKFvbg 54522 h6it,success
1778881803,create record thing 4 WGvgSCe 5856 SbvgX5TFIu 55885 ozlNAbM,success
1778881803,create record thing 15 BAanr 92243 XJXHwmhPE7 41078 yyhvCkPX,success
1778881803,create record thing 82 KPtohxiy 78174 JAEH4 22706 krl0M17E,success
1778881803,range_search thing score 25575 32865,success
1778881803,range_search thing score 73607 82888,success
1778881803,range_search thing score 85599 94708,success
1778881803,range_search thing score 53626 62682,success
1778881803,range_search thing score 54477 62749,success
1778881803,range_search thing score 64054 67794,success
1778881803,range_search thing score 10835 12340,success
1778881803,range_search thing score 28905 34690,success
1778881803,range_search thing score 4285 9788,success
1778881803,range_search thing score 29470 39278,success
1778881803,stats,success
1778881904,create type thing 6 1 id int name str score int city str age int note str,failure
1778881904,create record thing 43 4JSnE 84259 iiUHUAK 47447 9iEU1,failure
1778881904,create record thing 42 MXAdx 61348 pI6Qh2UV 44587 sjaS,failure
1778881904,create record thing 92 qFl41sNLj 99943 HWGau 2552 52Zt,failure
1778881904,create record thing 10 oJeT 9071 HhO6kGL75U 90422 SyPx3,failure
1778881904,create record thing 66 hnuKone 82719 o41e 31195 Pni6JD,failure
1778881904,create record thing 51 DzfOvz1dOO 7944 TXglHil 60637 2eY1g,failure
1778881904,create record thing 2 9Z850kEny 7685 x9qWC 55444 79ISjs8JH,failure
1778881904,create record thing 71 tdD5GdF0e 8907 1z6JJcfOJ 41467 mSoyPs,failure
1778881904,create record thing 16 56aMIg 70468 Fivep 37353 BHs8Y,failure
1778881904,create record thing 79 aYsP6ihg 72512 qLSmN 34600 E40fAraV,failure
1778881904,create record thing 74 8kBRIg6Qj 4722 wIAcw58cwQ 87416 vI28,failure
1778881904,create record thing 11 j518Y2bTu 53964 PTpjRxcDm4 45830 Y2nOyr,failure
1778881904,create record thing 56 7rNy 70282 6h8l7q 14208 ATtLFxJp,failure
1778881904,create record thing 57 BGYQ6TmA6 43279 t0Sstzys 16683 A6P3M,failure
1778881904,create record thing 73 zZsnWL 42237 BPFX7TO 37196 PMf7otYj,failure
1778881904,create record thing 46 pD0e 54321 JSxyjQ312 55724 k7Gdp,failure
1778881904,create record thing 49 hiCGItUBY3 55933 4Bj1BU0rWE 31358 BSou3e,failure
1778881904,create record thing 93 oRRdz 71121 zmA4KR1 75456 D6sy3ZH,failure
1778881904,create record thing 77 HLnnBbuQz 21632 ChMbyIbNiC 6590 xnuVxU,failure
1778881904,create record thing 38 AZDUd7ne7c 4067 mbjhP 73920 CpwL7,failure
1778881904,create record thing 31 hY7gbtP7y 93718 eQMgV 89687 XXJcHPeO,failure
1778881904,create record thing 22 0Yg7 83307 CjkGOM5WCZ 77656 tp5rBU,failure
1778881904,create record thing 33 Lxb0lnXv 78139 2IGlozIoD 93302 BbszpPw,failure
1778881904,create record thing 97 GAUuRqph 25242 hHVlnE 94972 8Grgmola,failure
1778881904,create record thing 81 hcds6NUg 1607 rDv7p1he 64454 JQjY,failure
1778881904,create record thing 50 fpIzKM 68494 BB19sML 97004 6mnO,failure
1778881904,create record thing 84 oIjzQ 61592 crr1eo 34675 XKXmhnjqid,failure
1778881904,create record thing 27 tUJrhQR6FE 10543 cAtpf7ZJ 2719 PqcUDO4lKN,failure
1778881904,create record thing 88 8Dztgjz 64942 PyVcfp 15194 zF9OHzlwUM,failure
1778881904,create record thing 34 dqir2EbNXS 40730 azn0h6Oj 93926 FqZ8pI,failure
1778881904,create record thing 9 lLUieV0 44548 FYrsK9EjHv 72340 HCtlRJoWcU,failure
1778881904,create record thing 48 4x9XOj7h7 43515 g0g4ai18eW 34737 MyeuPH,failure
1778881904,create record thing 60 M3EHMo 89705 9UAgN2 58153 R4cXs,failure
1778881904,create record thing 64 ApzQlk 79887 xQEKoNCP3C 37700 He69s7QCs,failure
1778881904,create record thing 75 0gxwsRb 86275 rJQUdLE 37512 XLvNMQSOZM,failure
1778881904,create record thing 45 OtBJTfsUk 17322 H8G4ZpZDYU 44396 h7i71S87Xw,failure
1778881904,create record thing 99 yqhwUqxNxP 61797 M6uL 84889 NCRO,failure
1778881904,create record thing 53 i6sE 12739 3iCPU 70804 KT2OZM6,failure
1778881904,create record thing 86 cwB61g 89873 H8wylh 59600 PNLb,failure
1778881904,create record thing 13 u9WmZIKYoW 78116 r99H 22871 ObaW,failure
1778881904,create record thing 37 KaqhA 14896 dBwKCnMT4 86363 sNb90AgS,failure
1778881904,create record thing 24 efLerNH 42622 9GCLgR0 85316 I1A3zZyTtt,failure
1778881904,create record thing 40 xj5eZf 12656 TYIKIuhvP 98341 1S8LvJn,failure
1778881904,create record thing 41 D0vIhroAI 81490 PILOQbqV 44541 a1JyiN,failure
1778881904,create record thing 19 fGxC 20631 tu6K2j 98885 dfBALznF,failure
1778881904,create record thing 67 ArQEPc 51807 dm6VVrhE 56446 iHoIP,failure
1778881904,create record thing 62 e1cb51 75465 JRzhbuX 81018 Z5f0pKG,failure
1778881904,create record thing 61 1UnWeNG 25415 vTYYojmLVO 23218 MCIJQ2N9u8,failure
1778881904,create record thing 8 jeBsrd 66497 tCdZ 10057 11MFCIX3B,failure
1778881904,create record thing 35 JlLF7BYZ8f 84689 cR9GL 47696 4yWQdN,failure
1778881904,create record thing 100 efQrSO 78997 jfP4tOPhRf 73259 NuhR694,failure
1778881904,create record thing 47 OAww 23627 vVl9j 38770 WFHTGP2MLj,failure
1778881904,create record thing 3 ZVYkB 53852 PoBrUB 69993 tYDZw,failure
1778881904,create record thing 52 9CrxG7YX 18140 pN2Ig00rVq 67286 Zf4Y2,failure
1778881904,create record thing 17 zyxx 10696 ntgSuj 5020 4DZVDM,failure
1778881904,create record thing 39 bnj6 79807 AWohoNMd 65513 HNJSsavJ,failure
1778881904,create record thing 59 Pf8eG 66496 9IyDN8pbWv 96068 MVTucHYkW,failure
1778881904,create record thing 69 8DliS6c 26422 X2tt 52196 HpUlwW1uhw,failure
1778881904,create record thing 23 U3x8EE5 68062 XTeLYH 42101 eOtL,failure
1778881904,create record thing 63 kBBT4MA 83816 6eNwXQ7iLW 4561 eWwxJ,failure
1778881904,create record thing 25 jBwBeiwt 36528 7blG4 15435 WRnLR9,failure
1778881904,create record thing 6 h0C3B 11506 Q0tveH30S5 83584 XFhmi,failure
1778881904,create record thing 7 EwJC8i2eyS 62739 zzJhteCG 16821 WNl7A4dhjk,failure
1778881904,create record thing 68 5n6Gre 25729 7rMMfNKKk 81851 3u5c1f6Vq,failure
1778881904,create record thing 83 VzNEM 37967 7DXQsedBE 26741 LtST18,failure
1778881904,create record thing 20 VFgoh 58929 id61z 20932 uJtVEFEtb6,failure
1778881904,create record thing 80 CoKdrL0P 37453 agiqwzcd 73638 wrxBI,failure
1778881904,create record thing 44 9Qh8yXv6Um 66731 FciuDCL 67568 uMk9T,failure
1778881904,create record thing 91 KFFEID 2180 ugzt32 82478 LqO8,failure
1778881904,create record thing 21 JSKkMM0j 89224 b6gbt 19848 QzW52Td,failure
1778881904,create record thing 1 GI9Dx 22699 4vvVSNQ 79963 lpIn8sr,failure
1778881904,create record thing 96 QEDI5 94589 rJH3yv 19198 c7e5OU,failure
1778881904,create record thing 58 mH5Ri 80698 KpPGNdzSg 18018 78jO,failure
1778881904,create record thing 94 Dm7tO4f 75252 HS64k 23040 9yE6,failure
1778881904,create record thing 54 52aJg8r9HE 17589 FqYuTOSaus 88395 lLNzAuyf8D,failure
1778881904,create record thing 90 axBqu 76344 JqwoPCjQ5 92216 th4sMnijUL,failure
1778881904,create record thing 26 R4UXZVQ 78094 WGGw4gZ3mH 21566 0BQSE3,failure
1778881904,create record thing 72 YCFCdCY 94801 yYUJ 5936 vd95e5b,failure
1778881904,create record thing 85 liNT7x3 58790 4xe72i1h9y 16691 8ZU8CSAxo,failure
1778881904,create record thing 78 vr6SgYz 2050 mgcLR 6380 Tyon1,failure
1778881904,create record thing 65 i9o4 75511 JVYo29 68321 zrIKT,failure
1778881904,create record thing 30 MAE86 87994 WtzjxUD 29536 1iCdzz,failure
1778881904,create record thing 28 ipmO50fS 24966 qPL2 24662 VSID1u7a67,failure
1778881904,create record thing 89 UU4R 92244 yotrC 85029 tw2CXS,failure
1778881904,create record thing 98 04wzInjq5J 54732 juxZEO 89764 pY7NEk,failure
1778881904,create record thing 5 viHl397G0e 87584 Vz0o 92690 aFxMP,failure
1778881904,create record thing 55 4OaGzbSH 37576 FRA6 23496 4GoM,failure
1778881904,create record thing 76 YqyxzJ 91388 sZe9O 4152 zxDN,failure
1778881904,create record thing 12 kEAWJ1fGc 27710 QJq5QrHOl0 2052 KUSye,failure
1778881904,create record thing 70 IJ0PH 50311 TXQeUvgoeL 80460 yVbq9Ew6,failure
1778881904,create record thing 87 lKxVspe 35123 xWjyw 11995 6BVg,failure
1778881904,create record thing 14 lBIz 3442 vfLu 50493 syf3,failure
1778881904,create record thing 18 Jkxis 64634 dAAEe 32990 SEMCi,failure
1778881904,create record thing 29 6uMX 43193 uY18it6 26326 t78sREJ,failure
1778881904,create record thing 32 urWw5 26188 9lVbT6mX 90811 YXzE,failure
1778881904,create record thing 36 spjAxBLKH 90663 HXw3HNf 32536 PkLINO7uX,failure
1778881904,create record thing 95 aqFG 76089 JByVKFvbg 54522 h6it,failure
1778881904,create record thing 4 WGvgSCe 5856 SbvgX5TFIu 55885 ozlNAbM,failure
1778881904,create record thing 15 BAanr 92243 XJXHwmhPE7 41078 yyhvCkPX,failure
1778881904,create record thing 82 KPtohxiy 78174 JAEH4 22706 krl0M17E,failure
1778881904,range_search thing score 25575 32865,success
1778881904,range_search thing score 73607 82888,success
1778881904,range_search thing score 85599 94708,success
1778881904,range_search thing score 53626 62682,success
1778881904,range_search thing score 54477 62749,success
1778881904,range_search thing score 64054 67794,success
1778881904,range_search thing score 10835 12340,success
1778881904,range_search thing score 28905 34690,success
1778881904,range_search thing score 4285 9788,success
1778881904,range_search thing score 29470 39278,success
1778881904,stats,success
1778882106,create type thing 6 1 id int name str score int city str age int note str,success
1778882106,create record thing 43 4JSnE 84259 iiUHUAK 47447 9iEU1,success
1778882106,create record thing 42 MXAdx 61348 pI6Qh2UV 44587 sjaS,success
1778882106,create record thing 92 qFl41sNLj 99943 HWGau 2552 52Zt,success
1778882106,create record thing 10 oJeT 9071 HhO6kGL75U 90422 SyPx3,success
1778882106,create record thing 66 hnuKone 82719 o41e 31195 Pni6JD,success
1778882106,create record thing 51 DzfOvz1dOO 7944 TXglHil 60637 2eY1g,success
1778882106,create record thing 2 9Z850kEny 7685 x9qWC 55444 79ISjs8JH,success
1778882106,create record thing 71 tdD5GdF0e 8907 1z6JJcfOJ 41467 mSoyPs,success
1778882106,create record thing 16 56aMIg 70468 Fivep 37353 BHs8Y,success
1778882106,create record thing 79 aYsP6ihg 72512 qLSmN 34600 E40fAraV,success
1778882106,create record thing 74 8kBRIg6Qj 4722 wIAcw58cwQ 87416 vI28,success
1778882106,create record thing 11 j518Y2bTu 53964 PTpjRxcDm4 45830 Y2nOyr,success
1778882106,create record thing 56 7rNy 70282 6h8l7q 14208 ATtLFxJp,success
1778882106,create record thing 57 BGYQ6TmA6 43279 t0Sstzys 16683 A6P3M,success
1778882106,create record thing 73 zZsnWL 42237 BPFX7TO 37196 PMf7otYj,success
1778882106,create record thing 46 pD0e 54321 JSxyjQ312 55724 k7Gdp,success
1778882106,create record thing 49 hiCGItUBY3 55933 4Bj1BU0rWE 31358 BSou3e,success
1778882106,create record thing 93 oRRdz 71121 zmA4KR1 75456 D6sy3ZH,success
1778882106,create record thing 77 HLnnBbuQz 21632 ChMbyIbNiC 6590 xnuVxU,success
1778882106,create record thing 38 AZDUd7ne7c 4067 mbjhP 73920 CpwL7,success
1778882106,create record thing 31 hY7gbtP7y 93718 eQMgV 89687 XXJcHPeO,success
1778882106,create record thing 22 0Yg7 83307 CjkGOM5WCZ 77656 tp5rBU,success
1778882106,create record thing 33 Lxb0lnXv 78139 2IGlozIoD 93302 BbszpPw,success
1778882106,create record thing 97 GAUuRqph 25242 hHVlnE 94972 8Grgmola,success
1778882106,create record thing 81 hcds6NUg 1607 rDv7p1he 64454 JQjY,success
1778882106,create record thing 50 fpIzKM 68494 BB19sML 97004 6mnO,success
1778882106,create record thing 84 oIjzQ 61592 crr1eo 34675 XKXmhnjqid,success
1778882106,create record thing 27 tUJrhQR6FE 10543 cAtpf7ZJ 2719 PqcUDO4lKN,success
1778882106,create record thing 88 8Dztgjz 64942 PyVcfp 15194 zF9OHzlwUM,success
1778882106,create record thing 34 dqir2EbNXS 40730 azn0h6Oj 93926 FqZ8pI,success
1778882106,create record thing 9 lLUieV0 44548 FYrsK9EjHv 72340 HCtlRJoWcU,success
1778882106,create record thing 48 4x9XOj7h7 43515 g0g4ai18eW 34737 MyeuPH,success
1778882106,create record thing 60 M3EHMo 89705 9UAgN2 58153 R4cXs,success
1778882106,create record thing 64 ApzQlk 79887 xQEKoNCP3C 37700 He69s7QCs,success
1778882106,create record thing 75 0gxwsRb 86275 rJQUdLE 37512 XLvNMQSOZM,success
1778882106,create record thing 45 OtBJTfsUk 17322 H8G4ZpZDYU 44396 h7i71S87Xw,success
1778882106,create record thing 99 yqhwUqxNxP 61797 M6uL 84889 NCRO,success
1778882106,create record thing 53 i6sE 12739 3iCPU 70804 KT2OZM6,success
1778882106,create record thing 86 cwB61g 89873 H8wylh 59600 PNLb,success
1778882106,create record thing 13 u9WmZIKYoW 78116 r99H 22871 ObaW,success
1778882106,create record thing 37 KaqhA 14896 dBwKCnMT4 86363 sNb90AgS,success
1778882106,create record thing 24 efLerNH 42622 9GCLgR0 85316 I1A3zZyTtt,success
1778882106,create record thing 40 xj5eZf 12656 TYIKIuhvP 98341 1S8LvJn,success
1778882106,create record thing 41 D0vIhroAI 81490 PILOQbqV 44541 a1JyiN,success
1778882106,create record thing 19 fGxC 20631 tu6K2j 98885 dfBALznF,success
1778882106,create record thing 67 ArQEPc 51807 dm6VVrhE 56446 iHoIP,success
1778882106,create record thing 62 e1cb51 75465 JRzhbuX 81018 Z5f0pKG,success
1778882106,create record thing 61 1UnWeNG 25415 vTYYojmLVO 23218 MCIJQ2N9u8,success
1778882106,create record thing 8 jeBsrd 66497 tCdZ 10057 11MFCIX3B,success
1778882106,create record thing 35 JlLF7BYZ8f 84689 cR9GL 47696 4yWQdN,success
1778882106,create record thing 100 efQrSO 78997 jfP4tOPhRf 73259 NuhR694,success
1778882106,create record thing 47 OAww 23627 vVl9j 38770 WFHTGP2MLj,success
1778882106,create record thing 3 ZVYkB 53852 PoBrUB 69993 tYDZw,success
1778882106,create record thing 52 9CrxG7YX 18140 pN2Ig00rVq 67286 Zf4Y2,success
1778882106,create record thing 17 zyxx 10696 ntgSuj 5020 4DZVDM,success
1778882106,create record thing 39 bnj6 79807 AWohoNMd 65513 HNJSsavJ,success
1778882106,create record thing 59 Pf8eG 66496 9IyDN8pbWv 96068 MVTucHYkW,success
1778882106,create record thing 69 8DliS6c 26422 X2tt 52196 HpUlwW1uhw,success
1778882106,create record thing 23 U3x8EE5 68062 XTeLYH 42101 eOtL,success
1778882106,create record thing 63 kBBT4MA 83816 6eNwXQ7iLW 4561 eWwxJ,success
1778882106,create record thing 25 jBwBeiwt 36528 7blG4 15435 WRnLR9,success
1778882106,create record thing 6 h0C3B 11506 Q0tveH30S5 83584 XFhmi,success
1778882106,create record thing 7 EwJC8i2eyS 62739 zzJhteCG 16821 WNl7A4dhjk,success
1778882106,create record thing 68 5n6Gre 25729 7rMMfNKKk 81851 3u5c1f6Vq,success
1778882106,create record thing 83 VzNEM 37967 7DXQsedBE 26741 LtST18,success
1778882106,create record thing 20 VFgoh 58929 id61z 20932 uJtVEFEtb6,success
1778882106,create record thing 80 CoKdrL0P 37453 agiqwzcd 73638 wrxBI,success
1778882106,create record thing 44 9Qh8yXv6Um 66731 FciuDCL 67568 uMk9T,success
1778882106,create record thing 91 KFFEID 2180 ugzt32 82478 LqO8,success
1778882106,create record thing 21 JSKkMM0j 89224 b6gbt 19848 QzW52Td,success
1778882106,create record thing 1 GI9Dx 22699 4vvVSNQ 79963 lpIn8sr,success
1778882106,create record thing 96 QEDI5 94589 rJH3yv 19198 c7e5OU,success
1778882106,create record thing 58 mH5Ri 80698 KpPGNdzSg 18018 78jO,success
1778882106,create record thing 94 Dm7tO4f 75252 HS64k 23040 9yE6,success
1778882106,create record thing 54 52aJg8r9HE 17589 FqYuTOSaus 88395 lLNzAuyf8D,success
1778882106,create record thing 90 axBqu 76344 JqwoPCjQ5 92216 th4sMnijUL,success
1778882106,create record thing 26 R4UXZVQ 78094 WGGw4gZ3mH 21566 0BQSE3,success
1778882106,create record thing 72 YCFCdCY 94801 yYUJ 5936 vd95e5b,success
1778882106,create record thing 85 liNT7x3 58790 4xe72i1h9y 16691 8ZU8CSAxo,success
1778882106,create record thing 78 vr6SgYz 2050 mgcLR 6380 Tyon1,success
1778882106,create record thing 65 i9o4 75511 JVYo29 68321 zrIKT,success
1778882106,create record thing 30 MAE86 87994 WtzjxUD 29536 1iCdzz,success
1778882106,create record thing 28 ipmO50fS 24966 qPL2 24662 VSID1u7a67,success
1778882106,create record thing 89 UU4R 92244 yotrC 85029 tw2CXS,success
1778882106,create record thing 98 04wzInjq5J 54732 juxZEO 89764 pY7NEk,success
1778882106,create record thing 5 viHl397G0e 87584 Vz0o 92690 aFxMP,success
1778882106,create record thing 55 4OaGzbSH 37576 FRA6 23496 4GoM,success
1778882106,create record thing 76 YqyxzJ 91388 sZe9O 4152 zxDN,success
1778882106,create record thing 12 kEAWJ1fGc 27710 QJq5QrHOl0 2052 KUSye,success
1778882106,create record thing 70 IJ0PH 50311 TXQeUvgoeL 80460 yVbq9Ew6,success
1778882106,create record thing 87 lKxVspe 35123 xWjyw 11995 6BVg,success
1778882106,create record thing 14 lBIz 3442 vfLu 50493 syf3,success
1778882106,create record thing 18 Jkxis 64634 dAAEe 32990 SEMCi,success
1778882106,create record thing 29 6uMX 43193 uY18it6 26326 t78sREJ,success
1778882106,create record thing 32 urWw5 26188 9lVbT6mX 90811 YXzE,success
1778882106,create record thing 36 spjAxBLKH 90663 HXw3HNf 32536 PkLINO7uX,success
1778882106,create record thing 95 aqFG 76089 JByVKFvbg 54522 h6it,success
1778882106,create record thing 4 WGvgSCe 5856 SbvgX5TFIu 55885 ozlNAbM,success
1778882106,create record thing 15 BAanr 92243 XJXHwmhPE7 41078 yyhvCkPX,success
1778882106,create record thing 82 KPtohxiy 78174 JAEH4 22706 krl0M17E,success
1778882106,range_search thing score 25575 32865,success
1778882106,range_search thing score 73607 82888,success
1778882106,range_search thing score 85599 94708,success
1778882106,range_search thing score 53626 62682,success
1778882106,range_search thing score 54477 62749,success
1778882106,range_search thing score 64054 67794,success
1778882106,range_search thing score 10835 12340,success
1778882106,range_search thing score 28905 34690,success
1778882106,range_search thing score 4285 9788,success
1778882106,range_search thing score 29470 39278,success
1778882106,stats,success
1778882142,create type thing 6 1 id int name str score int city str age int note str,failure
1778882142,create record thing 43 4JSnE 84259 iiUHUAK 47447 9iEU1,failure
1778882142,create record thing 42 MXAdx 61348 pI6Qh2UV 44587 sjaS,failure
1778882142,create record thing 92 qFl41sNLj 99943 HWGau 2552 52Zt,failure
1778882142,create record thing 10 oJeT 9071 HhO6kGL75U 90422 SyPx3,failure
1778882142,create record thing 66 hnuKone 82719 o41e 31195 Pni6JD,failure
1778882142,create record thing 51 DzfOvz1dOO 7944 TXglHil 60637 2eY1g,failure
1778882142,create record thing 2 9Z850kEny 7685 x9qWC 55444 79ISjs8JH,failure
1778882142,create record thing 71 tdD5GdF0e 8907 1z6JJcfOJ 41467 mSoyPs,failure
1778882142,create record thing 16 56aMIg 70468 Fivep 37353 BHs8Y,failure
1778882142,create record thing 79 aYsP6ihg 72512 qLSmN 34600 E40fAraV,failure
1778882142,create record thing 74 8kBRIg6Qj 4722 wIAcw58cwQ 87416 vI28,failure
1778882142,create record thing 11 j518Y2bTu 53964 PTpjRxcDm4 45830 Y2nOyr,failure
1778882142,create record thing 56 7rNy 70282 6h8l7q 14208 ATtLFxJp,failure
1778882142,create record thing 57 BGYQ6TmA6 43279 t0Sstzys 16683 A6P3M,failure
1778882142,create record thing 73 zZsnWL 42237 BPFX7TO 37196 PMf7otYj,failure
1778882142,create record thing 46 pD0e 54321 JSxyjQ312 55724 k7Gdp,failure
1778882142,create record thing 49 hiCGItUBY3 55933 4Bj1BU0rWE 31358 BSou3e,failure
1778882142,create record thing 93 oRRdz 71121 zmA4KR1 75456 D6sy3ZH,failure
1778882142,create record thing 77 HLnnBbuQz 21632 ChMbyIbNiC 6590 xnuVxU,failure
1778882142,create record thing 38 AZDUd7ne7c 4067 mbjhP 73920 CpwL7,failure
1778882142,create record thing 31 hY7gbtP7y 93718 eQMgV 89687 XXJcHPeO,failure
1778882142,create record thing 22 0Yg7 83307 CjkGOM5WCZ 77656 tp5rBU,failure
1778882142,create record thing 33 Lxb0lnXv 78139 2IGlozIoD 93302 BbszpPw,failure
1778882142,create record thing 97 GAUuRqph 25242 hHVlnE 94972 8Grgmola,failure
1778882142,create record thing 81 hcds6NUg 1607 rDv7p1he 64454 JQjY,failure
1778882142,create record thing 50 fpIzKM 68494 BB19sML 97004 6mnO,failure
1778882142,create record thing 84 oIjzQ 61592 crr1eo 34675 XKXmhnjqid,failure
1778882142,create record thing 27 tUJrhQR6FE 10543 cAtpf7ZJ 2719 PqcUDO4lKN,failure
1778882142,create record thing 88 8Dztgjz 64942 PyVcfp 15194 zF9OHzlwUM,failure
1778882142,create record thing 34 dqir2EbNXS 40730 azn0h6Oj 93926 FqZ8pI,failure
1778882142,create record thing 9 lLUieV0 44548 FYrsK9EjHv 72340 HCtlRJoWcU,failure
1778882142,create record thing 48 4x9XOj7h7 43515 g0g4ai18eW 34737 MyeuPH,failure
1778882142,create record thing 60 M3EHMo 89705 9UAgN2 58153 R4cXs,failure
1778882142,create record thing 64 ApzQlk 79887 xQEKoNCP3C 37700 He69s7QCs,failure
1778882142,create record thing 75 0gxwsRb 86275 rJQUdLE 37512 XLvNMQSOZM,failure
1778882142,create record thing 45 OtBJTfsUk 17322 H8G4ZpZDYU 44396 h7i71S87Xw,failure
1778882142,create record thing 99 yqhwUqxNxP 61797 M6uL 84889 NCRO,failure
1778882142,create record thing 53 i6sE 12739 3iCPU 70804 KT2OZM6,failure
1778882142,create record thing 86 cwB61g 89873 H8wylh 59600 PNLb,failure
1778882142,create record thing 13 u9WmZIKYoW 78116 r99H 22871 ObaW,failure
1778882142,create record thing 37 KaqhA 14896 dBwKCnMT4 86363 sNb90AgS,failure
1778882142,create record thing 24 efLerNH 42622 9GCLgR0 85316 I1A3zZyTtt,failure
1778882142,create record thing 40 xj5eZf 12656 TYIKIuhvP 98341 1S8LvJn,failure
1778882142,create record thing 41 D0vIhroAI 81490 PILOQbqV 44541 a1JyiN,failure
1778882142,create record thing 19 fGxC 20631 tu6K2j 98885 dfBALznF,failure
1778882142,create record thing 67 ArQEPc 51807 dm6VVrhE 56446 iHoIP,failure
1778882142,create record thing 62 e1cb51 75465 JRzhbuX 81018 Z5f0pKG,failure
1778882142,create record thing 61 1UnWeNG 25415 vTYYojmLVO 23218 MCIJQ2N9u8,failure
1778882142,create record thing 8 jeBsrd 66497 tCdZ 10057 11MFCIX3B,failure
1778882142,create record thing 35 JlLF7BYZ8f 84689 cR9GL 47696 4yWQdN,failure
1778882142,create record thing 100 efQrSO 78997 jfP4tOPhRf 73259 NuhR694,failure
1778882142,create record thing 47 OAww 23627 vVl9j 38770 WFHTGP2MLj,failure
1778882142,create record thing 3 ZVYkB 53852 PoBrUB 69993 tYDZw,failure
1778882142,create record thing 52 9CrxG7YX 18140 pN2Ig00rVq 67286 Zf4Y2,failure
1778882142,create record thing 17 zyxx 10696 ntgSuj 5020 4DZVDM,failure
1778882142,create record thing 39 bnj6 79807 AWohoNMd 65513 HNJSsavJ,failure
1778882142,create record thing 59 Pf8eG 66496 9IyDN8pbWv 96068 MVTucHYkW,failure
1778882142,create record thing 69 8DliS6c 26422 X2tt 52196 HpUlwW1uhw,failure
1778882142,create record thing 23 U3x8EE5 68062 XTeLYH 42101 eOtL,failure
1778882142,create record thing 63 kBBT4MA 83816 6eNwXQ7iLW 4561 eWwxJ,failure
1778882142,create record thing 25 jBwBeiwt 36528 7blG4 15435 WRnLR9,failure
1778882142,create record thing 6 h0C3B 11506 Q0tveH30S5 83584 XFhmi,failure
1778882142,create record thing 7 EwJC8i2eyS 62739 zzJhteCG 16821 WNl7A4dhjk,failure
1778882142,create record thing 68 5n6Gre 25729 7rMMfNKKk 81851 3u5c1f6Vq,failure
1778882142,create record thing 83 VzNEM 37967 7DXQsedBE 26741 LtST18,failure
1778882142,create record thing 20 VFgoh 58929 id61z 20932 uJtVEFEtb6,failure
1778882142,create record thing 80 CoKdrL0P 37453 agiqwzcd 73638 wrxBI,failure
1778882142,create record thing 44 9Qh8yXv6Um 66731 FciuDCL 67568 uMk9T,failure
1778882142,create record thing 91 KFFEID 2180 ugzt32 82478 LqO8,failure
1778882142,create record thing 21 JSKkMM0j 89224 b6gbt 19848 QzW52Td,failure
1778882142,create record thing 1 GI9Dx 22699 4vvVSNQ 79963 lpIn8sr,failure
1778882142,create record thing 96 QEDI5 94589 rJH3yv 19198 c7e5OU,failure
1778882142,create record thing 58 mH5Ri 80698 KpPGNdzSg 18018 78jO,failure
1778882142,create record thing 94 Dm7tO4f 75252 HS64k 23040 9yE6,failure
1778882142,create record thing 54 52aJg8r9HE 17589 FqYuTOSaus 88395 lLNzAuyf8D,failure
1778882142,create record thing 90 axBqu 76344 JqwoPCjQ5 92216 th4sMnijUL,failure
1778882142,create record thing 26 R4UXZVQ 78094 WGGw4gZ3mH 21566 0BQSE3,failure
1778882142,create record thing 72 YCFCdCY 94801 yYUJ 5936 vd95e5b,failure
1778882142,create record thing 85 liNT7x3 58790 4xe72i1h9y 16691 8ZU8CSAxo,failure
1778882142,create record thing 78 vr6SgYz 2050 mgcLR 6380 Tyon1,failure
1778882142,create record thing 65 i9o4 75511 JVYo29 68321 zrIKT,failure
1778882142,create record thing 30 MAE86 87994 WtzjxUD 29536 1iCdzz,failure
1778882142,create record thing 28 ipmO50fS 24966 qPL2 24662 VSID1u7a67,failure
1778882142,create record thing 89 UU4R 92244 yotrC 85029 tw2CXS,failure
1778882142,create record thing 98 04wzInjq5J 54732 juxZEO 89764 pY7NEk,failure
1778882142,create record thing 5 viHl397G0e 87584 Vz0o 92690 aFxMP,failure
1778882142,create record thing 55 4OaGzbSH 37576 FRA6 23496 4GoM,failure
1778882142,create record thing 76 YqyxzJ 91388 sZe9O 4152 zxDN,failure
1778882142,create record thing 12 kEAWJ1fGc 27710 QJq5QrHOl0 2052 KUSye,failure
1778882142,create record thing 70 IJ0PH 50311 TXQeUvgoeL 80460 yVbq9Ew6,failure
1778882142,create record thing 87 lKxVspe 35123 xWjyw 11995 6BVg,failure
1778882142,create record thing 14 lBIz 3442 vfLu 50493 syf3,failure
1778882142,create record thing 18 Jkxis 64634 dAAEe 32990 SEMCi,failure
1778882142,create record thing 29 6uMX 43193 uY18it6 26326 t78sREJ,failure
1778882142,create record thing 32 urWw5 26188 9lVbT6mX 90811 YXzE,failure
1778882142,create record thing 36 spjAxBLKH 90663 HXw3HNf 32536 PkLINO7uX,failure
1778882142,create record thing 95 aqFG 76089 JByVKFvbg 54522 h6it,failure
1778882142,create record thing 4 WGvgSCe 5856 SbvgX5TFIu 55885 ozlNAbM,failure
1778882142,create record thing 15 BAanr 92243 XJXHwmhPE7 41078 yyhvCkPX,failure
1778882142,create record thing 82 KPtohxiy 78174 JAEH4 22706 krl0M17E,failure
1778882142,range_search thing score 25575 32865,success
1778882142,range_search thing score 73607 82888,success
1778882142,range_search thing score 85599 94708,success
1778882142,range_search thing score 53626 62682,success
1778882142,range_search thing score 54477 62749,success
1778882142,range_search thing score 64054 67794,success
1778882142,range_search thing score 10835 12340,success
1778882142,range_search thing score 28905 34690,success
1778882142,range_search thing score 4285 9788,success
1778882142,range_search thing score 29470 39278,success
1778882142,stats,success
1778882145,create type thing 6 1 id int name str score int city str age int note str,failure
1778882145,create record thing 43 4JSnE 84259 iiUHUAK 47447 9iEU1,failure
1778882145,create record thing 42 MXAdx 61348 pI6Qh2UV 44587 sjaS,failure
1778882145,create record thing 92 qFl41sNLj 99943 HWGau 2552 52Zt,failure
1778882145,create record thing 10 oJeT 9071 HhO6kGL75U 90422 SyPx3,failure
1778882145,create record thing 66 hnuKone 82719 o41e 31195 Pni6JD,failure
1778882145,create record thing 51 DzfOvz1dOO 7944 TXglHil 60637 2eY1g,failure
1778882145,create record thing 2 9Z850kEny 7685 x9qWC 55444 79ISjs8JH,failure
1778882145,create record thing 71 tdD5GdF0e 8907 1z6JJcfOJ 41467 mSoyPs,failure
1778882145,create record thing 16 56aMIg 70468 Fivep 37353 BHs8Y,failure
1778882145,create record thing 79 aYsP6ihg 72512 qLSmN 34600 E40fAraV,failure
1778882145,create record thing 74 8kBRIg6Qj 4722 wIAcw58cwQ 87416 vI28,failure
1778882145,create record thing 11 j518Y2bTu 53964 PTpjRxcDm4 45830 Y2nOyr,failure
1778882145,create record thing 56 7rNy 70282 6h8l7q 14208 ATtLFxJp,failure
1778882145,create record thing 57 BGYQ6TmA6 43279 t0Sstzys 16683 A6P3M,failure
1778882145,create record thing 73 zZsnWL 42237 BPFX7TO 37196 PMf7otYj,failure
1778882145,create record thing 46 pD0e 54321 JSxyjQ312 55724 k7Gdp,failure
1778882145,create record thing 49 hiCGItUBY3 55933 4Bj1BU0rWE 31358 BSou3e,failure
1778882145,create record thing 93 oRRdz 71121 zmA4KR1 75456 D6sy3ZH,failure
1778882145,create record thing 77 HLnnBbuQz 21632 ChMbyIbNiC 6590 xnuVxU,failure
1778882145,create record thing 38 AZDUd7ne7c 4067 mbjhP 73920 CpwL7,failure
1778882145,create record thing 31 hY7gbtP7y 93718 eQMgV 89687 XXJcHPeO,failure
1778882145,create record thing 22 0Yg7 83307 CjkGOM5WCZ 77656 tp5rBU,failure
1778882145,create record thing 33 Lxb0lnXv 78139 2IGlozIoD 93302 BbszpPw,failure
1778882145,create record thing 97 GAUuRqph 25242 hHVlnE 94972 8Grgmola,failure
1778882145,create record thing 81 hcds6NUg 1607 rDv7p1he 64454 JQjY,failure
1778882145,create record thing 50 fpIzKM 68494 BB19sML 97004 6mnO,failure
1778882145,create record thing 84 oIjzQ 61592 crr1eo 34675 XKXmhnjqid,failure
1778882145,create record thing 27 tUJrhQR6FE 10543 cAtpf7ZJ 2719 PqcUDO4lKN,failure
1778882145,create record thing 88 8Dztgjz 64942 PyVcfp 15194 zF9OHzlwUM,failure
1778882145,create record thing 34 dqir2EbNXS 40730 azn0h6Oj 93926 FqZ8pI,failure
1778882145,create record thing 9 lLUieV0 44548 FYrsK9EjHv 72340 HCtlRJoWcU,failure
1778882145,create record thing 48 4x9XOj7h7 43515 g0g4ai18eW 34737 MyeuPH,failure
1778882145,create record thing 60 M3EHMo 89705 9UAgN2 58153 R4cXs,failure
1778882145,create record thing 64 ApzQlk 79887 xQEKoNCP3C 37700 He69s7QCs,failure
1778882145,create record thing 75 0gxwsRb 86275 rJQUdLE 37512 XLvNMQSOZM,failure
1778882145,create record thing 45 OtBJTfsUk 17322 H8G4ZpZDYU 44396 h7i71S87Xw,failure
1778882145,create record thing 99 yqhwUqxNxP 61797 M6uL 84889 NCRO,failure
1778882145,create record thing 53 i6sE 12739 3iCPU 70804 KT2OZM6,failure
1778882145,create record thing 86 cwB61g 89873 H8wylh 59600 PNLb,failure
1778882145,create record thing 13 u9WmZIKYoW 78116 r99H 22871 ObaW,failure
1778882145,create record thing 37 KaqhA 14896 dBwKCnMT4 86363 sNb90AgS,failure
1778882145,create record thing 24 efLerNH 42622 9GCLgR0 85316 I1A3zZyTtt,failure
1778882145,create record thing 40 xj5eZf 12656 TYIKIuhvP 98341 1S8LvJn,failure
1778882145,create record thing 41 D0vIhroAI 81490 PILOQbqV 44541 a1JyiN,failure
1778882145,create record thing 19 fGxC 20631 tu6K2j 98885 dfBALznF,failure
1778882145,create record thing 67 ArQEPc 51807 dm6VVrhE 56446 iHoIP,failure
1778882145,create record thing 62 e1cb51 75465 JRzhbuX 81018 Z5f0pKG,failure
1778882145,create record thing 61 1UnWeNG 25415 vTYYojmLVO 23218 MCIJQ2N9u8,failure
1778882145,create record thing 8 jeBsrd 66497 tCdZ 10057 11MFCIX3B,failure
1778882145,create record thing 35 JlLF7BYZ8f 84689 cR9GL 47696 4yWQdN,failure
1778882145,create record thing 100 efQrSO 78997 jfP4tOPhRf 73259 NuhR694,failure
1778882145,create record thing 47 OAww 23627 vVl9j 38770 WFHTGP2MLj,failure
1778882145,create record thing 3 ZVYkB 53852 PoBrUB 69993 tYDZw,failure
1778882145,create record thing 52 9CrxG7YX 18140 pN2Ig00rVq 67286 Zf4Y2,failure
1778882145,create record thing 17 zyxx 10696 ntgSuj 5020 4DZVDM,failure
1778882145,create record thing 39 bnj6 79807 AWohoNMd 65513 HNJSsavJ,failure
1778882145,create record thing 59 Pf8eG 66496 9IyDN8pbWv 96068 MVTucHYkW,failure
1778882145,create record thing 69 8DliS6c 26422 X2tt 52196 HpUlwW1uhw,failure
1778882145,create record thing 23 U3x8EE5 68062 XTeLYH 42101 eOtL,failure
1778882145,create record thing 63 kBBT4MA 83816 6eNwXQ7iLW 4561 eWwxJ,failure
1778882145,create record thing 25 jBwBeiwt 36528 7blG4 15435 WRnLR9,failure
1778882145,create record thing 6 h0C3B 11506 Q0tveH30S5 83584 XFhmi,failure
1778882145,create record thing 7 EwJC8i2eyS 62739 zzJhteCG 16821 WNl7A4dhjk,failure
1778882145,create record thing 68 5n6Gre 25729 7rMMfNKKk 81851 3u5c1f6Vq,failure
1778882145,create record thing 83 VzNEM 37967 7DXQsedBE 26741 LtST18,failure
1778882145,create record thing 20 VFgoh 58929 id61z 20932 uJtVEFEtb6,failure
1778882145,create record thing 80 CoKdrL0P 37453 agiqwzcd 73638 wrxBI,failure
1778882145,create record thing 44 9Qh8yXv6Um 66731 FciuDCL 67568 uMk9T,failure
1778882145,create record thing 91 KFFEID 2180 ugzt32 82478 LqO8,failure
1778882145,create record thing 21 JSKkMM0j 89224 b6gbt 19848 QzW52Td,failure
1778882145,create record thing 1 GI9Dx 22699 4vvVSNQ 79963 lpIn8sr,failure
1778882145,create record thing 96 QEDI5 94589 rJH3yv 19198 c7e5OU,failure
1778882145,create record thing 58 mH5Ri 80698 KpPGNdzSg 18018 78jO,failure
1778882145,create record thing 94 Dm7tO4f 75252 HS64k 23040 9yE6,failure
1778882145,create record thing 54 52aJg8r9HE 17589 FqYuTOSaus 88395 lLNzAuyf8D,failure
1778882145,create record thing 90 axBqu 76344 JqwoPCjQ5 92216 th4sMnijUL,failure
1778882145,create record thing 26 R4UXZVQ 78094 WGGw4gZ3mH 21566 0BQSE3,failure
1778882145,create record thing 72 YCFCdCY 94801 yYUJ 5936 vd95e5b,failure
1778882145,create record thing 85 liNT7x3 58790 4xe72i1h9y 16691 8ZU8CSAxo,failure
1778882145,create record thing 78 vr6SgYz 2050 mgcLR 6380 Tyon1,failure
1778882145,create record thing 65 i9o4 75511 JVYo29 68321 zrIKT,failure
1778882145,create record thing 30 MAE86 87994 WtzjxUD 29536 1iCdzz,failure
1778882145,create record thing 28 ipmO50fS 24966 qPL2 24662 VSID1u7a67,failure
1778882145,create record thing 89 UU4R 92244 yotrC 85029 tw2CXS,failure
1778882145,create record thing 98 04wzInjq5J 54732 juxZEO 89764 pY7NEk,failure
1778882145,create record thing 5 viHl397G0e 87584 Vz0o 92690 aFxMP,failure
1778882145,create record thing 55 4OaGzbSH 37576 FRA6 23496 4GoM,failure
1778882145,create record thing 76 YqyxzJ 91388 sZe9O 4152 zxDN,failure
1778882145,create record thing 12 kEAWJ1fGc 27710 QJq5QrHOl0 2052 KUSye,failure
1778882145,create record thing 70 IJ0PH 50311 TXQeUvgoeL 80460 yVbq9Ew6,failure
1778882145,create record thing 87 lKxVspe 35123 xWjyw 11995 6BVg,failure
1778882145,create record thing 14 lBIz 3442 vfLu 50493 syf3,failure
1778882145,create record thing 18 Jkxis 64634 dAAEe 32990 SEMCi,failure
1778882145,create record thing 29 6uMX 43193 uY18it6 26326 t78sREJ,failure
1778882145,create record thing 32 urWw5 26188 9lVbT6mX 90811 YXzE,failure
1778882145,create record thing 36 spjAxBLKH 90663 HXw3HNf 32536 PkLINO7uX,failure
1778882145,create record thing 95 aqFG 76089 JByVKFvbg 54522 h6it,failure
1778882145,create record thing 4 WGvgSCe 5856 SbvgX5TFIu 55885 ozlNAbM,failure
1778882145,create record thing 15 BAanr 92243 XJXHwmhPE7 41078 yyhvCkPX,failure
1778882145,create record thing 82 KPtohxiy 78174 JAEH4 22706 krl0M17E,failure
1778882145,range_search thing score 25575 32865,success
1778882145,range_search thing score 73607 82888,success
1778882145,range_search thing score 85599 94708,success
1778882145,range_search thing score 53626 62682,success
1778882145,range_search thing score 54477 62749,success
1778882145,range_search thing score 64054 67794,success
1778882145,range_search thing score 10835 12340,success
1778882145,range_search thing score 28905 34690,success
1778882145,range_search thing score 4285 9788,success
1778882145,range_search thing score 29470 39278,success
1778882145,stats,success
1778882146,create type thing 6 1 id int name str score int city str age int note str,failure
1778882146,create record thing 43 4JSnE 84259 iiUHUAK 47447 9iEU1,failure
1778882146,create record thing 42 MXAdx 61348 pI6Qh2UV 44587 sjaS,failure
1778882146,create record thing 92 qFl41sNLj 99943 HWGau 2552 52Zt,failure
1778882146,create record thing 10 oJeT 9071 HhO6kGL75U 90422 SyPx3,failure
1778882146,create record thing 66 hnuKone 82719 o41e 31195 Pni6JD,failure
1778882146,create record thing 51 DzfOvz1dOO 7944 TXglHil 60637 2eY1g,failure
1778882146,create record thing 2 9Z850kEny 7685 x9qWC 55444 79ISjs8JH,failure
1778882146,create record thing 71 tdD5GdF0e 8907 1z6JJcfOJ 41467 mSoyPs,failure
1778882146,create record thing 16 56aMIg 70468 Fivep 37353 BHs8Y,failure
1778882146,create record thing 79 aYsP6ihg 72512 qLSmN 34600 E40fAraV,failure
1778882146,create record thing 74 8kBRIg6Qj 4722 wIAcw58cwQ 87416 vI28,failure
1778882146,create record thing 11 j518Y2bTu 53964 PTpjRxcDm4 45830 Y2nOyr,failure
1778882146,create record thing 56 7rNy 70282 6h8l7q 14208 ATtLFxJp,failure
1778882146,create record thing 57 BGYQ6TmA6 43279 t0Sstzys 16683 A6P3M,failure
1778882146,create record thing 73 zZsnWL 42237 BPFX7TO 37196 PMf7otYj,failure
1778882146,create record thing 46 pD0e 54321 JSxyjQ312 55724 k7Gdp,failure
1778882146,create record thing 49 hiCGItUBY3 55933 4Bj1BU0rWE 31358 BSou3e,failure
1778882146,create record thing 93 oRRdz 71121 zmA4KR1 75456 D6sy3ZH,failure
1778882146,create record thing 77 HLnnBbuQz 21632 ChMbyIbNiC 6590 xnuVxU,failure
1778882146,create record thing 38 AZDUd7ne7c 4067 mbjhP 73920 CpwL7,failure
1778882146,create record thing 31 hY7gbtP7y 93718 eQMgV 89687 XXJcHPeO,failure
1778882146,create record thing 22 0Yg7 83307 CjkGOM5WCZ 77656 tp5rBU,failure
1778882146,create record thing 33 Lxb0lnXv 78139 2IGlozIoD 93302 BbszpPw,failure
1778882146,create record thing 97 GAUuRqph 25242 hHVlnE 94972 8Grgmola,failure
1778882146,create record thing 81 hcds6NUg 1607 rDv7p1he 64454 JQjY,failure
1778882146,create record thing 50 fpIzKM 68494 BB19sML 97004 6mnO,failure
1778882146,create record thing 84 oIjzQ 61592 crr1eo 34675 XKXmhnjqid,failure
1778882146,create record thing 27 tUJrhQR6FE 10543 cAtpf7ZJ 2719 PqcUDO4lKN,failure
1778882146,create record thing 88 8Dztgjz 64942 PyVcfp 15194 zF9OHzlwUM,failure
1778882146,create record thing 34 dqir2EbNXS 40730 azn0h6Oj 93926 FqZ8pI,failure
1778882146,create record thing 9 lLUieV0 44548 FYrsK9EjHv 72340 HCtlRJoWcU,failure
1778882146,create record thing 48 4x9XOj7h7 43515 g0g4ai18eW 34737 MyeuPH,failure
1778882146,create record thing 60 M3EHMo 89705 9UAgN2 58153 R4cXs,failure
1778882146,create record thing 64 ApzQlk 79887 xQEKoNCP3C 37700 He69s7QCs,failure
1778882146,create record thing 75 0gxwsRb 86275 rJQUdLE 37512 XLvNMQSOZM,failure
1778882146,create record thing 45 OtBJTfsUk 17322 H8G4ZpZDYU 44396 h7i71S87Xw,failure
1778882146,create record thing 99 yqhwUqxNxP 61797 M6uL 84889 NCRO,failure
1778882146,create record thing 53 i6sE 12739 3iCPU 70804 KT2OZM6,failure
1778882146,create record thing 86 cwB61g 89873 H8wylh 59600 PNLb,failure
1778882146,create record thing 13 u9WmZIKYoW 78116 r99H 22871 ObaW,failure
1778882146,create record thing 37 KaqhA 14896 dBwKCnMT4 86363 sNb90AgS,failure
1778882146,create record thing 24 efLerNH 42622 9GCLgR0 85316 I1A3zZyTtt,failure
1778882146,create record thing 40 xj5eZf 12656 TYIKIuhvP 98341 1S8LvJn,failure
1778882146,create record thing 41 D0vIhroAI 81490 PILOQbqV 44541 a1JyiN,failure
1778882146,create record thing 19 fGxC 20631 tu6K2j 98885 dfBALznF,failure
1778882146,create record thing 67 ArQEPc 51807 dm6VVrhE 56446 iHoIP,failure
1778882146,create record thing 62 e1cb51 75465 JRzhbuX 81018 Z5f0pKG,failure
1778882146,create record thing 61 1UnWeNG 25415 vTYYojmLVO 23218 MCIJQ2N9u8,failure
1778882146,create record thing 8 jeBsrd 66497 tCdZ 10057 11MFCIX3B,failure
1778882146,create record thing 35 JlLF7BYZ8f 84689 cR9GL 47696 4yWQdN,failure
1778882146,create record thing 100 efQrSO 78997 jfP4tOPhRf 73259 NuhR694,failure
1778882146,create record thing 47 OAww 23627 vVl9j 38770 WFHTGP2MLj,failure
1778882146,create record thing 3 ZVYkB 53852 PoBrUB 69993 tYDZw,failure
1778882146,create record thing 52 9CrxG7YX 18140 pN2Ig00rVq 67286 Zf4Y2,failure
1778882146,create record thing 17 zyxx 10696 ntgSuj 5020 4DZVDM,failure
1778882146,create record thing 39 bnj6 79807 AWohoNMd 65513 HNJSsavJ,failure
1778882146,create record thing 59 Pf8eG 66496 9IyDN8pbWv 96068 MVTucHYkW,failure
1778882146,create record thing 69 8DliS6c 26422 X2tt 52196 HpUlwW1uhw,failure
1778882146,create record thing 23 U3x8EE5 68062 XTeLYH 42101 eOtL,failure
1778882146,create record thing 63 kBBT4MA 83816 6eNwXQ7iLW 4561 eWwxJ,failure
1778882146,create record thing 25 jBwBeiwt 36528 7blG4 15435 WRnLR9,failure
1778882146,create record thing 6 h0C3B 11506 Q0tveH30S5 83584 XFhmi,failure
1778882146,create record thing 7 EwJC8i2eyS 62739 zzJhteCG 16821 WNl7A4dhjk,failure
1778882146,create record thing 68 5n6Gre 25729 7rMMfNKKk 81851 3u5c1f6Vq,failure
1778882146,create record thing 83 VzNEM 37967 7DXQsedBE 26741 LtST18,failure
1778882146,create record thing 20 VFgoh 58929 id61z 20932 uJtVEFEtb6,failure
1778882146,create record thing 80 CoKdrL0P 37453 agiqwzcd 73638 wrxBI,failure
1778882146,create record thing 44 9Qh8yXv6Um 66731 FciuDCL 67568 uMk9T,failure
1778882146,create record thing 91 KFFEID 2180 ugzt32 82478 LqO8,failure
1778882146,create record thing 21 JSKkMM0j 89224 b6gbt 19848 QzW52Td,failure
1778882146,create record thing 1 GI9Dx 22699 4vvVSNQ 79963 lpIn8sr,failure
1778882146,create record thing 96 QEDI5 94589 rJH3yv 19198 c7e5OU,failure
1778882146,create record thing 58 mH5Ri 80698 KpPGNdzSg 18018 78jO,failure
1778882146,create record thing 94 Dm7tO4f 75252 HS64k 23040 9yE6,failure
1778882146,create record thing 54 52aJg8r9HE 17589 FqYuTOSaus 88395 lLNzAuyf8D,failure
1778882146,create record thing 90 axBqu 76344 JqwoPCjQ5 92216 th4sMnijUL,failure
1778882146,create record thing 26 R4UXZVQ 78094 WGGw4gZ3mH 21566 0BQSE3,failure
1778882146,create record thing 72 YCFCdCY 94801 yYUJ 5936 vd95e5b,failure
1778882146,create record thing 85 liNT7x3 58790 4xe72i1h9y 16691 8ZU8CSAxo,failure
1778882146,create record thing 78 vr6SgYz 2050 mgcLR 6380 Tyon1,failure
1778882146,create record thing 65 i9o4 75511 JVYo29 68321 zrIKT,failure
1778882146,create record thing 30 MAE86 87994 WtzjxUD 29536 1iCdzz,failure
1778882146,create record thing 28 ipmO50fS 24966 qPL2 24662 VSID1u7a67,failure
1778882146,create record thing 89 UU4R 92244 yotrC 85029 tw2CXS,failure
1778882146,create record thing 98 04wzInjq5J 54732 juxZEO 89764 pY7NEk,failure
1778882146,create record thing 5 viHl397G0e 87584 Vz0o 92690 aFxMP,failure
1778882146,create record thing 55 4OaGzbSH 37576 FRA6 23496 4GoM,failure
1778882146,create record thing 76 YqyxzJ 91388 sZe9O 4152 zxDN,failure
1778882146,create record thing 12 kEAWJ1fGc 27710 QJq5QrHOl0 2052 KUSye,failure
1778882146,create record thing 70 IJ0PH 50311 TXQeUvgoeL 80460 yVbq9Ew6,failure
1778882146,create record thing 87 lKxVspe 35123 xWjyw 11995 6BVg,failure
1778882146,create record thing 14 lBIz 3442 vfLu 50493 syf3,failure
1778882146,create record thing 18 Jkxis 64634 dAAEe 32990 SEMCi,failure
1778882146,create record thing 29 6uMX 43193 uY18it6 26326 t78sREJ,failure
1778882146,create record thing 32 urWw5 26188 9lVbT6mX 90811 YXzE,failure
1778882146,create record thing 36 spjAxBLKH 90663 HXw3HNf 32536 PkLINO7uX,failure
1778882146,create record thing 95 aqFG 76089 JByVKFvbg 54522 h6it,failure
1778882146,create record thing 4 WGvgSCe 5856 SbvgX5TFIu 55885 ozlNAbM,failure
1778882146,create record thing 15 BAanr 92243 XJXHwmhPE7 41078 yyhvCkPX,failure
1778882146,create record thing 82 KPtohxiy 78174 JAEH4 22706 krl0M17E,failure
1778882146,range_search thing score 25575 32865,success
1778882146,range_search thing score 73607 82888,success
1778882146,range_search thing score 85599 94708,success
1778882146,range_search thing score 53626 62682,success
1778882146,range_search thing score 54477 62749,success
1778882146,range_search thing score 64054 67794,success
1778882146,range_search thing score 10835 12340,success
1778882146,range_search thing score 28905 34690,success
1778882146,range_search thing score 4285 9788,success
1778882146,range_search thing score 29470 39278,success
1778882146,stats,success
1778882146,create type thing 6 1 id int name str score int city str age int note str,failure
1778882146,create record thing 43 4JSnE 84259 iiUHUAK 47447 9iEU1,failure
1778882146,create record thing 42 MXAdx 61348 pI6Qh2UV 44587 sjaS,failure
1778882146,create record thing 92 qFl41sNLj 99943 HWGau 2552 52Zt,failure
1778882146,create record thing 10 oJeT 9071 HhO6kGL75U 90422 SyPx3,failure
1778882146,create record thing 66 hnuKone 82719 o41e 31195 Pni6JD,failure
1778882146,create record thing 51 DzfOvz1dOO 7944 TXglHil 60637 2eY1g,failure
1778882146,create record thing 2 9Z850kEny 7685 x9qWC 55444 79ISjs8JH,failure
1778882146,create record thing 71 tdD5GdF0e 8907 1z6JJcfOJ 41467 mSoyPs,failure
1778882146,create record thing 16 56aMIg 70468 Fivep 37353 BHs8Y,failure
1778882146,create record thing 79 aYsP6ihg 72512 qLSmN 34600 E40fAraV,failure
1778882146,create record thing 74 8kBRIg6Qj 4722 wIAcw58cwQ 87416 vI28,failure
1778882146,create record thing 11 j518Y2bTu 53964 PTpjRxcDm4 45830 Y2nOyr,failure
1778882146,create record thing 56 7rNy 70282 6h8l7q 14208 ATtLFxJp,failure
1778882146,create record thing 57 BGYQ6TmA6 43279 t0Sstzys 16683 A6P3M,failure
1778882146,create record thing 73 zZsnWL 42237 BPFX7TO 37196 PMf7otYj,failure
1778882146,create record thing 46 pD0e 54321 JSxyjQ312 55724 k7Gdp,failure
1778882146,create record thing 49 hiCGItUBY3 55933 4Bj1BU0rWE 31358 BSou3e,failure
1778882146,create record thing 93 oRRdz 71121 zmA4KR1 75456 D6sy3ZH,failure
1778882146,create record thing 77 HLnnBbuQz 21632 ChMbyIbNiC 6590 xnuVxU,failure
1778882146,create record thing 38 AZDUd7ne7c 4067 mbjhP 73920 CpwL7,failure
1778882146,create record thing 31 hY7gbtP7y 93718 eQMgV 89687 XXJcHPeO,failure
1778882146,create record thing 22 0Yg7 83307 CjkGOM5WCZ 77656 tp5rBU,failure
1778882146,create record thing 33 Lxb0lnXv 78139 2IGlozIoD 93302 BbszpPw,failure
1778882146,create record thing 97 GAUuRqph 25242 hHVlnE 94972 8Grgmola,failure
1778882146,create record thing 81 hcds6NUg 1607 rDv7p1he 64454 JQjY,failure
1778882146,create record thing 50 fpIzKM 68494 BB19sML 97004 6mnO,failure
1778882146,create record thing 84 oIjzQ 61592 crr1eo 34675 XKXmhnjqid,failure
1778882146,create record thing 27 tUJrhQR6FE 10543 cAtpf7ZJ 2719 PqcUDO4lKN,failure
1778882146,create record thing 88 8Dztgjz 64942 PyVcfp 15194 zF9OHzlwUM,failure
1778882146,create record thing 34 dqir2EbNXS 40730 azn0h6Oj 93926 FqZ8pI,failure
1778882146,create record thing 9 lLUieV0 44548 FYrsK9EjHv 72340 HCtlRJoWcU,failure
1778882146,create record thing 48 4x9XOj7h7 43515 g0g4ai18eW 34737 MyeuPH,failure
1778882146,create record thing 60 M3EHMo 89705 9UAgN2 58153 R4cXs,failure
1778882146,create record thing 64 ApzQlk 79887 xQEKoNCP3C 37700 He69s7QCs,failure
1778882146,create record thing 75 0gxwsRb 86275 rJQUdLE 37512 XLvNMQSOZM,failure
1778882146,create record thing 45 OtBJTfsUk 17322 H8G4ZpZDYU 44396 h7i71S87Xw,failure
1778882146,create record thing 99 yqhwUqxNxP 61797 M6uL 84889 NCRO,failure
1778882146,create record thing 53 i6sE 12739 3iCPU 70804 KT2OZM6,failure
1778882146,create record thing 86 cwB61g 89873 H8wylh 59600 PNLb,failure
1778882146,create record thing 13 u9WmZIKYoW 78116 r99H 22871 ObaW,failure
1778882146,create record thing 37 KaqhA 14896 dBwKCnMT4 86363 sNb90AgS,failure
1778882147,create record thing 24 efLerNH 42622 9GCLgR0 85316 I1A3zZyTtt,failure
1778882147,create record thing 40 xj5eZf 12656 TYIKIuhvP 98341 1S8LvJn,failure
1778882147,create record thing 41 D0vIhroAI 81490 PILOQbqV 44541 a1JyiN,failure
1778882147,create record thing 19 fGxC 20631 tu6K2j 98885 dfBALznF,failure
1778882147,create record thing 67 ArQEPc 51807 dm6VVrhE 56446 iHoIP,failure
1778882147,create record thing 62 e1cb51 75465 JRzhbuX 81018 Z5f0pKG,failure
1778882147,create record thing 61 1UnWeNG 25415 vTYYojmLVO 23218 MCIJQ2N9u8,failure
1778882147,create record thing 8 jeBsrd 66497 tCdZ 10057 11MFCIX3B,failure
1778882147,create record thing 35 JlLF7BYZ8f 84689 cR9GL 47696 4yWQdN,failure
1778882147,create record thing 100 efQrSO 78997 jfP4tOPhRf 73259 NuhR694,failure
1778882147,create record thing 47 OAww 23627 vVl9j 38770 WFHTGP2MLj,failure
1778882147,create record thing 3 ZVYkB 53852 PoBrUB 69993 tYDZw,failure
1778882147,create record thing 52 9CrxG7YX 18140 pN2Ig00rVq 67286 Zf4Y2,failure
1778882147,create record thing 17 zyxx 10696 ntgSuj 5020 4DZVDM,failure
1778882147,create record thing 39 bnj6 79807 AWohoNMd 65513 HNJSsavJ,failure
1778882147,create record thing 59 Pf8eG 66496 9IyDN8pbWv 96068 MVTucHYkW,failure
1778882147,create record thing 69 8DliS6c 26422 X2tt 52196 HpUlwW1uhw,failure
1778882147,create record thing 23 U3x8EE5 68062 XTeLYH 42101 eOtL,failure
1778882147,create record thing 63 kBBT4MA 83816 6eNwXQ7iLW 4561 eWwxJ,failure
1778882147,create record thing 25 jBwBeiwt 36528 7blG4 15435 WRnLR9,failure
1778882147,create record thing 6 h0C3B 11506 Q0tveH30S5 83584 XFhmi,failure
1778882147,create record thing 7 EwJC8i2eyS 62739 zzJhteCG 16821 WNl7A4dhjk,failure
1778882147,create record thing 68 5n6Gre 25729 7rMMfNKKk 81851 3u5c1f6Vq,failure
1778882147,create record thing 83 VzNEM 37967 7DXQsedBE 26741 LtST18,failure
1778882147,create record thing 20 VFgoh 58929 id61z 20932 uJtVEFEtb6,failure
1778882147,create record thing 80 CoKdrL0P 37453 agiqwzcd 73638 wrxBI,failure
1778882147,create record thing 44 9Qh8yXv6Um 66731 FciuDCL 67568 uMk9T,failure
1778882147,create record thing 91 KFFEID 2180 ugzt32 82478 LqO8,failure
1778882147,create record thing 21 JSKkMM0j 89224 b6gbt 19848 QzW52Td,failure
1778882147,create record thing 1 GI9Dx 22699 4vvVSNQ 79963 lpIn8sr,failure
1778882147,create record thing 96 QEDI5 94589 rJH3yv 19198 c7e5OU,failure
1778882147,create record thing 58 mH5Ri 80698 KpPGNdzSg 18018 78jO,failure
1778882147,create record thing 94 Dm7tO4f 75252 HS64k 23040 9yE6,failure
1778882147,create record thing 54 52aJg8r9HE 17589 FqYuTOSaus 88395 lLNzAuyf8D,failure
1778882147,create record thing 90 axBqu 76344 JqwoPCjQ5 92216 th4sMnijUL,failure
1778882147,create record thing 26 R4UXZVQ 78094 WGGw4gZ3mH 21566 0BQSE3,failure
1778882147,create record thing 72 YCFCdCY 94801 yYUJ 5936 vd95e5b,failure
1778882147,create record thing 85 liNT7x3 58790 4xe72i1h9y 16691 8ZU8CSAxo,failure
1778882147,create record thing 78 vr6SgYz 2050 mgcLR 6380 Tyon1,failure
1778882147,create record thing 65 i9o4 75511 JVYo29 68321 zrIKT,failure
1778882147,create record thing 30 MAE86 87994 WtzjxUD 29536 1iCdzz,failure
1778882147,create record thing 28 ipmO50fS 24966 qPL2 24662 VSID1u7a67,failure
1778882147,create record thing 89 UU4R 92244 yotrC 85029 tw2CXS,failure
1778882147,create record thing 98 04wzInjq5J 54732 juxZEO 89764 pY7NEk,failure
1778882147,create record thing 5 viHl397G0e 87584 Vz0o 92690 aFxMP,failure
1778882147,create record thing 55 4OaGzbSH 37576 FRA6 23496 4GoM,failure
1778882147,create record thing 76 YqyxzJ 91388 sZe9O 4152 zxDN,failure
1778882147,create record thing 12 kEAWJ1fGc 27710 QJq5QrHOl0 2052 KUSye,failure
1778882147,create record thing 70 IJ0PH 50311 TXQeUvgoeL 80460 yVbq9Ew6,failure
1778882147,create record thing 87 lKxVspe 35123 xWjyw 11995 6BVg,failure
1778882147,create record thing 14 lBIz 3442 vfLu 50493 syf3,failure
1778882147,create record thing 18 Jkxis 64634 dAAEe 32990 SEMCi,failure
1778882147,create record thing 29 6uMX 43193 uY18it6 26326 t78sREJ,failure
1778882147,create record thing 32 urWw5 26188 9lVbT6mX 90811 YXzE,failure
1778882147,create record thing 36 spjAxBLKH 90663 HXw3HNf 32536 PkLINO7uX,failure
1778882147,create record thing 95 aqFG 76089 JByVKFvbg 54522 h6it,failure
1778882147,create record thing 4 WGvgSCe 5856 SbvgX5TFIu 55885 ozlNAbM,failure
1778882147,create record thing 15 BAanr 92243 XJXHwmhPE7 41078 yyhvCkPX,failure
1778882147,create record thing 82 KPtohxiy 78174 JAEH4 22706 krl0M17E,failure
1778882147,range_search thing score 25575 32865,success
1778882147,range_search thing score 73607 82888,success
1778882147,range_search thing score 85599 94708,success
1778882147,range_search thing score 53626 62682,success
1778882147,range_search thing score 54477 62749,success
1778882147,range_search thing score 64054 67794,success
1778882147,range_search thing score 10835 12340,success
1778882147,range_search thing score 28905 34690,success
1778882147,range_search thing score 4285 9788,success
1778882147,range_search thing score 29470 39278,success
1778882147,stats,success
1778882152,create type thing 6 1 id int name str score int city str age int note str,success
1778882152,create record thing 43 4JSnE 84259 iiUHUAK 47447 9iEU1,success
1778882152,create record thing 42 MXAdx 61348 pI6Qh2UV 44587 sjaS,success
1778882152,create record thing 92 qFl41sNLj 99943 HWGau 2552 52Zt,success
1778882152,create record thing 10 oJeT 9071 HhO6kGL75U 90422 SyPx3,success
1778882152,create record thing 66 hnuKone 82719 o41e 31195 Pni6JD,success
1778882152,create record thing 51 DzfOvz1dOO 7944 TXglHil 60637 2eY1g,success
1778882152,create record thing 2 9Z850kEny 7685 x9qWC 55444 79ISjs8JH,success
1778882152,create record thing 71 tdD5GdF0e 8907 1z6JJcfOJ 41467 mSoyPs,success
1778882152,create record thing 16 56aMIg 70468 Fivep 37353 BHs8Y,success
1778882152,create record thing 79 aYsP6ihg 72512 qLSmN 34600 E40fAraV,success
1778882152,create record thing 74 8kBRIg6Qj 4722 wIAcw58cwQ 87416 vI28,success
1778882152,create record thing 11 j518Y2bTu 53964 PTpjRxcDm4 45830 Y2nOyr,success
1778882152,create record thing 56 7rNy 70282 6h8l7q 14208 ATtLFxJp,success
1778882152,create record thing 57 BGYQ6TmA6 43279 t0Sstzys 16683 A6P3M,success
1778882152,create record thing 73 zZsnWL 42237 BPFX7TO 37196 PMf7otYj,success
1778882152,create record thing 46 pD0e 54321 JSxyjQ312 55724 k7Gdp,success
1778882152,create record thing 49 hiCGItUBY3 55933 4Bj1BU0rWE 31358 BSou3e,success
1778882152,create record thing 93 oRRdz 71121 zmA4KR1 75456 D6sy3ZH,success
1778882152,create record thing 77 HLnnBbuQz 21632 ChMbyIbNiC 6590 xnuVxU,success
1778882152,create record thing 38 AZDUd7ne7c 4067 mbjhP 73920 CpwL7,success
1778882152,create record thing 31 hY7gbtP7y 93718 eQMgV 89687 XXJcHPeO,success
1778882152,create record thing 22 0Yg7 83307 CjkGOM5WCZ 77656 tp5rBU,success
1778882152,create record thing 33 Lxb0lnXv 78139 2IGlozIoD 93302 BbszpPw,success
1778882152,create record thing 97 GAUuRqph 25242 hHVlnE 94972 8Grgmola,success
1778882152,create record thing 81 hcds6NUg 1607 rDv7p1he 64454 JQjY,success
1778882152,create record thing 50 fpIzKM 68494 BB19sML 97004 6mnO,success
1778882152,create record thing 84 oIjzQ 61592 crr1eo 34675 XKXmhnjqid,success
1778882152,create record thing 27 tUJrhQR6FE 10543 cAtpf7ZJ 2719 PqcUDO4lKN,success
1778882152,create record thing 88 8Dztgjz 64942 PyVcfp 15194 zF9OHzlwUM,success
1778882152,create record thing 34 dqir2EbNXS 40730 azn0h6Oj 93926 FqZ8pI,success
1778882152,create record thing 9 lLUieV0 44548 FYrsK9EjHv 72340 HCtlRJoWcU,success
1778882152,create record thing 48 4x9XOj7h7 43515 g0g4ai18eW 34737 MyeuPH,success
1778882152,create record thing 60 M3EHMo 89705 9UAgN2 58153 R4cXs,success
1778882152,create record thing 64 ApzQlk 79887 xQEKoNCP3C 37700 He69s7QCs,success
1778882152,create record thing 75 0gxwsRb 86275 rJQUdLE 37512 XLvNMQSOZM,success
1778882152,create record thing 45 OtBJTfsUk 17322 H8G4ZpZDYU 44396 h7i71S87Xw,success
1778882152,create record thing 99 yqhwUqxNxP 61797 M6uL 84889 NCRO,success
1778882152,create record thing 53 i6sE 12739 3iCPU 70804 KT2OZM6,success
1778882152,create record thing 86 cwB61g 89873 H8wylh 59600 PNLb,success
1778882152,create record thing 13 u9WmZIKYoW 78116 r99H 22871 ObaW,success
1778882152,create record thing 37 KaqhA 14896 dBwKCnMT4 86363 sNb90AgS,success
1778882152,create record thing 24 efLerNH 42622 9GCLgR0 85316 I1A3zZyTtt,success
1778882152,create record thing 40 xj5eZf 12656 TYIKIuhvP 98341 1S8LvJn,success
1778882152,create record thing 41 D0vIhroAI 81490 PILOQbqV 44541 a1JyiN,success
1778882152,create record thing 19 fGxC 20631 tu6K2j 98885 dfBALznF,success
1778882152,create record thing 67 ArQEPc 51807 dm6VVrhE 56446 iHoIP,success
1778882152,create record thing 62 e1cb51 75465 JRzhbuX 81018 Z5f0pKG,success
1778882152,create record thing 61 1UnWeNG 25415 vTYYojmLVO 23218 MCIJQ2N9u8,success
1778882152,create record thing 8 jeBsrd 66497 tCdZ 10057 11MFCIX3B,success
1778882152,create record thing 35 JlLF7BYZ8f 84689 cR9GL 47696 4yWQdN,success
1778882152,create record thing 100 efQrSO 78997 jfP4tOPhRf 73259 NuhR694,success
1778882152,create record thing 47 OAww 23627 vVl9j 38770 WFHTGP2MLj,success
1778882152,create record thing 3 ZVYkB 53852 PoBrUB 69993 tYDZw,success
1778882152,create record thing 52 9CrxG7YX 18140 pN2Ig00rVq 67286 Zf4Y2,success
1778882152,create record thing 17 zyxx 10696 ntgSuj 5020 4DZVDM,success
1778882152,create record thing 39 bnj6 79807 AWohoNMd 65513 HNJSsavJ,success
1778882152,create record thing 59 Pf8eG 66496 9IyDN8pbWv 96068 MVTucHYkW,success
1778882152,create record thing 69 8DliS6c 26422 X2tt 52196 HpUlwW1uhw,success
1778882152,create record thing 23 U3x8EE5 68062 XTeLYH 42101 eOtL,success
1778882152,create record thing 63 kBBT4MA 83816 6eNwXQ7iLW 4561 eWwxJ,success
1778882152,create record thing 25 jBwBeiwt 36528 7blG4 15435 WRnLR9,success
1778882152,create record thing 6 h0C3B 11506 Q0tveH30S5 83584 XFhmi,success
1778882152,create record thing 7 EwJC8i2eyS 62739 zzJhteCG 16821 WNl7A4dhjk,success
1778882152,create record thing 68 5n6Gre 25729 7rMMfNKKk 81851 3u5c1f6Vq,success
1778882152,create record thing 83 VzNEM 37967 7DXQsedBE 26741 LtST18,success
1778882152,create record thing 20 VFgoh 58929 id61z 20932 uJtVEFEtb6,success
1778882152,create record thing 80 CoKdrL0P 37453 agiqwzcd 73638 wrxBI,success
1778882152,create record thing 44 9Qh8yXv6Um 66731 FciuDCL 67568 uMk9T,success
1778882152,create record thing 91 KFFEID 2180 ugzt32 82478 LqO8,success
1778882152,create record thing 21 JSKkMM0j 89224 b6gbt 19848 QzW52Td,success
1778882152,create record thing 1 GI9Dx 22699 4vvVSNQ 79963 lpIn8sr,success
1778882152,create record thing 96 QEDI5 94589 rJH3yv 19198 c7e5OU,success
1778882152,create record thing 58 mH5Ri 80698 KpPGNdzSg 18018 78jO,success
1778882152,create record thing 94 Dm7tO4f 75252 HS64k 23040 9yE6,success
1778882152,create record thing 54 52aJg8r9HE 17589 FqYuTOSaus 88395 lLNzAuyf8D,success
1778882152,create record thing 90 axBqu 76344 JqwoPCjQ5 92216 th4sMnijUL,success
1778882152,create record thing 26 R4UXZVQ 78094 WGGw4gZ3mH 21566 0BQSE3,success
1778882152,create record thing 72 YCFCdCY 94801 yYUJ 5936 vd95e5b,success
1778882152,create record thing 85 liNT7x3 58790 4xe72i1h9y 16691 8ZU8CSAxo,success
1778882152,create record thing 78 vr6SgYz 2050 mgcLR 6380 Tyon1,success
1778882152,create record thing 65 i9o4 75511 JVYo29 68321 zrIKT,success
1778882152,create record thing 30 MAE86 87994 WtzjxUD 29536 1iCdzz,success
1778882152,create record thing 28 ipmO50fS 24966 qPL2 24662 VSID1u7a67,success
1778882152,create record thing 89 UU4R 92244 yotrC 85029 tw2CXS,success
1778882152,create record thing 98 04wzInjq5J 54732 juxZEO 89764 pY7NEk,success
1778882152,create record thing 5 viHl397G0e 87584 Vz0o 92690 aFxMP,success
1778882152,create record thing 55 4OaGzbSH 37576 FRA6 23496 4GoM,success
1778882152,create record thing 76 YqyxzJ 91388 sZe9O 4152 zxDN,success
1778882152,create record thing 12 kEAWJ1fGc 27710 QJq5QrHOl0 2052 KUSye,success
1778882152,create record thing 70 IJ0PH 50311 TXQeUvgoeL 80460 yVbq9Ew6,success
1778882152,create record thing 87 lKxVspe 35123 xWjyw 11995 6BVg,success
1778882152,create record thing 14 lBIz 3442 vfLu 50493 syf3,success
1778882152,create record thing 18 Jkxis 64634 dAAEe 32990 SEMCi,success
1778882152,create record thing 29 6uMX 43193 uY18it6 26326 t78sREJ,success
1778882152,create record thing 32 urWw5 26188 9lVbT6mX 90811 YXzE,success
1778882152,create record thing 36 spjAxBLKH 90663 HXw3HNf 32536 PkLINO7uX,success
1778882152,create record thing 95 aqFG 76089 JByVKFvbg 54522 h6it,success
1778882152,create record thing 4 WGvgSCe 5856 SbvgX5TFIu 55885 ozlNAbM,success
1778882152,create record thing 15 BAanr 92243 XJXHwmhPE7 41078 yyhvCkPX,success
1778882152,create record thing 82 KPtohxiy 78174 JAEH4 22706 krl0M17E,success
1778882152,range_search thing score 25575 32865,success
1778882152,range_search thing score 73607 82888,success
1778882152,range_search thing score 85599 94708,success
1778882152,range_search thing score 53626 62682,success
1778882152,range_search thing score 54477 62749,success
1778882152,range_search thing score 64054 67794,success
1778882152,range_search thing score 10835 12340,success
1778882152,range_search thing score 28905 34690,success
1778882152,range_search thing score 4285 9788,success
1778882152,range_search thing score 29470 39278,success
1778882152,stats,success
1778882294,create type house 6 1 name str origin str leader str military_strength int wealth int spice_production int,success
1778882294,create record house Atreides Caladan Duke 8000 5000 150,success
1778882294,create record house Harkonnen GiediPrime Baron 12000 3000 200,success
1778882294,create record house Corrino Kaitain Emperor 15000 10000 50,success
1778882294,search record house Atreides,success
1778882294,delete record house Corrino,success
1778882294,search record house Corrino,failure
1778882294,range_search house wealth 4000 9000,success
1778882294,explain search record house Harkonnen,success
1778882294,stats,success
1778882304,create type house 6 1 name str origin str leader str military_strength int wealth int spice_production int,success
1778882304,create record house Atreides Caladan Duke 8000 5000 150,success
1778882304,create record house Harkonnen GiediPrime Baron 12000 3000 200,success
1778882304,create record house Corrino Kaitain Emperor 15000 10000 50,success
1778882304,search record house Atreides,success
1778882304,delete record house Corrino,success
1778882304,search record house Corrino,failure
1778882304,range_search house wealth 4000 9000,success
1778882304,explain search record house Harkonnen,success
1778882304,stats,success
1778882515,create type house 6 1 name str origin str leader str military_strength int wealth int spice_production int,success
1778882515,create record house Atreides Caladan Duke 8000 5000 150,success
1778882515,create record house Harkonnen GiediPrime Baron 12000 3000 200,success
1778882515,create record house Corrino Kaitain Emperor 15000 10000 50,success
1778882515,search record house Atreides,success
1778882515,delete record house Corrino,success
1778882515,search record house Corrino,failure
1778882515,range_search house wealth 4000 9000,success
1778882515,explain search record house Harkonnen,success
1778882515,stats,success
1778882875,create type statstest 6 1 id int name str score int city str age int note str,success
1778882875,create record statstest 1 n1 10 c1 21 note1,success
1778882875,create record statstest 2 n2 20 c2 22 note2,success
1778882875,create record statstest 3 n3 30 c3 23 note3,success
1778882875,create record statstest 4 n4 40 c4 24 note4,success
1778882875,create record statstest 5 n5 50 c5 25 note5,success
1778882875,stats,success
1778882912,create type house 6 1 name str origin str leader str military_strength int wealth int spice_production int,success
1778882912,create record house Atreides Caladan Duke 8000 5000 150,success
1778882912,create record house Harkonnen GiediPrime Baron 12000 3000 200,success
1778882912,create record house Corrino Kaitain Emperor 15000 10000 50,success
1778882912,search record house Atreides,success
1778882912,delete record house Corrino,success
1778882912,search record house Corrino,failure
1778882912,range_search house wealth 4000 9000,success
1778882912,explain search record house Harkonnen,success
1778882912,stats,success
1778882992,create type thing 6 1 id int name str score int city str age int note str,success
1778882992,create record thing 43 4JSnE 84259 iiUHUAK 47447 9iEU1,success
1778882992,create record thing 42 MXAdx 61348 pI6Qh2UV 44587 sjaS,success
1778882992,create record thing 92 qFl41sNLj 99943 HWGau 2552 52Zt,success
1778882992,create record thing 10 oJeT 9071 HhO6kGL75U 90422 SyPx3,success
1778882992,create record thing 66 hnuKone 82719 o41e 31195 Pni6JD,success
1778882992,create record thing 51 DzfOvz1dOO 7944 TXglHil 60637 2eY1g,success
1778882992,create record thing 2 9Z850kEny 7685 x9qWC 55444 79ISjs8JH,success
1778882992,create record thing 71 tdD5GdF0e 8907 1z6JJcfOJ 41467 mSoyPs,success
1778882992,create record thing 16 56aMIg 70468 Fivep 37353 BHs8Y,success
1778882992,create record thing 79 aYsP6ihg 72512 qLSmN 34600 E40fAraV,success
1778882992,create record thing 74 8kBRIg6Qj 4722 wIAcw58cwQ 87416 vI28,success
1778882992,create record thing 11 j518Y2bTu 53964 PTpjRxcDm4 45830 Y2nOyr,success
1778882992,create record thing 56 7rNy 70282 6h8l7q 14208 ATtLFxJp,success
1778882992,create record thing 57 BGYQ6TmA6 43279 t0Sstzys 16683 A6P3M,success
1778882992,create record thing 73 zZsnWL 42237 BPFX7TO 37196 PMf7otYj,success
1778882992,create record thing 46 pD0e 54321 JSxyjQ312 55724 k7Gdp,success
1778882992,create record thing 49 hiCGItUBY3 55933 4Bj1BU0rWE 31358 BSou3e,success
1778882992,create record thing 93 oRRdz 71121 zmA4KR1 75456 D6sy3ZH,success
1778882992,create record thing 77 HLnnBbuQz 21632 ChMbyIbNiC 6590 xnuVxU,success
1778882992,create record thing 38 AZDUd7ne7c 4067 mbjhP 73920 CpwL7,success
1778882992,create record thing 31 hY7gbtP7y 93718 eQMgV 89687 XXJcHPeO,success
1778882992,create record thing 22 0Yg7 83307 CjkGOM5WCZ 77656 tp5rBU,success
1778882992,create record thing 33 Lxb0lnXv 78139 2IGlozIoD 93302 BbszpPw,success
1778882992,create record thing 97 GAUuRqph 25242 hHVlnE 94972 8Grgmola,success
1778882992,create record thing 81 hcds6NUg 1607 rDv7p1he 64454 JQjY,success
1778882992,create record thing 50 fpIzKM 68494 BB19sML 97004 6mnO,success
1778882992,create record thing 84 oIjzQ 61592 crr1eo 34675 XKXmhnjqid,success
1778882992,create record thing 27 tUJrhQR6FE 10543 cAtpf7ZJ 2719 PqcUDO4lKN,success
1778882992,create record thing 88 8Dztgjz 64942 PyVcfp 15194 zF9OHzlwUM,success
1778882992,create record thing 34 dqir2EbNXS 40730 azn0h6Oj 93926 FqZ8pI,success
1778882992,create record thing 9 lLUieV0 44548 FYrsK9EjHv 72340 HCtlRJoWcU,success
1778882992,create record thing 48 4x9XOj7h7 43515 g0g4ai18eW 34737 MyeuPH,success
1778882992,create record thing 60 M3EHMo 89705 9UAgN2 58153 R4cXs,success
1778882992,create record thing 64 ApzQlk 79887 xQEKoNCP3C 37700 He69s7QCs,success
1778882992,create record thing 75 0gxwsRb 86275 rJQUdLE 37512 XLvNMQSOZM,success
1778882992,create record thing 45 OtBJTfsUk 17322 H8G4ZpZDYU 44396 h7i71S87Xw,success
1778882992,create record thing 99 yqhwUqxNxP 61797 M6uL 84889 NCRO,success
1778882992,create record thing 53 i6sE 12739 3iCPU 70804 KT2OZM6,success
1778882992,create record thing 86 cwB61g 89873 H8wylh 59600 PNLb,success
1778882992,create record thing 13 u9WmZIKYoW 78116 r99H 22871 ObaW,success
1778882992,create record thing 37 KaqhA 14896 dBwKCnMT4 86363 sNb90AgS,success
1778882992,create record thing 24 efLerNH 42622 9GCLgR0 85316 I1A3zZyTtt,success
1778882992,create record thing 40 xj5eZf 12656 TYIKIuhvP 98341 1S8LvJn,success
1778882992,create record thing 41 D0vIhroAI 81490 PILOQbqV 44541 a1JyiN,success
1778882992,create record thing 19 fGxC 20631 tu6K2j 98885 dfBALznF,success
1778882992,create record thing 67 ArQEPc 51807 dm6VVrhE 56446 iHoIP,success
1778882992,create record thing 62 e1cb51 75465 JRzhbuX 81018 Z5f0pKG,success
1778882992,create record thing 61 1UnWeNG 25415 vTYYojmLVO 23218 MCIJQ2N9u8,success
1778882992,create record thing 8 jeBsrd 66497 tCdZ 10057 11MFCIX3B,success
1778882992,create record thing 35 JlLF7BYZ8f 84689 cR9GL 47696 4yWQdN,success
1778882992,create record thing 100 efQrSO 78997 jfP4tOPhRf 73259 NuhR694,success
1778882992,create record thing 47 OAww 23627 vVl9j 38770 WFHTGP2MLj,success
1778882992,create record thing 3 ZVYkB 53852 PoBrUB 69993 tYDZw,success
1778882992,create record thing 52 9CrxG7YX 18140 pN2Ig00rVq 67286 Zf4Y2,success
1778882992,create record thing 17 zyxx 10696 ntgSuj 5020 4DZVDM,success
1778882992,create record thing 39 bnj6 79807 AWohoNMd 65513 HNJSsavJ,success
1778882992,create record thing 59 Pf8eG 66496 9IyDN8pbWv 96068 MVTucHYkW,success
1778882992,create record thing 69 8DliS6c 26422 X2tt 52196 HpUlwW1uhw,success
1778882992,create record thing 23 U3x8EE5 68062 XTeLYH 42101 eOtL,success
1778882992,create record thing 63 kBBT4MA 83816 6eNwXQ7iLW 4561 eWwxJ,success
1778882992,create record thing 25 jBwBeiwt 36528 7blG4 15435 WRnLR9,success
1778882992,create record thing 6 h0C3B 11506 Q0tveH30S5 83584 XFhmi,success
1778882992,create record thing 7 EwJC8i2eyS 62739 zzJhteCG 16821 WNl7A4dhjk,success
1778882992,create record thing 68 5n6Gre 25729 7rMMfNKKk 81851 3u5c1f6Vq,success
1778882992,create record thing 83 VzNEM 37967 7DXQsedBE 26741 LtST18,success
1778882992,create record thing 20 VFgoh 58929 id61z 20932 uJtVEFEtb6,success
1778882992,create record thing 80 CoKdrL0P 37453 agiqwzcd 73638 wrxBI,success
1778882992,create record thing 44 9Qh8yXv6Um 66731 FciuDCL 67568 uMk9T,success
1778882992,create record thing 91 KFFEID 2180 ugzt32 82478 LqO8,success
1778882992,create record thing 21 JSKkMM0j 89224 b6gbt 19848 QzW52Td,success
1778882992,create record thing 1 GI9Dx 22699 4vvVSNQ 79963 lpIn8sr,success
1778882992,create record thing 96 QEDI5 94589 rJH3yv 19198 c7e5OU,success
1778882992,create record thing 58 mH5Ri 80698 KpPGNdzSg 18018 78jO,success
1778882992,create record thing 94 Dm7tO4f 75252 HS64k 23040 9yE6,success
1778882992,create record thing 54 52aJg8r9HE 17589 FqYuTOSaus 88395 lLNzAuyf8D,success
1778882992,create record thing 90 axBqu 76344 JqwoPCjQ5 92216 th4sMnijUL,success
1778882992,create record thing 26 R4UXZVQ 78094 WGGw4gZ3mH 21566 0BQSE3,success
1778882992,create record thing 72 YCFCdCY 94801 yYUJ 5936 vd95e5b,success
1778882992,create record thing 85 liNT7x3 58790 4xe72i1h9y 16691 8ZU8CSAxo,success
1778882992,create record thing 78 vr6SgYz 2050 mgcLR 6380 Tyon1,success
1778882992,create record thing 65 i9o4 75511 JVYo29 68321 zrIKT,success
1778882992,create record thing 30 MAE86 87994 WtzjxUD 29536 1iCdzz,success
1778882992,create record thing 28 ipmO50fS 24966 qPL2 24662 VSID1u7a67,success
1778882992,create record thing 89 UU4R 92244 yotrC 85029 tw2CXS,success
1778882992,create record thing 98 04wzInjq5J 54732 juxZEO 89764 pY7NEk,success
1778882992,create record thing 5 viHl397G0e 87584 Vz0o 92690 aFxMP,success
1778882992,create record thing 55 4OaGzbSH 37576 FRA6 23496 4GoM,success
1778882992,create record thing 76 YqyxzJ 91388 sZe9O 4152 zxDN,success
1778882992,create record thing 12 kEAWJ1fGc 27710 QJq5QrHOl0 2052 KUSye,success
1778882992,create record thing 70 IJ0PH 50311 TXQeUvgoeL 80460 yVbq9Ew6,success
1778882992,create record thing 87 lKxVspe 35123 xWjyw 11995 6BVg,success
1778882992,create record thing 14 lBIz 3442 vfLu 50493 syf3,success
1778882992,create record thing 18 Jkxis 64634 dAAEe 32990 SEMCi,success
1778882992,create record thing 29 6uMX 43193 uY18it6 26326 t78sREJ,success
1778882992,create record thing 32 urWw5 26188 9lVbT6mX 90811 YXzE,success
1778882992,create record thing 36 spjAxBLKH 90663 HXw3HNf 32536 PkLINO7uX,success
1778882992,create record thing 95 aqFG 76089 JByVKFvbg 54522 h6it,success
1778882992,create record thing 4 WGvgSCe 5856 SbvgX5TFIu 55885 ozlNAbM,success
1778882992,create record thing 15 BAanr 92243 XJXHwmhPE7 41078 yyhvCkPX,success
1778882992,create record thing 82 KPtohxiy 78174 JAEH4 22706 krl0M17E,success
1778882992,range_search thing id 25 74,success
1778882992,range_search thing id 72 88,success
1778882992,range_search thing id 84 99,success
1778882992,range_search thing id 53 96,success
1778882992,range_search thing id 63 89,success
1778882992,range_search thing id 91 98,success
1778882992,range_search thing id 63 73,success
1778882992,range_search thing id 11 83,success
1778882992,range_search thing id 4 32,success
1778882992,range_search thing id 38 40,success
1778883008,create type thing 6 1 id int name str score int city str age int note str,success
1778883008,create record thing 43 4JSnE 84259 iiUHUAK 47447 9iEU1,success
1778883008,create record thing 42 MXAdx 61348 pI6Qh2UV 44587 sjaS,success
1778883008,create record thing 92 qFl41sNLj 99943 HWGau 2552 52Zt,success
1778883008,create record thing 10 oJeT 9071 HhO6kGL75U 90422 SyPx3,success
1778883008,create record thing 66 hnuKone 82719 o41e 31195 Pni6JD,success
1778883008,create record thing 51 DzfOvz1dOO 7944 TXglHil 60637 2eY1g,success
1778883008,create record thing 2 9Z850kEny 7685 x9qWC 55444 79ISjs8JH,success
1778883008,create record thing 71 tdD5GdF0e 8907 1z6JJcfOJ 41467 mSoyPs,success
1778883008,create record thing 16 56aMIg 70468 Fivep 37353 BHs8Y,success
1778883008,create record thing 79 aYsP6ihg 72512 qLSmN 34600 E40fAraV,success
1778883008,create record thing 74 8kBRIg6Qj 4722 wIAcw58cwQ 87416 vI28,success
1778883008,create record thing 11 j518Y2bTu 53964 PTpjRxcDm4 45830 Y2nOyr,success
1778883008,create record thing 56 7rNy 70282 6h8l7q 14208 ATtLFxJp,success
1778883008,create record thing 57 BGYQ6TmA6 43279 t0Sstzys 16683 A6P3M,success
1778883008,create record thing 73 zZsnWL 42237 BPFX7TO 37196 PMf7otYj,success
1778883008,create record thing 46 pD0e 54321 JSxyjQ312 55724 k7Gdp,success
1778883008,create record thing 49 hiCGItUBY3 55933 4Bj1BU0rWE 31358 BSou3e,success
1778883008,create record thing 93 oRRdz 71121 zmA4KR1 75456 D6sy3ZH,success
1778883008,create record thing 77 HLnnBbuQz 21632 ChMbyIbNiC 6590 xnuVxU,success
1778883008,create record thing 38 AZDUd7ne7c 4067 mbjhP 73920 CpwL7,success
1778883008,create record thing 31 hY7gbtP7y 93718 eQMgV 89687 XXJcHPeO,success
1778883008,create record thing 22 0Yg7 83307 CjkGOM5WCZ 77656 tp5rBU,success
1778883008,create record thing 33 Lxb0lnXv 78139 2IGlozIoD 93302 BbszpPw,success
1778883008,create record thing 97 GAUuRqph 25242 hHVlnE 94972 8Grgmola,success
1778883008,create record thing 81 hcds6NUg 1607 rDv7p1he 64454 JQjY,success
1778883008,create record thing 50 fpIzKM 68494 BB19sML 97004 6mnO,success
1778883008,create record thing 84 oIjzQ 61592 crr1eo 34675 XKXmhnjqid,success
1778883008,create record thing 27 tUJrhQR6FE 10543 cAtpf7ZJ 2719 PqcUDO4lKN,success
1778883008,create record thing 88 8Dztgjz 64942 PyVcfp 15194 zF9OHzlwUM,success
1778883008,create record thing 34 dqir2EbNXS 40730 azn0h6Oj 93926 FqZ8pI,success
1778883008,create record thing 9 lLUieV0 44548 FYrsK9EjHv 72340 HCtlRJoWcU,success
1778883008,create record thing 48 4x9XOj7h7 43515 g0g4ai18eW 34737 MyeuPH,success
1778883008,create record thing 60 M3EHMo 89705 9UAgN2 58153 R4cXs,success
1778883008,create record thing 64 ApzQlk 79887 xQEKoNCP3C 37700 He69s7QCs,success
1778883008,create record thing 75 0gxwsRb 86275 rJQUdLE 37512 XLvNMQSOZM,success
1778883008,create record thing 45 OtBJTfsUk 17322 H8G4ZpZDYU 44396 h7i71S87Xw,success
1778883008,create record thing 99 yqhwUqxNxP 61797 M6uL 84889 NCRO,success
1778883008,create record thing 53 i6sE 12739 3iCPU 70804 KT2OZM6,success
1778883008,create record thing 86 cwB61g 89873 H8wylh 59600 PNLb,success
1778883008,create record thing 13 u9WmZIKYoW 78116 r99H 22871 ObaW,success
1778883008,create record thing 37 KaqhA 14896 dBwKCnMT4 86363 sNb90AgS,success
1778883008,create record thing 24 efLerNH 42622 9GCLgR0 85316 I1A3zZyTtt,success
1778883008,create record thing 40 xj5eZf 12656 TYIKIuhvP 98341 1S8LvJn,success
1778883008,create record thing 41 D0vIhroAI 81490 PILOQbqV 44541 a1JyiN,success
1778883008,create record thing 19 fGxC 20631 tu6K2j 98885 dfBALznF,success
1778883008,create record thing 67 ArQEPc 51807 dm6VVrhE 56446 iHoIP,success
1778883008,create record thing 62 e1cb51 75465 JRzhbuX 81018 Z5f0pKG,success
1778883008,create record thing 61 1UnWeNG 25415 vTYYojmLVO 23218 MCIJQ2N9u8,success
1778883008,create record thing 8 jeBsrd 66497 tCdZ 10057 11MFCIX3B,success
1778883008,create record thing 35 JlLF7BYZ8f 84689 cR9GL 47696 4yWQdN,success
1778883008,create record thing 100 efQrSO 78997 jfP4tOPhRf 73259 NuhR694,success
1778883008,create record thing 47 OAww 23627 vVl9j 38770 WFHTGP2MLj,success
1778883008,create record thing 3 ZVYkB 53852 PoBrUB 69993 tYDZw,success
1778883008,create record thing 52 9CrxG7YX 18140 pN2Ig00rVq 67286 Zf4Y2,success
1778883008,create record thing 17 zyxx 10696 ntgSuj 5020 4DZVDM,success
1778883008,create record thing 39 bnj6 79807 AWohoNMd 65513 HNJSsavJ,success
1778883008,create record thing 59 Pf8eG 66496 9IyDN8pbWv 96068 MVTucHYkW,success
1778883008,create record thing 69 8DliS6c 26422 X2tt 52196 HpUlwW1uhw,success
1778883008,create record thing 23 U3x8EE5 68062 XTeLYH 42101 eOtL,success
1778883008,create record thing 63 kBBT4MA 83816 6eNwXQ7iLW 4561 eWwxJ,success
1778883008,create record thing 25 jBwBeiwt 36528 7blG4 15435 WRnLR9,success
1778883008,create record thing 6 h0C3B 11506 Q0tveH30S5 83584 XFhmi,success
1778883008,create record thing 7 EwJC8i2eyS 62739 zzJhteCG 16821 WNl7A4dhjk,success
1778883008,create record thing 68 5n6Gre 25729 7rMMfNKKk 81851 3u5c1f6Vq,success
1778883008,create record thing 83 VzNEM 37967 7DXQsedBE 26741 LtST18,success
1778883008,create record thing 20 VFgoh 58929 id61z 20932 uJtVEFEtb6,success
1778883008,create record thing 80 CoKdrL0P 37453 agiqwzcd 73638 wrxBI,success
1778883008,create record thing 44 9Qh8yXv6Um 66731 FciuDCL 67568 uMk9T,success
1778883008,create record thing 91 KFFEID 2180 ugzt32 82478 LqO8,success
1778883008,create record thing 21 JSKkMM0j 89224 b6gbt 19848 QzW52Td,success
1778883008,create record thing 1 GI9Dx 22699 4vvVSNQ 79963 lpIn8sr,success
1778883008,create record thing 96 QEDI5 94589 rJH3yv 19198 c7e5OU,success
1778883008,create record thing 58 mH5Ri 80698 KpPGNdzSg 18018 78jO,success
1778883008,create record thing 94 Dm7tO4f 75252 HS64k 23040 9yE6,success
1778883008,create record thing 54 52aJg8r9HE 17589 FqYuTOSaus 88395 lLNzAuyf8D,success
1778883008,create record thing 90 axBqu 76344 JqwoPCjQ5 92216 th4sMnijUL,success
1778883008,create record thing 26 R4UXZVQ 78094 WGGw4gZ3mH 21566 0BQSE3,success
1778883008,create record thing 72 YCFCdCY 94801 yYUJ 5936 vd95e5b,success
1778883008,create record thing 85 liNT7x3 58790 4xe72i1h9y 16691 8ZU8CSAxo,success
1778883008,create record thing 78 vr6SgYz 2050 mgcLR 6380 Tyon1,success
1778883008,create record thing 65 i9o4 75511 JVYo29 68321 zrIKT,success
1778883008,create record thing 30 MAE86 87994 WtzjxUD 29536 1iCdzz,success
1778883008,create record thing 28 ipmO50fS 24966 qPL2 24662 VSID1u7a67,success
1778883008,create record thing 89 UU4R 92244 yotrC 85029 tw2CXS,success
1778883008,create record thing 98 04wzInjq5J 54732 juxZEO 89764 pY7NEk,success
1778883008,create record thing 5 viHl397G0e 87584 Vz0o 92690 aFxMP,success
1778883008,create record thing 55 4OaGzbSH 37576 FRA6 23496 4GoM,success
1778883008,create record thing 76 YqyxzJ 91388 sZe9O 4152 zxDN,success
1778883008,create record thing 12 kEAWJ1fGc 27710 QJq5QrHOl0 2052 KUSye,success
1778883008,create record thing 70 IJ0PH 50311 TXQeUvgoeL 80460 yVbq9Ew6,success
1778883008,create record thing 87 lKxVspe 35123 xWjyw 11995 6BVg,success
1778883008,create record thing 14 lBIz 3442 vfLu 50493 syf3,success
1778883008,create record thing 18 Jkxis 64634 dAAEe 32990 SEMCi,success
1778883008,create record thing 29 6uMX 43193 uY18it6 26326 t78sREJ,success
1778883008,create record thing 32 urWw5 26188 9lVbT6mX 90811 YXzE,success
1778883008,create record thing 36 spjAxBLKH 90663 HXw3HNf 32536 PkLINO7uX,success
1778883008,create record thing 95 aqFG 76089 JByVKFvbg 54522 h6it,success
1778883008,create record thing 4 WGvgSCe 5856 SbvgX5TFIu 55885 ozlNAbM,success
1778883008,create record thing 15 BAanr 92243 XJXHwmhPE7 41078 yyhvCkPX,success
1778883008,create record thing 82 KPtohxiy 78174 JAEH4 22706 krl0M17E,success
1778883008,range_search thing id 25 74,success
1778883008,range_search thing id 72 88,success
1778883008,range_search thing id 84 99,success
1778883008,range_search thing id 53 96,success
1778883008,range_search thing id 63 89,success
1778883008,range_search thing id 91 98,success
1778883008,range_search thing id 63 73,success
1778883008,range_search thing id 11 83,success
1778883008,range_search thing id 4 32,success
1778883008,range_search thing id 38 40,success
1778883053,create type thing 6 1 id int name str score int city str age int note str,success
1778883053,create record thing 777 BKsoRRC 90096 5WMO5 55723 HO4Z,success
1778883053,create record thing 508 dXKZ 37828 hQR6FEe 5224 TLboP1K,success
1778883053,create record thing 896 9Pqc 99125 DO4lK 83202 EfvuP1uRr6,success
1778883053,create record thing 923 VcfphV1Za1 60552 dGMEBdq 17172 BRh8Lo,success
1778883053,create record thing 34 tazn0 14871 6Oj5sRz 63242 pIx5F21,success
1778883053,create record thing 484 V0vWqa 95164 ZJO1BE 43573 Vx518ox1,success
1778883053,create record thing 86 cURYxPY 19936 7h7ug0g 59890 SzOj,success
1778883053,create record thing 751 WqMyeuP 69942 7M3EHMo 89705 9UAgN2,success
1778883053,create record thing 355 ksbudwA 32007 zQlkLxQE 76435 oNCP3,success
1778883053,create record thing 524 3QjBvKN 55615 p0mxDoJJ9 38696 8OrJ,success
1778883053,create record thing 185 W84UZ3WoX 28705 lpUVQigMc 57779 JTfs,success
1778883053,create record thing 810 zmW2wFqk4 63156 s1XDeUnPPy 73048 fyqhwU,success
1778883053,create record thing 419 KY6gob 73584 4ndZ4s 53516 i6sE,success
1778883053,create record thing 616 oHyx 97404 6zUjzgEz6 4288 wB61gQH8w,success
1778883053,create record thing 683 r86ZfnN 2799 WphJ 8992 Vmn1uj3a1i,success
1778883053,create record thing 502 HXg1i 46955 WKaqhAhdBw 77812 CnMT,success
1778883053,create record thing 761 OsNb90AgSB 10589 LerNHu 78301 sFAXhO2I,success
1778883053,create record thing 50 nBovCzfAPx 20006 5eZffTYIK 73608 uhvPU1S8,success
1778883053,create record thing 733 tgFjD0vI 15058 roAIVMPILO 90894 bqV5vl,success
1778883053,create record thing 337 JyiNb 97794 nAvwSWJf 6895 jMPqP,success
1778883053,create record thing 451 LznFvgQ 77743 Gtn9dm6 17987 puaUkxRFZX,success
1778883053,create record thing 791 yUBC 10205 tAzNrz7k6C 90388 f0pKGy,success
1778883053,create record thing 351 UnWeNG 25415 vTYYojmLVO 23218 MCIJQ2N9u8,success
1778883053,create record thing 468 jeBsrd 66497 tCdZ 10057 11MFCIX3B,success
1778883053,create record thing 623 JlLF7BYZ8f 84689 cR9GL 47696 4yWQdN,success
1778883053,create record thing 477 efQrSO 78997 jfP4tOPhRf 73259 NuhR694,success
1778883053,create record thing 615 OAww 23627 vVl9j 38770 WFHTGP2MLj,success
1778883053,create record thing 555 ZVYkB 53852 PoBrUB 69993 tYDZw,success
1778883053,create record thing 366 9CrxG7YX 18140 pN2Ig00rVq 67286 Zf4Y2,success
1778883053,create record thing 771 zyxx 10696 ntgSuj 5020 4DZVDM,success
1778883053,create record thing 631 bnj6 79807 AWohoNMd 65513 HNJSsavJ,success
1778883053,create record thing 941 Pf8eG 66496 9IyDN8pbWv 96068 MVTucHYkW,success
1778883053,create record thing 798 8DliS6c 26422 X2tt 52196 HpUlwW1uhw,success
1778883053,create record thing 497 U3x8EE5 68062 XTeLYH 42101 eOtL,success
1778883053,create record thing 925 kBBT4MA 83816 6eNwXQ7iLW 4561 eWwxJ,success
1778883053,create record thing 370 jBwBeiwt 36528 7blG4 15435 WRnLR9,success
1778883053,create record thing 597 h0C3B 11506 Q0tveH30S5 83584 XFhmi,success
1778883053,create record thing 721 EwJC8i2eyS 62739 zzJhteCG 16821 WNl7A4dhjk,success
1778883053,create record thing 54 5n6Gre 25729 7rMMfNKKk 81851 3u5c1f6Vq,success
1778883053,create record thing 427 VzNEM 37967 7DXQsedBE 26741 LtST18,success
1778883053,create record thing 57 VFgoh 58929 id61z 20932 uJtVEFEtb6,success
1778883053,create record thing 265 CoKdrL0P 37453 agiqwzcd 73638 wrxBI,success
1778883053,create record thing 773 9Qh8yXv6Um 66731 FciuDCL 67568 uMk9T,success
1778883053,create record thing 186 KFFEID 2180 ugzt32 82478 LqO8,success
1778883053,create record thing 467 JSKkMM0j 89224 b6gbt 19848 QzW52Td,success
1778883053,create record thing 790 GI9Dx 22699 4vvVSNQ 79963 lpIn8sr,success
1778883053,create record thing 175 QEDI5 94589 rJH3yv 19198 c7e5OU,success
1778883053,create record thing 151 mH5Ri 80698 KpPGNdzSg 18018 78jO,success
1778883053,create record thing 742 Dm7tO4f 75252 HS64k 23040 9yE6,success
1778883053,create record thing 114 52aJg8r9HE 17589 FqYuTOSaus 88395 lLNzAuyf8D,success
1778883053,create record thing 429 axBqu 76344 JqwoPCjQ5 92216 th4sMnijUL,success
1778883053,create record thing 966 R4UXZVQ 78094 WGGw4gZ3mH 21566 0BQSE3,success
1778883053,create record thing 19 YCFCdCY 94801 yYUJ 5936 vd95e5b,success
1778883053,create record thing 190 liNT7x3 58790 4xe72i1h9y 16691 8ZU8CSAxo,success
1778883053,create record thing 415 vr6SgYz 2050 mgcLR 6380 Tyon1,success
1778883053,create record thing 590 i9o4 75511 JVYo29 68321 zrIKT,success
1778883053,create record thing 667 MAE86 87994 WtzjxUD 29536 1iCdzz,success
1778883053,create record thing 764 ipmO50fS 24966 qPL2 24662 VSID1u7a67,success
1778883053,create record thing 222 UU4R 92244 yotrC 85029 tw2CXS,success
1778883053,create record thing 587 04wzInjq5J 54732 juxZEO 89764 pY7NEk,success
1778883053,create record thing 582 viHl397G0e 87584 Vz0o 92690 aFxMP,success
1778883053,create record thing 300 4OaGzbSH 37576 FRA6 23496 4GoM,success
1778883053,create record thing 639 YqyxzJ 91388 sZe9O 4152 zxDN,success
1778883053,create record thing 387 kEAWJ1fGc 27710 QJq5QrHOl0 2052 KUSye,success
1778883053,create record thing 365 IJ0PH 50311 TXQeUvgoeL 80460 yVbq9Ew6,success
1778883053,create record thing 880 lKxVspe 35123 xWjyw 11995 6BVg,success
1778883053,create record thing 335 lBIz 3442 vfLu 50493 syf3,success
1778883053,create record thing 17 Jkxis 64634 dAAEe 32990 SEMCi,success
1778883053,create record thing 203 6uMX 43193 uY18it6 26326 t78sREJ,success
1778883053,create record thing 2 urWw5 26188 9lVbT6mX 90811 YXzE,success
1778883053,create record thing 39 spjAxBLKH 90663 HXw3HNf 32536 PkLINO7uX,success
1778883053,create record thing 291 aqFG 76089 JByVKFvbg 54522 h6it,success
1778883053,create record thing 494 WGvgSCe 5856 SbvgX5TFIu 55885 ozlNAbM,success
1778883053,create record thing 248 BAanr 92243 XJXHwmhPE7 41078 yyhvCkPX,success
1778883053,create record thing 507 KPtohxiy 78174 JAEH4 22706 krl0M17E,success
1778883053,create record thing 897 Y7FEQ 54477 0EfbVsrHk 59942 UVIhhWZw,success
1778883053,create record thing 714 UVBnATOp2b 34447 1f1hYn 96680 Q1LAMWYX,success
1778883053,create record thing 892 vrHuRrq1 89037 f7W491h1pS 32447 0yiNMxeXVy,success
1778883053,create record thing 77 r6w6uaVTT 60089 PwdHnAnqZ 44270 JJEvQdgW,success
1778883053,create record thing 912 b5jC9A9 17290 s22fwfPOd 81999 TUAffn,success
1778883053,create record thing 793 ioQa 91173 Y9Aiex 95782 gt2iVUi9iG,success
1778883053,create record thing 509 Lkvn 98077 5MBn3 18351 hTvAXpNpLS,success
1778883053,create record thing 178 WQ0OsG 66784 Usd37 64865 gEKG895,success
1778883053,create record thing 843 x0AHk 61736 eKan56yrSV 55518 yNHjfe58j,success
1778883053,create record thing 201 yNZQeR 95677 op5hLdPOka 17984 aEvGYqxU2,success
1778883053,create record thing 766 2VbYqdSJe 59663 wEJwpgJS 29937 Fc1pDxj51,success
1778883053,create record thing 910 XSOnp4tZ 74912 hPdnFc 52550 21Vt,success
1778883053,create record thing 294 IamI 39834 MCKEVm3Vp 835 bHNQauV,success
1778883053,create record thing 539 0TgGoEd 18661 rco0z3CUK 66247 NyKdP,success
1778883053,create record thing 25 oqtXR 96384 tqemWK 20369 kCzH,success
1778883053,create record thing 695 mtqhjQZRcZ 42964 fpwFP 34100 9bzCUpCXia,success
1778883053,create record thing 211 WnmyQ6fK4e 8450 3Bh4Z 43456 cCkJ,success
1778883053,create record thing 425 SExAv4rBjM 80868 OE2Df 50202 zNXp9,success
1778883053,create record thing 529 X9WwHE4F 50905 ltn3Wd 61824 wKojpoHX,success
1778883053,create record thing 35 d9n0Xv00k 77662 XR4bR6 73873 Il92E,success
1778883053,create record thing 929 kcdLbD 43481 miS40ubK 18566 gGweRPKuu8,success
1778883053,create record thing 399 6X7Ok8R5W 29260 KktQhT66y 74381 ltYL,success
1778883053,create record thing 608 J6iUo8k2f 92925 N2Bqpepga 50585 T82ExHg,success
1778883053,create record thing 299 WJVnBXc 2631 qgv3je 12203 KMDb6k,success
1778883053,create record thing 849 jgmlRST 34768 rodJ0jwAs 86772 Lmbksf0ty,success
1778883053,create record thing 669 3qNyxxl 5848 BqZIjR 12675 PYzU,success
1778883053,create record thing 283 I0YzH 62236 2De3SF3X 88805 j6B6knlc,success
1778883053,create record thing 940 9A9M 77994 tTYfII 36202 C2WMGAzj,success
1778883053,create record thing 945 K7ggWW12 53856 xELcri 79777 Rc3uoU53b,success
1778883053,create record thing 607 Xt01Q8osUV 42056 TLfB4z 63499 GxdXeRzWGJ,success
1778883053,create record thing 960 lZZpC 47235 mwCy5QpEB 62204 IvZqZfbd,success
1778883053,create record thing 935 J71OQqzbWV 1166 4OLapXs 92978 r30CnsGMK,success
1778883053,create record thing 732 FP0x 84848 Lsgd9N1q 93204 sjV3XXLOQ,success
1778883053,create record thing 288 bEs4zTK9Y 44979 SQND6wskO 73170 sDTSI,success
1778883053,create record thing 528 63Onn 40250 Wuqs0D1 76490 6e3F1xsd,success
1778883053,create record thing 808 j9v939i1lf 43598 9tdCmVJjW 11539 MNz7x,success
1778883053,create record thing 230 HT63 99201 GbaTo2tgFs 8557 c6CGGAQi9E,success
1778883053,create record thing 437 l64zoTiTKk 48049 Oc2pHd9PO 2587 QzxH,success
1778883053,create record thing 29 RmQaAgG 81631 Rz3FMrWE 79823 WZ8wz,success
1778883053,create record thing 375 cEm5u 358 P4ZP 19548 WeS4,success
1778883053,create record thing 820 o9sCgkcsX 40987 TfVc0Pk 46861 7qTxvhy,success
1778883053,create record thing 317 qx0XOXh 91248 d6jzKXQlx 47002 bQZ8i5hz,success
1778883053,create record thing 561 dOa1 68788 USn72GQMAT 63167 PNjZ3M,success
1778883053,create record thing 242 Nj00 21679 Utur 66444 IxYeB,success
1778883053,create record thing 150 B1BhEOgz 73024 afLMsFmP 44676 ZY0uVL,success
1778883053,create record thing 517 OShVnvZ7s 68417 RckiSS 14019 Ll5yCW,success
1778883053,create record thing 418 uUcNPh3CK 66086 7aTIA 76692 5W4QkYg,success
1778883053,create record thing 661 L2Fx84Vq7 38557 XiL2F0H 41144 TInnSQ5iS,success
1778883053,create record thing 199 FRthv 62963 JPzU0r0Y 68515 bjPm,success
1778883053,create record thing 586 W8QjdWmHwC 80754 PInOyFXRQc 50014 zWQ7dUm,success
1778883053,create record thing 326 W1Z4ROUHLW 25362 B8e7Th 5326 rqj0aC6,success
1778883053,create record thing 824 jud5 80689 PEJwWtnleF 54516 HfnnuwnU,success
1778883053,create record thing 703 DIUOhvoN 81412 7Qt46 50577 Hr4YxX,success
1778883053,create record thing 950 EsOtff8 70513 aePV1AgH 92109 WO6UjCufd,success
1778883053,create record thing 516 peY4zBztyh 773 SdUc0wFrQ 79503 r5xY,success
1778883053,create record thing 865 DHiy 71529 7iP4XT 48906 IIha,success
1778883053,create record thing 837 yHfnTTn4 67181 jnZml 74356 dU9INePpmJ,success
1778883053,create record thing 878 wPorel 63682 uOQjJY7 22103 tWSN,success
1778883053,create record thing 360 0iT2Cw 40038 IkL01iH 34502 2eebFbKzK,success
1778883053,create record thing 595 IH9D 19481 y3K1iF 11869 wao78QU,success
1778883053,create record thing 789 Bl6O7 96458 DwnEdwcm4 47349 DCc8uRG,success
1778883053,create record thing 189 qTJJxxK3ep 29215 zYvX3a2B 30145 Frjj,success
1778883053,create record thing 67 ShoYSDDn 21134 ZbcJjNcJd 33850 Gz8N2,success
1778883053,create record thing 356 PrfB91kZL 76368 VMFkQ5Kexi 2170 G4QZL,success
1778883053,create record thing 800 DMcWF 15403 DiLZ 88940 AA2RA6DVv,success
1778883053,create record thing 903 TVRgiDo1r2 53562 lRWJha 85792 QtwjO,success
1778883053,create record thing 921 qHJL9y 26698 IIlID9J 92470 T1OUBRk,success
1778883053,create record thing 943 FWXMQ 6822 yNXZD 78675 fqwLS5y,success
1778883053,create record thing 331 GSL6YNBmO 67915 mWFRMP 47151 O8fry,success
1778883053,create record thing 728 yKGTefrZ4 45625 7rLm5J 34223 zges6,success
1778883053,create record thing 397 FpHXpBxDpv 60142 CKbheN9Po 41383 7GaZpfP,success
1778883053,create record thing 464 vIltnJlU5l 96614 opqoZ 81080 jg5PPM,success
1778883053,create record thing 394 170xt32Jrl 66995 yUhGA6 4268 v1WChGta,success
1778883053,create record thing 312 nKuLqIoDM 47962 EnRx0 36651 liJogqo,success
1778883053,create record thing 681 1mXTDaA 17625 NHtEp1cgkn 33330 0fUqwIY,success
1778883053,create record thing 745 bh17mJ 85082 kWwPET3x 37555 NikYuNJ,success
1778883053,create record thing 922 4evtOSLy3W 47600 K7zlbTP6R 10494 kgd2I,success
1778883053,create record thing 462 VG9g 81015 f5yoT 58085 hGkcw41C1,success
1778883053,create record thing 523 Ii6HKC 98161 2ANH4Doft 54028 jaGVir,success
1778883053,create record thing 632 a56DaAso 946 xzIykTyx 34469 AoV4,success
1778883053,create record thing 491 RqOGqleigC 59345 REtj8b 13405 qSTojE,success
1778883053,create record thing 196 AWExRb 10515 UjqyHl3pxa 93674 x8p9m,success
1778883053,create record thing 257 VG8DQtuNc 72034 hDswdP8o 56906 aXKyp8,success
1778883053,create record thing 694 WDKxfjfM 99557 dwjHgEtIN 45523 3TbxSpcRIH,success
1778883053,create record thing 741 llvTrZ4 72682 ejsqw 94 Nxlb1WoSOH,success
1778883053,create record thing 578 lQVjrzt 12616 Oc6lbglb 84115 yEMKdnSa5O,success
1778883053,create record thing 158 eXdI6zwRZq 5328 es67gSGlG 32605 MlUzgNwC,success
1778883053,create record thing 613 AgXIFOHL5 41307 9uxVATLI 28039 V5p7ByT,success
1778883053,create record thing 393 KG9ssn 41275 V6Y4 67013 JJfCjq3p,success
1778883053,create record thing 970 Yfy4TS 63246 E3RYf 84181 cYxW5u,success
1778883053,create record thing 689 A5hVU05NNd 68731 tJuR 20079 P98U,success
1778883053,create record thing 362 FnryifJd 52322 fFViiI 63944 OmMTpeW,success
1778883053,create record thing 817 QJgzwl 45157 OVkvYXMB 30603 QjTfT,success
1778883053,create record thing 402 651Ya 90937 gBbmHmGqDT 18526 RbKPckrWM,success
1778883053,create record thing 93 C6eO 86898 4wgs2x8FS4 63525 Lfm7ISc5sE,success
1778883053,create record thing 918 jvvMo8FYM 50747 966nvyiTGQ 81988 ooj84uHmi,success
1778883053,create record thing 490 QmiQ34A4 19025 54tI6ht2T 41771 7sUYNTj,success
1778883053,create record thing 452 glVLq 74323 ooQwQDFL 93325 x0EilbVaq,success
1778883053,create record thing 252 nPmmk7B 80879 Q13AWLZ 94398 y6JHNR,success
1778883053,create record thing 654 GBZc 32207 H8cyV7lB 39918 ZCAMdGiZCS,success
1778883053,create record thing 770 lK3H 51520 ubC332f 42477 OSkTfRNfR,success
1778883053,create record thing 671 XF6xxV4JO 19672 1lSAt 58491 MhimMp,success
1778883053,create record thing 130 EEYLEnO 59472 BLa2rMY 27215 ldvj,success
1778883053,create record thing 638 PZs5 6426 zlPL 90638 KWkCJ5fsw,success
1778883053,create record thing 992 YV0eDh1 43150 znmdJ8Gf 94905 LWRA0qJM5,success
1778883053,create record thing 343 IGNElLR8 207 bMh0 80649 zuINamr,success
1778883053,create record thing 309 esIVhuyJ7Z 25430 Z5DDci 20366 C13CY5dGJ,success
1778883053,create record thing 137 tHmQX3v8r 4085 8M0JyK 98505 RtbzEo,success
1778883053,create record thing 89 ZsGkxcm 12137 FX4jvD2 40679 uVg8G9mcy1,success
1778883053,create record thing 328 a5QK 11413 CcGOtJ 40913 3tlrtBhjq,success
1778883053,create record thing 476 7IgH 72006 q6XJkt 44399 BiDPgdAl,success
1778883053,create record thing 982 3NQBwumV 69924 8UCi 91566 gtNVD6i,success
1778883053,create record thing 851 pwl4u1uE 8567 gD0rvJF 53174 SgIesCKopj,success
1778883053,create record thing 893 xvYKWAW 71372 oPe5JEKCI 58355 tzLQK,success
1778883053,create record thing 376 xEOfY34Naj 19558 GyJmQtJ 89071 46S49K,success
1778883053,create record thing 179 9zhswIdR 47086 11oR 51677 txxHPDlx5,success
1778883053,create record thing 27 zr2haOi2O8 17796 iX13 91146 5MCAYxnA,success
1778883053,create record thing 350 J0oF 53849 JccDwJ7e 95706 G1UrGGLpN,success
1778883053,create record thing 500 7eNXtdvWD 67195 Juv8skR 78333 sWqNJJOsT,success
1778883053,create record thing 475 rfF0 36418 ir1agk 77564 jBYqREX1v,success
1778883053,create record thing 618 7KYZ 98665 VoBNnTv 84182 UhkysU,success
1778883053,create record thing 698 5oQyqGArXx 41377 Qc4N7A41 43904 qgOyVU,success
1778883053,create record thing 51 PVGQ9taae 53903 GQvS 33016 cMdK3,success
1778883053,create record thing 212 6NRh1 17027 O3J73Rp 61204 6N5rA4Vuk,success
1778883053,create record thing 382 rdy9 33847 qBE5LlEiVn 84323 4Sge,success
1778883053,create record thing 884 TWbEOacy 19871 uyaRVDzTY 9188 oxQWhH9u,success
1778883053,create record thing 174 yN7fH7 10545 CVOkcxlR3N 47089 fNTilSK,success
1778883053,create record thing 148 yXNE7Y7 2151 vuSz 27745 OG61HToeTE,success
1778883053,create record thing 420 D4cR 17109 kdtX 59793 kKYgEXnX,success
1778883053,create record thing 962 uZTyhQH 42151 7nckdqUkwk 31934 cg0LWaEa,success
1778883053,create record thing 149 5RKrQ 62391 hiqBokQKS 80222 MWva,success
1778883053,create record thing 976 l98M1 70742 nVOrmXQ8 62182 kPcNrAu,success
1778883053,create record thing 80 3CgdHjbFeo 58303 JzU3ogoo 54079 m3eKdBnLlx,success
1778883053,create record thing 776 SN8mhQd 17891 0Ckv 38687 jX74JIoz,success
1778883053,create record thing 303 E9KZrTTp 42899 J3KjJa8 5250 TFAyYRg,success
1778883053,create record thing 996 oIaT6is 84887 aPkC 74760 K8CiRl2MR,success
1778883053,create record thing 526 1e3u 4287 Aq6HXW 10611 2Td6P3gw,success
1778883053,create record thing 775 cwORIViu 70730 OTU2 92123 UVt3F,success
1778883053,create record thing 232 rdvEGhS 88907 HsMX6Y6e3C 10508 3r7grRE,success
1778883053,create record thing 626 m7bzQ5DATb 24780 bXZG 44024 JOWEPGI,success
1778883053,create record thing 801 siWkqE8 6202 vCk5S 37387 80QPj,success
1778883053,create record thing 562 h9JBw 26890 RP8jB8Hh 3266 5V65j8H,success
1778883053,create record thing 510 uRDr68Jj 74086 4BQT3iIty 28883 wuLmGWV,success
1778883053,create record thing 841 bHBPf 67081 mtL64wj 56051 xavtBI,success
1778883053,create record thing 495 TB9Xr 95420 TzZLis9 68852 e7Ufz4,success
1778883053,create record thing 120 kCJ4mZr 64302 ZsKE 96974 nXjsNNh,success
1778883053,create record thing 478 3zEQphr9e 97722 KJ1MDR 15674 FJ0kdt,success
1778883053,create record thing 145 ikqA4wrG6 67353 VlfUH 41446 0XqRwHviir,success
1778883053,create record thing 30 Ev4gjnl3MZ 68898 GIUhCeY5Dt 47522 Y3LVv,success
1778883053,create record thing 911 sUhhRQtn8 55680 VgbEAmcOK 61483 4csa,success
1778883053,create record thing 122 W5m3 24219 vf066vjFT 31696 JgJanlr3,success
1778883053,create record thing 606 aS550DRl 88280 lvxn 29825 g9hgiVR,success
1778883053,create record thing 62 SfExCTQ0 29605 z9A13X6w 1675 EgBOfiyKg,success
1778883053,create record thing 872 e8uK9 16090 ZSrSK 35779 WNyDLzErVg,success
1778883053,create record thing 573 Eo6bTZ 65291 blLusMVOG 64512 CsEFHYHbV9,success
1778883053,create record thing 6 xtxC 4306 I1sRE 17627 SEgPOQ,success
1778883053,create record thing 927 DIjdqKxP 37281 dKhwYK 81940 xA9zdp,success
1778883053,create record thing 640 OK4es 44249 buC1J 55203 bDbtJt,success
1778883053,create record thing 440 YgPu 65898 VvMwBE0W0H 37664 c9yoUf,success
1778883053,create record thing 730 JKqJGAveZF 39309 PtzpFPH 2438 R1Jn7UC6H,success
1778883053,create record thing 194 045TdmCo 97836 V0z14N0qr 21048 QoojbX,success
1778883053,create record thing 753 CIBOcj 17882 qXOk 5535 Eb1fL13zw,success
1778883053,create record thing 627 2y00oJFhP 76076 5p2ohYuKyU 30924 ngnrz1d,success
1778883053,create record thing 572 x6tAQ726 47578 SYb7L0P 7166 4PpxNR3QH,success
1778883053,create record thing 18 1y4y8 33493 fZon34 82752 2Vzc1Z,success
1778883053,create record thing 743 Dz0S2YZ 91551 FvLYTC 3584 dNNXiyMtfj,success
1778883053,create record thing 915 SVOiKz6B 96360 qQZXm 54328 l262n6,success
1778883053,create record thing 511 OM48mRky 56217 qfw6hSA5 59468 PhSl1WrEi1,success
1778883053,create record thing 574 nZTllXb8 30865 BpKOfD28 52108 nxALeId5D,success
1778883053,create record thing 139 967LUc 33247 Msyw8IJq 66027 52itGih,success
1778883053,create record thing 192 8E8r 47263 r2MVqt3 41358 9Vj0OXdjo,success
1778883053,create record thing 5 DkCh 64868 B9IC 14744 SjvmrZUYIP,success
1778883053,create record thing 444 K8GJz 10070 VP3bQ 89212 yK6Z,success
1778883053,create record thing 21 bCRDM 35300 OucMC694 74600 ndNud,success
1778883053,create record thing 214 HLfp 31467 1f0kWrUOhE 56670 XtQiPZFE2,success
1778883053,create record thing 65 qLfAwlN 12182 F8PO 93537 5GOfD,success
1778883053,create record thing 412 4Djh 39375 pAJI4FFzCS 33211 pfFhPl,success
1778883053,create record thing 302 0czRt 94908 UBYv4Yn 10252 8qPAbyaOC,success
1778883053,create record thing 334 17LEM8w 88316 PXfilYRlb 63060 io01HfVjA,success
1778883053,create record thing 193 kjR7 61799 1KmJ 51345 ug0A,success
1778883053,create record thing 665 0TKIsEE 77468 LQYESGAtd 84974 3hMOBBk,success
1778883053,create record thing 263 lvon4vL0O 17191 Syz6Ow 61908 8kmQfDkjEX,success
1778883053,create record thing 648 smcb2wj 65991 Yuho 73660 E9WVV,success
1778883053,create record thing 811 qjQFPR5B 59917 U8WL1gIFkh 26920 jsBFTg,success
1778883053,create record thing 233 wYhm8VaZD 37585 kqSzNpUG 29908 XzzC0,success
1778883053,create record thing 796 Q6BVSGeuyV 56894 yc5j 75308 88X2,success
1778883053,create record thing 682 z2R2St 45109 Z3Lj 52944 N3MMBvY,success
1778883053,create record thing 805 zmscuSTh9 37214 fIGUj 3655 HqZsAFT0qF,success
1778883053,create record thing 483 cOhs 96581 C8X9 74133 3MHKvrWSP,success
1778883053,create record thing 361 xTgGlWCjA 54008 fAin 10233 PyIW2K,success
1778883053,create record thing 839 AB5E8ZihS 16958 FGRCcjI5h 53558 hJcj,success
1778883053,create record thing 237 sxsbiW 55280 6srl 96948 aHecDtC,success
1778883053,create record thing 628 WDSLVF 60415 BB1uXPzoyH 87876 TO1RJXR,success
1778883053,create record thing 958 NNf7HU7G 98377 FbOG7rm 92486 3BYLyc1bBz,success
1778883053,create record thing 583 Gxf8HrlVj7 88946 d7lSs 12942 i3p63d,success
1778883053,create record thing 273 UKEUx 15083 dCzEzo 2440 IKgVOh,success
1778883053,create record thing 202 zfNm8x9W 70455 7IcY7MO 21939 d5qp,success
1778883053,create record thing 14 xvNKFcTIs 51813 hiIrAL7tQ 44909 qUCp8vCLa,success
1778883053,create record thing 428 i5LaakIRE 51483 f2OH3YBh 49332 Lx0Y8hwlaU,success
1778883053,create record thing 240 r5wfMsSoEw 36799 4RmmYy1 74593 EIOJQJeh,success
1778883053,create record thing 85 h512 95538 r0b8QMQ2aA 88224 d6A9qQCwV,success
1778883053,create record thing 533 nrABamfJb 96658 8Aepk 40737 MfDY,success
1778883053,create record thing 173 X50pD7ZY 68114 oeLBfBh84x 90880 WdXd,success
1778883053,create record thing 290 MeQIsxfU 30554 LOaxX2Mv6W 59516 ulgKeWmJ,success
1778883053,create record thing 486 FwDMlichK 67256 Ut2Wjtvwa 76865 QdFZ1Amm4,success
1778883053,create record thing 330 elDQCQ0Jus 43072 g24E5 83724 QCnDV,success
1778883053,create record thing 684 uTml9webhs 25480 KVcbmk2Sv 72680 lb04b,success
1778883053,create record thing 319 iO2unCwxk 69065 922ei5Xlxx 78584 8pcMlHW,success
1778883053,create record thing 455 pNrhFK 64092 TWXMk 50871 2UxGlSGD7D,success
1778883053,create record thing 250 y5Kcnm1y 40107 3J6xIif 58262 vKCMACzX,success
1778883053,create record thing 847 qbBqe3 38603 FHerohwHuP 32771 UV0lLi,success
1778883053,create record thing 280 UT4asYWzzJ 85892 DFVj 52101 oUDFW,success
1778883053,create record thing 456 DYvf0A6zB0 3945 i2sTEO 46486 nAUVQs,success
1778883053,create record thing 902 bW5j7uNL 79670 18myHlgJ 59183 3fgIbQEle,success
1778883053,create record thing 762 roOedGk 53852 jgHDe71 17030 mARDL6KFQr,success
1778883053,create record thing 548 9BZL 32353 uJECcfO4 45453 0XyZ0zlMA,success
1778883053,create record thing 181 4lJy6o1 35884 HPeT34zVh 48330 UFWz,success
1778883053,create record thing 558 pFCeR 98269 xU1yah4 42875 UEeIp6iY0,success
1778883053,create record thing 629 ZLkhT 22079 PaqB 23322 S3HBc,success
1778883053,create record thing 424 YNS3ytdaV 26442 xofA9 44186 lPn2XZkkzg,success
1778883053,create record thing 844 uMM5yA 30462 guaOa 27887 nOrMc2z,success
1778883053,create record thing 11 L8gH90k7L8 91267 Q8RuN2t 87342 eb4BFTF,success
1778883053,create record thing 200 9oM3tTUMd 49089 sjmc5L6 96895 itWcXz,success
1778883053,create record thing 426 rb0upH4PpQ 94306 LxtBa 64440 7d96,success
1778883053,create record thing 535 fKZ5o 10245 StSpkpr 58755 m1D6wxDAL,success
1778883053,create record thing 32 VYXbx0V 39351 HIkxsrID 43677 Sm4a1,success
1778883053,create record thing 580 SE568xENK 53580 9h5k 57186 VUvRNw,success
1778883053,create record thing 405 O5Tp 4522 wRbPjL6jpJ 86848 khfSxR8e42,success
1778883053,create record thing 278 Zps7O 50172 tz2TfNWv 18705 U5yt9Y,success
1778883053,create record thing 445 gVzz 37793 AkliEFgJn 26337 UYl8,success
1778883053,create record thing 772 zMM1ksxrvK 62638 PgdUaK9 12693 GaL9V,success
1778883053,create record thing 373 DuAw39Y 47344 yL82Xa1yZ 18201 L1rR,success
1778883053,create record thing 723 pCQ1FOaN6t 83070 28TQoE 96889 Xv66DORg,success
1778883053,create record thing 401 smiGJ1F 16759 XsPI2kB 15162 PonUOfA,success
1778883053,create record thing 79 b5uxrSP6P 87225 5NEXu 29334 VLNxSTxN,success
1778883053,create record thing 538 7BoqsgvK 24662 6JhtxTtKl 50875 twQXGLn,success
1778883053,create record thing 576 a0tYsnQ 19323 rU0ZctFQ 35841 RDZERx8uZn,success
1778883053,create record thing 549 5nT5W1TsY 20865 HuQ9 99315 yGrRm1y,success
1778883053,create record thing 711 uX1d5 39855 OJBD3nX 25644 Ow1gW1x8Q,success
1778883053,create record thing 42 5f8ld 67559 uAjSphysK 22608 UW9PfCYxN,success
1778883053,create record thing 886 whfEPFb 75101 DRfKx9Rs 16414 uS1H,success
1778883053,create record thing 633 YbIHYEG 76640 SWhU73lL 23584 IXhh,success
1778883053,create record thing 859 OfpUf 16346 s7k8Opc6 38456 HiEt49LFQ,success
1778883053,create record thing 140 YolsZ7Lnw 16841 Mepx4yfpA 91031 HeT9R,success
1778883053,create record thing 386 SIOFk 20118 9AbLeh 14416 HeNwuq1na,success
1778883053,create record thing 457 8n7WhG2 77178 YfvJrqgctU 23681 XQWI2y,success
1778883053,create record thing 933 haFjhxTd 95082 8RpLRl9XF 36152 GS5oNfs,success
1778883053,create record thing 814 tfeT6kdUIE 1401 P5iEQPH 16343 alZaAHv,success
1778883053,create record thing 141 O596QcBk5 68618 kwivd 64947 k8uQZ01,success
1778883053,create record thing 625 ssnTJn 39953 F3530daCs 14046 vSya,success
1778883053,create record thing 321 EfFjhEj 86066 oysAlY 14246 OBiUa2R,success
1778883053,create record thing 709 lcyU 4142 P678h 64103 EQhUWyTT,success
1778883053,create record thing 458 yggbjFVoQv 78261 aDrfAMTlr 15075 qRPADWgTLl,success
1778883053,create record thing 874 KNoic95AMf 6678 zsNouDF 84393 sqrv,success
1778883053,create record thing 327 p3laOtr 36721 gl6wsgaI 17079 wYUKLo,success
1778883053,create record thing 127 nx3iUh 76881 YlBg6MsDV 69934 jhzS3V0Iv,success
1778883053,create record thing 133 BS4ez5 66043 bLRhcJXRTy 89744 18kUxWyq,success
1778883053,create record thing 818 aJKa5 67213 FSq0sqh 29350 HsN6,success
1778883053,create record thing 398 5qXNpZ 70070 avLw 10911 2qi3s9Maw,success
1778883053,create record thing 916 7k8H8WWgU 50067 pMLmBumN1 51834 BTAjD,success
1778883053,create record thing 994 ll1lETO 2758 klyLee 32145 48gGTYL,success
1778883053,create record thing 416 xgaZ5iV 35082 6LXaX 71089 Y0fiV3YtD,success
1778883053,create record thing 596 dQMhZ 13476 sFZi4bAj 85899 o2x2Zg,success
1778883053,create record thing 259 9n7re 43741 w5fc 19805 AulA3,success
1778883053,create record thing 314 sYvg4P5YS 10009 a5jOtySWDe 75739 7rf9lxt,success
1778883053,create record thing 410 D8LNi65 50224 IHEHofS 69067 WYnfwm0w,success
1778883053,create record thing 163 75dv01Y 38626 i084pZd 18061 7Rxb,success
1778883053,create record thing 305 xRPeZ1b 47873 eeJYj 23910 UURszuW,success
1778883053,create record thing 287 agdNLkjyA 59545 SpJso5qf 49487 UydyY,success
1778883053,create record thing 645 LeQDOzxd 48690 AqgwWuokg 27775 a4lm5ofJ,success
1778883053,create record thing 636 IWct 40449 8U7F 41218 ywiPu3FFWb,success
1778883053,create record thing 354 xK0rjC2fS2 89320 iS9F9LGVB 17196 sM6cSQ,success
1778883053,create record thing 69 mLejM 65211 Xi1H 11425 ft5krwf,success
1778883053,create record thing 679 SC98V 57939 568EwrzMQ 57780 FMtfzB,success
1778883053,create record thing 834 c8dXRIjgx 74728 0n2PvDH 60929 fT45,success
1778883053,create record thing 936 AydvLnThCH 61599 NtbLx 47381 ADd17QqNfe,success
1778883053,create record thing 680 f2BAn3l 7044 3A7s 26031 6DHW7B,success
1778883053,create record thing 720 JZI3mSJiP 96253 ZTa35EtXP 34446 S961NNJc,success
1778883053,create record thing 238 8AHkxv78J 1883 Yb3F1R 85054 zvZA8u5,success
1778883053,create record thing 266 AkKHx0Q 57343 rM519XgOM 53907 EU5g,success
1778883053,create record thing 91 FXP0nWI 15007 16vXC 84523 Wy6WFqOt3,success
1778883053,create record thing 836 Pa4cbX0 68021 TtkJAIyMyd 75740 hN8k4GB,success
1778883053,create record thing 863 ShhJ 51381 V4ZjtfbaVj 81015 H8JbT8NWl,success
1778883053,create record thing 55 3sHpWWVOr 18844 b91g5hiql 10142 04mgXzE,success
1778883053,create record thing 658 eQxt4Ylal 74356 Lb89EMHjT 15937 LHGVn,success
1778883053,create record thing 944 hnunT6 35073 D7vIsU 64985 FylkQ3r,success
1778883053,create record thing 407 gXKkmSA 58478 Kqtgxmv 82929 dkcFKsZN7v,success
1778883053,create record thing 381 hYAl 32154 nxit 1262 QSnJto,success
1778883053,create record thing 125 xLGg 36444 L21e3AUtt 25837 XE9A,success
1778883053,create record thing 492 CLKo 2787 bWJaCi 52797 34cN,success
1778883053,create record thing 803 DZzs 41574 veWEcs9EN4 49008 gnZi91So,success
1778883053,create record thing 901 l3w3 647 1qWg6euLY 35377 kiCh1U37z,success
1778883053,create record thing 431 PGoDErV 63269 fVSvZ 31768 O1ReEnPDx,success
1778883053,create record thing 946 gmKG1Vt 59509 jF4nw81FW 24635 rkt1,success
1778883053,create record thing 704 gCggbCqDG 46131 hIvnyA 43743 Bwdx,success
1778883053,create record thing 295 mlkrLGg 6536 pgh3JoGr2 91686 zynZQEkmN,success
1778883053,create record thing 879 KTfFRDs4o 41302 el3iaDulq 10089 Q0K8K,success
1778883053,create record thing 213 2DcbQso 65948 UWgXu 64312 vHPpCZsuG,success
1778883053,create record thing 919 13KgQTb81 86424 wbJRA 27041 f5xgqMH49,success
1778883053,create record thing 38 k4vuK6rl 75958 RZhXJXvg 1092 5jQGrIk,success
1778883053,create record thing 861 rXacrKd 40084 AOap 45903 WF7I7S,success
1778883053,create record thing 899 9mKfn 62020 pQxy43 39586 tIQtJQmi,success
1778883053,create record thing 126 mss5ClWZ 12588 GRFQw 46424 C7C4bVf,success
1778883053,create record thing 24 MspFh 71207 2d0hPCVG 7123 dZOu,success
1778883053,create record thing 840 YJQ1 15917 KFSRGI7i3 83842 jMS6XMmej2,success
1778883053,create record thing 977 gmDZBdhz 24123 o0qLBOhjbi 97596 oFRmDrgKw,success
1778883053,create record thing 102 yRgzAb 59910 IasN 86139 B4vi2Caj,success
1778883053,create record thing 116 1FvRydOv 94268 vSWrVsy4 84559 xDOJ5WG,success
1778883053,create record thing 436 RKKKZ 8856 bToP 65461 DV8YTo3k3,success
1778883053,create record thing 951 85dpcUBxNb 22815 gBiNIm 64369 QnUAGWf,success
1778883053,create record thing 121 NPmY 686 WJ1vQ7 95457 GlmZFw30X,success
1778883053,create record thing 385 AxeeWsh 30221 Lun6 32949 Re28eJ0,success
1778883053,create record thing 48 FydRgD4q 3929 uquV 18256 HT5P2,success
1778883053,create record thing 172 EXILZ 4634 86LLeI 16969 SgEnvD,success
1778883053,create record thing 318 08bdVYH1QT 72416 dVRAAiB 80694 vv4ofa,success
1778883053,create record thing 325 U3XJ9aS 7455 dBrt 78959 39iyOOe6m,success
1778883053,create record thing 881 Tw4nS6WsO 69054 tHgvz6 63728 e40GsI,success
1778883053,create record thing 264 xYi8 91533 OChEcrx 11074 rLE1,success
1778883053,create record thing 146 BnxOHOb 45587 4UuZ 34410 UnbSM1W5UY,success
1778883053,create record thing 44 ySQ16CJJ 68014 kxU5ia 89469 fpHuyM,success
1778883053,create record thing 505 qpOVat 86609 Z0Bbac 47018 NIzJe3I,success
1778883053,create record thing 87 BpWq 64871 ok2Oo 85799 lFBt,success
1778883053,create record thing 377 SdSqpQ1v 94151 LveB 66982 ouxZ,success
1778883053,create record thing 531 eArbLw8 85456 D8Mjc5 77493 gntS,success
1778883053,create record thing 985 FKvnZcTx9 10281 79J9 82617 THh2XLOG,success
1778883053,create record thing 852 qZsppV 47443 CUhoT 53729 eIewEo,success
1778883053,create record thing 346 zJZhHWzKiq 37602 tfA8JN 25965 2ahqI,success
1778883053,create record thing 404 UhcAQ9i 69377 4vyISh3 44124 LgSe564N,success
1778883053,create record thing 227 ZrDilV46f 1020 KPCtkSrV 30443 EcGGF5,success
1778883053,create record thing 988 utliYT 95811 Ar2tv 21704 rEnk,success
1778883053,create record thing 165 9U5Pim 66676 kLc3HmEYwr 74863 TGZsgR0,success
1778883053,create record thing 336 3EfirP8 10363 XTuFrNFWR 41262 A5Xt,success
1778883053,create record thing 601 IZM6MpK2nm 61618 ElEiN 11627 1UaeImlz,success
1778883053,create record thing 917 MNovG7 39334 osEXywDfg2 98954 r8uPhCthRR,success
1778883053,create record thing 473 201LQbqn0z 73696 uPzYAqdEnN 5980 Bn2HWg,success
1778883053,create record thing 448 LiH6bxWu 46229 VddnH9ZySr 21155 unT6cb,success
1778883053,create record thing 108 gyEjsoVp 35711 hWOiTqfeS 99927 zaZLjTXmL,success
1778883053,create record thing 857 WAUsCg 85989 Dsf7ID4H 32062 bEyxHgn,success
1778883053,create record thing 156 yowI 84255 uY8fk1 64200 piMDSJoV,success
1778883053,create record thing 459 zTZcQL 730 QUXHtO 42183 RF19fgR,success
1778883053,create record thing 281 haGhm1h 55598 kXEUHys 57079 S2qt3I,success
1778883053,create record thing 208 iGmMS 68076 pC65S0iG 62111 tlD9,success
1778883053,create record thing 155 tlRH 43389 dDjv 73289 valr4,success
1778883053,create record thing 588 KsMzpHO 10154 jTrqgXKV 43274 VKrY2PDk,success
1778883053,create record thing 758 on5MiDae8i 57630 PuFhIxx 62190 tGG207,success
1778883053,create record thing 986 ZS0IEWQIA 45636 bwCPT 28020 I96xlUaB,success
1778883053,create record thing 384 mKu44Faq 84832 Ny9Rqd 74996 bSDLCkUOHg,success
1778883053,create record thing 802 b3jT1i 54994 0dNdgH8mMb 88079 33k9SwaPzP,success
1778883053,create record thing 649 eZFT 11005 BrmFk 97888 ZaqvvJRJCh,success
1778883053,create record thing 807 lftM 2635 kaNC26tQ61 97964 TtxrrJzZqm,success
1778883053,create record thing 537 qBfwwV 68556 ZQk6KjJ 92037 vYXmRFZ,success
1778883053,create record thing 504 qFnnq5GNDC 42335 IO3tgw 1035 AuOg4,success
1778883053,create record thing 738 kHUBMK 91029 TDpSLDy 5259 V3FAV,success
1778883053,create record thing 560 ybF5276m 74447 iPWdfXivyC 86325 mktl1,success
1778883053,create record thing 545 fpQ0xDv 61708 QR4PZRVf 16843 ViV3YT,success
1778883053,create record thing 357 LHvP8b2 23351 owFaLyeoEc 39575 fxljtPD,success
1778883053,create record thing 207 7AkQZC 10831 Qg1Xat 75324 xCE7yVsq,success
1778883053,create record thing 889 hY4FWS08g 23440 GxPju5K 25901 YTCdrhEw,success
1778883053,create record thing 612 QpusYHlw 2296 uNKwcTp 11016 fTNAr8Qp,success
1778883053,create record thing 712 45YJcucLSY 13254 FSuNsyl 97880 SUe47X,success
1778883053,create record thing 532 qsF0pXxD 99708 rQlFcyl 37344 amWOrC,success
1778883053,create record thing 260 8tnbudrSZK 83200 uy5avvBC 97330 nRPpc07,success
1778883053,create record thing 154 E9fUGsUBC 20434 KMJzVUrU 30765 5iL0gn9,success
1778883053,create record thing 853 r1V98Ivn 78544 twg27V 41651 Hy1ECZB5,success
1778883053,create record thing 64 yaZVO 89568 xO8z 83416 MiM9,success
1778883053,create record thing 435 JzbLkMQ7 2977 LWyFl4CSo 61888 5us3mCpL9,success
1778883053,create record thing 340 kCNXZ24pSe 98121 QzGD 50504 W72H,success
1778883053,create record thing 514 WOHbDTsyY 5230 y5NBWg 34406 ZUgkzv4Xng,success
1778883053,create record thing 749 RCRUUvQuB 33806 rciGb2IS 40194 jNDBsURjs,success
1778883053,create record thing 488 po0Kjaw 66662 1GD38NKFG 49542 5O1DExPenm,success
1778883053,create record thing 525 rWWOw 60204 4400WGom 87063 ygue,success
1778883053,create record thing 894 70HeXBGp 96919 QOpQC 5273 qrUT44is,success
1778883053,create record thing 953 oKKCH 6695 WeDBDg 77250 LsaA4,success
1778883053,create record thing 187 2WmXMCaUL 64566 kFF6s1prI 40475 B86Et8Dke,success
1778883053,create record thing 674 Pf1vQYm 14249 otsVDQ5nPu 25153 ykjPuGDKzT,success
1778883053,create record thing 344 5D1si 43741 vUBAyzVz8 46348 X8VbRmSsx,success
1778883053,create record thing 378 AxITXM 57685 qejS6K76Wy 92600 p9KddvH,success
1778883053,create record thing 904 5giUuWz 19893 jsmfpJVqGs 2864 VeWSt,success
1778883053,create record thing 369 wVUntowm8q 79117 5iNAXXZd9 48952 J972,success
1778883053,create record thing 569 WEJNTJ 73176 gjF0JDOleQ 36289 B2TOeOv,success
1778883053,create record thing 276 WT63ysMy 1119 tj1KV 69778 OmY53SJ,success
1778883053,create record thing 691 VmlbL 5171 hve15Omk9o 28473 wi3BZxBUTx,success
1778883053,create record thing 267 BmVKh8F 75799 Gkm6Tw9zn 11900 FDF6bxA7gw,success
1778883053,create record thing 783 ZA0s9f 84355 yD6rOuipJh 20415 RVdX1,success
1778883053,create record thing 938 sMZzkGjYP 47850 Wbmz 48913 qtWu3c24cx,success
1778883053,create record thing 534 SkgvnAe8 60874 1HiLNtD 33667 uH7Pf,success
1778883053,create record thing 23 U0mni6n 10772 fz2golOu8 87602 GJ2ViAOJ,success
1778883053,create record thing 543 c4xcmlicXk 42274 JDvM 75654 CnMHhrV,success
1778883053,create record thing 98 u3pYEI 86933 PvGd 47896 N7hoCgI,success
1778883053,create record thing 296 hvCI67 66155 y69m0 29079 bTvLj1GXwo,success
1778883053,create record thing 461 kjQN1o5S 70886 Amd8yyGA 62461 tSseRPm,success
1778883053,create record thing 198 M7dziYVY6 31780 WOylZe7 36204 3hT6j,success
1778883053,create record thing 708 iruNGGV 78439 oBYHLj2 98861 vq9x3gCK2,success
1778883053,create record thing 262 1EsGfT71o 87151 Z7AN1rS 36158 NuPpwa,success
1778883053,create record thing 311 XpEKPgWRI 74136 L1PcgZN 12920 f7oJRLYS,success
1778883053,create record thing 980 vW0J 68519 6YMW 87696 nlNu,success
1778883053,create record thing 161 5XT0pY 45095 8pBcC9 34494 XmVHtyvY01,success
1778883053,create record thing 403 vHX7ts 94626 NtEl 50160 qRvX3,success
1778883053,create record thing 540 jkaltFNsIl 81064 efS4P0jvv 17436 g7Y3sJf,success
1778883053,create record thing 177 BcHPq 64814 Z8poO 28307 apbLZ,success
1778883053,create record thing 727 I9llGyJ 50738 qXwXAw5oH 10097 i19pHh8WF,success
1778883053,create record thing 794 HgZovR8 29355 qZCBKe9 2898 BO3DRdv7,success
1778883053,create record thing 819 J6TSER 17479 nCHPuJ2 53364 V8K18,success
1778883053,create record thing 779 Swh8 80458 GTTp 78843 VllOEhf6J6,success
1778883053,create record thing 757 XxD0ltk 56408 Elyo9N 44527 UGbL8dx,success
1778883053,create record thing 298 a9aus 74459 xekNEH8g 89545 LJ3R2,success
1778883053,create record thing 92 FYBM5 15765 55gQKkgljM 44223 5HyBhIu,success
1778883053,create record thing 930 i7EXcd 62970 0OUK0fO4IR 68376 UNriVsM,success
1778883053,create record thing 450 AfbgILs 37643 QdZlf3UJkt 6285 b7xvHZQA,success
1778883053,create record thing 646 GlwR4g63 93377 emmNa5 27004 hs4O4ukyo,success
1778883053,create record thing 15 yjLMq5QS3t 85634 4zaZx0lWp 1367 QcVhQehjX,success
1778883053,create record thing 481 lu6p 89247 5yHrJghZ2 11338 0mGcDgcy,success
1778883053,create record thing 997 VXoM 57423 iLc5VlntJ 20016 1pkC3d,success
1778883053,create record thing 869 jsdlmOB 57741 0Lrj 71712 dQzHMk,success
1778883053,create record thing 432 wigoxI 50793 J1VcHbZDJx 89864 x4oEp8ND,success
1778883053,create record thing 696 C2nrT 50915 2wbXiC 93151 09hMmz2C,success
1778883053,create record thing 503 BywuySm 28437 lm2OM3HVz 84410 nigOsZ,success
1778883053,create record thing 261 1zmu3O6A6b 27060 Jk8QVNJ 25927 zD1i5,success
1778883053,create record thing 329 LVGMcg 8566 b51u 11789 5wU7te,success
1778883053,create record thing 180 4KZDRrgI 19925 zHMjI 61547 8Q48PjBUi,success
1778883053,create record thing 565 DDVK9wB 74961 BbEPv 44535 2eis,success
1778883053,create record thing 396 4g57mNs 10888 LXa3zk 33123 F84bt,success
1778883053,create record thing 496 dotBA 5302 UVCeIi 81811 Tbx4,success
1778883053,create record thing 36 yRqxwF9 55641 Rivqlrf 58965 fPtFhYXge,success
1778883053,create record thing 443 eJofeS 96534 v4eK78NuPL 7361 i45lSfAQn,success
1778883053,create record thing 928 etGDm9Llr 88625 1dlakmiH 24817 hVl0UoyZs,success
1778883053,create record thing 660 FrAZTGO 89591 rjdE3d 99044 AP3B8PtV4R,success
1778883053,create record thing 637 Qeq0BUDE 64105 HUokQz 60508 508C3C,success
1778883053,create record thing 99 Tx62W 49998 NyaXPkKlfy 19647 ubys7I,success
1778883053,create record thing 338 lLEA0 63876 d7euDro6X 54571 atjNQAh,success
1778883053,create record thing 13 GvxQh 74098 dBzmuo2 40964 48WIJumht,success
1778883053,create record thing 685 J4RLYpI3t 12528 UMfEL37 34866 BWXr,success
1778883053,create record thing 117 wWDna 46683 MIW7Et2mYl 78326 hTTmXrXA,success
1778883053,create record thing 447 0smsbNAwW9 58547 xjBt6CmLr 76871 ubduD,success
1778883053,create record thing 408 tSIMO 51843 uZcrJ 74518 2dSi,success
1778883053,create record thing 816 5igk 93566 fwwfv 9119 ydzWRHf,success
1778883053,create record thing 313 Bh4qo 84509 Id0ncnoj1 65612 uUPbVE,success
1778883053,create record thing 359 SzemcoEve 48249 3knH4UrI 66962 jmLuuqh,success
1778883053,create record thing 472 CB7PVm 14770 yg5m 99583 TsQnKsCO,success
1778883053,create record thing 205 J2pFt 28367 luESSCyU5D 78215 XP6ega,success
1778883053,create record thing 228 M165 39773 xJjdnlA 48866 rOsc,success
1778883053,create record thing 482 sq53 26825 5UQb 62456 afo1J,success
1778883053,create record thing 40 qbIdQnyx 4870 ACka3O7 36808 rDXbq2oBa,success
1778883054,create record thing 392 cI1IRXSUr 11588 wYHx3THt 83796 zJx8Vj,success
1778883054,create record thing 111 UEHwAL2uw 61152 U1kcF1M 78484 HZjXiY,success
1778883054,create record thing 833 ZyZ29 71302 GJpI 21587 oSuhTXIyO,success
1778883054,create record thing 813 nvzUgNC 90956 laXFgie6oz 27426 N6lbsmZQ,success
1778883054,create record thing 963 p6Aw 52822 Rsym 56167 KDMcEbtb,success
1778883054,create record thing 422 DXUVAK26Q 3581 cE4DHfS 93796 5CUo9ctW0,success
1778883054,create record thing 341 MfQKP 3700 BFCRy5Od 76763 RE3s,success
1778883054,create record thing 184 cLAQ8 10069 DpyUO 23151 xsn1KESY6h,success
1778883054,create record thing 998 iT6IB 48060 RbGRNgDrIA 8542 q6wy,success
1778883054,create record thing 423 42hkJ 87115 B9xqe 86017 Khcms,success
1778883054,create record thing 182 RadWgPKa2 17964 51XlDD 12982 yNHXj,success
1778883054,create record thing 905 1jVD9 9514 kMzM6ZzU 5624 tylTxBZn4D,success
1778883054,create record thing 862 Fz2NoGEeLz 73621 RWVc 36357 rO9vZL4,success
1778883054,create record thing 650 6Fx2QR5LOJ 61515 fEvGNp 35155 2Ko5uo,success
1778883054,create record thing 746 vsZGz 34591 AOV3iVsQ 47380 HtXKkS2Nm,success
1778883054,create record thing 701 Nu3YxyS5Cv 33387 ehxIyeYp 64887 5IYFAq8,success
1778883054,create record thing 106 8KDxhlwXd 9211 gHhfUA 5234 JauMrAoMJ,success
1778883054,create record thing 920 5vobKV 22523 7xHbjJM8Yh 32269 zpL34raPA1,success
1778883054,create record thing 652 xngfSBTxMx 70944 q2EWGtEMZL 48884 RLRxW,success
1778883054,create record thing 367 nvqS3 49734 27QIOeSb 74928 wbBBAB,success
1778883054,create record thing 620 ow9Dk0 84542 LY08wVf4 12108 Rde5Cs1r,success
1778883054,create record thing 906 otGof 6834 OW76kH63 30965 YmSe,success
1778883054,create record thing 316 qWHW 72540 wlHlWukqYF 7451 icji1ZJ,success
1778883054,create record thing 43 CCSSkL 5540 8irG 64219 UIT3COGWJ,success
1778883054,create record thing 131 UUGzFEXmLw 39117 Lzxx 41228 maBNj1X,success
1778883054,create record thing 441 iXyi34pyS 48702 Czd63 13275 xv422e,success
1778883054,create record thing 152 vFD51D 46200 l5k9jS 35338 bnGb,success
1778883054,create record thing 589 uMvuwXK 57461 EVcWTJe85x 86588 BSqi4fxyc,success
1778883054,create record thing 37 aizmX2 55956 J9n9kcTW 28717 4kPhPYv,success
1778883054,create record thing 153 807qI3YuP 69036 PZKQX 32151 YAq6s,success
1778883054,create record thing 677 9dKXpZI0n 32602 45RFzyJ 39201 pM6P,success
1778883054,create record thing 961 t3BYjDb6ho 64469 Kz0rLkj 42879 xffXaHEf,success
1778883054,create record thing 602 YO9ali8wQZ 46825 Jc3ucK9MY 25198 ky9gKMGZre,success
1778883054,create record thing 438 0jWFEnry 44388 kDC7sOYz5 40543 uojjeKhgB,success
1778883054,create record thing 453 Sruto 63123 z5PPTsR 62026 cjleb0plE,success
1778883054,create record thing 786 7W1BYURO7 98502 1l1kpf2u 5508 oL74S,success
1778883054,create record thing 269 cawvMug 65677 nuOTF 69582 39LLA6X,success
1778883054,create record thing 134 7Kr9Crb 77243 7dZzC2J5Z 29215 q30YPJy,success
1778883054,create record thing 342 Gc7B 52032 A7Xq 71636 b1TVWVP,success
1778883054,create record thing 804 9nOrho9 73499 uHmQeO6bi 98226 qOPz4mkg5,success
1778883054,create record thing 46 9QNejh 436 eVVql 59151 hVWChP,success
1778883054,create record thing 284 WwfkYH 32804 b4XXfdjjY 70098 D5Nb0,success
1778883054,create record thing 653 UgFYnlNVUe 97602 Z5WIC 42233 w3clJbPxv,success
1778883054,create record thing 949 Z81f0KIhi 64794 9TvMcZtt 55789 cg6P9R,success
1778883054,create record thing 53 xjvzeGetsb 37375 lfiGLg 14860 8Vth,success
1778883054,create record thing 822 nXor0IH1 93429 51H4Ogz5 40880 fuTif6a,success
1778883054,create record thing 780 cYzgj63 32450 ul4R 13614 YDThTYQoz,success
1778883054,create record thing 978 GqXWlHdnP 25227 GvzK4rp1hA 84978 E8zlphlN,success
1778883054,create record thing 600 7pSo 32767 cey7rgang 91255 zvBj,success
1778883054,create record thing 209 W1uzOQBmN 27103 v11PE6B 33044 AjWZ,success
1778883054,create record thing 352 Crz2irAaW 69414 KvNB 90234 rDyjn4boEn,success
1778883054,create record thing 216 F5gSGQqO 40660 zd7g3pp75 80425 XGlEGjbV,success
1778883054,create record thing 289 IJalgsVpXK 82424 P7JwxM3 42561 1wVH,success
1778883054,create record thing 279 o7beJiz 5751 CHTg9 71901 SnnwcaK,success
1778883054,create record thing 954 9N33 12252 5LfpLU 99734 cQHOR,success
1778883054,create record thing 821 5E9X 43351 fK5r 55981 vwCRbgMbr,success
1778883054,create record thing 110 YoclZ 25905 sdBMb 95124 mM2sQjd3D,success
1778883054,create record thing 119 kck0 55096 fjez 56966 RkSS2,success
1778883054,create record thing 942 653492j9 69841 J7ALXrqnT 2625 zxH52,success
1778883054,create record thing 138 XhdT 69932 hD4KTiGHoh 6652 1HeHfGfq,success
1778883054,create record thing 107 ilA0mXnN 67889 MeSHT 42184 kr0bVWW,success
1778883054,create record thing 307 bYbtUYKfl 12879 WHxWULS 46312 xh4OUq,success
1778883054,create record thing 973 HjPH 37641 GVjZrMc 49734 cAbLaqp,success
1778883054,create record thing 9 NfSrjx 16114 zXF9w 6422 tkJTIc,success
1778883054,create record thing 823 dmz1IMW 2227 MN65ldqchy 69281 34Tq,success
1778883054,create record thing 310 q1l6E5FxV 69248 dqjeRMskJ 87752 TzjpASwSG,success
1778883054,create record thing 557 g7pCc 51142 6Nj6xs 5546 zoPvQ,success
1778883054,create record thing 744 l1TPDt 36672 sJYF4VTwIF 23390 8u8CZdQcQd,success
1778883054,create record thing 635 smn8ZmGK2h 95479 YXfSC 61138 2hc8ofQEi,success
1778883054,create record thing 292 un20S74LF 99404 9f71WS 68743 alY9,success
1778883054,create record thing 379 KuzI 78275 5pxDRqr8 15689 442QyLv2e,success
1778883054,create record thing 890 ehGVrHoy 62566 ZKUzkS 28257 Ljoruepc,success
1778883054,create record thing 630 1sGzUZNWu 64536 A7UGfUA 2355 62d2,success
1778883054,create record thing 358 y2f2bj 59720 tUgk 28652 3wYFlJ,success
1778883054,create record thing 713 MEVNinG 34574 Ucp3aG 58645 msDPI3icox,success
1778883054,create record thing 621 hgwQbYF9K 8498 rJ5SCpYyLJ 82046 VJxWsIL,success
1778883054,create record thing 519 UPV0fGjW 75927 NJjJsV3 74643 X173g0Yn,success
1778883054,create record thing 663 i8zI6zR9Dy 15429 V8bBUt6 94948 GnPLw,success
1778883054,create record thing 551 3GOIb 37316 avzP83JAbX 19299 KwPAqWx,success
1778883054,create record thing 76 vN5nIYg 89872 VYtu5 15753 0WyjKV,success
1778883054,create record thing 103 FMcb7Dna0A 51206 ddZVFeP 80201 ZZb6xd,success
1778883054,create record thing 577 rsL1tCV1G 76344 NMdwNq3 57756 Lyd62TV,success
1778883054,create record thing 858 PKvIf2S 62146 58J5eWb 68679 Hemmo67tS,success
1778883054,create record thing 10 m4yC5 60850 m94Q 10301 kxnAZ8tC,success
1778883054,create record thing 75 JvhnePsq 6446 71uiyF8fr 6933 CQZyH,success
1778883054,create record thing 952 4TEF4 9853 ZN23 77200 ZglG8kHT,success
1778883054,create record thing 469 WQBU1oY 31854 0kQt 3821 oU7bWK,success
1778883054,create record thing 308 Ny5hDd1E3 67931 Y1aVxiOknv 88327 fy2wW,success
1778883054,create record thing 135 96QzjeO6 9535 iJ8U7IHQ 30830 MHW17h4,success
1778883054,create record thing 860 ucLTPH8LQF 38255 i2uTFNOrC 71524 CY4RBwl3,success
1778883054,create record thing 885 BDH8l5C 49866 eMSPCLEH1J 57208 E0ZiFm9c,success
1778883054,create record thing 245 GQaNQXwR2 86975 w9xMQJbhrH 97841 0qlGCy,success
1778883054,create record thing 642 vYsNN 17445 HJqy11m75 13513 zqQ4lV,success
1778883054,create record thing 210 9D4vkJzK1 29133 GWwn9F 73391 yw7Eqx0uL,success
1778883054,create record thing 268 EQZnmMhPFJ 14836 LkmZuoX 11273 wyfsgZmnkM,success
1778883054,create record thing 871 YD0Go 55869 0c7q0RN 14300 6XcvCM,success
1778883054,create record thing 536 RGIL 17253 Dqi0G1vkiu 56118 duVFXBB,success
1778883054,create record thing 579 1iRF83 36649 NTAw1W0r 65802 sMhfQ,success
1778883054,create record thing 846 b5acjt 83776 K2eoN 15169 utmuDGNATQ,success
1778883054,create record thing 969 s0GxK9 64307 E09nB 83535 B6NjawFTkw,success
1778883054,create record thing 84 6enYR 13875 iZhL2NMMd 96769 2GzE,success
1778883054,create record thing 41 SCbkD 67984 fCW3DtUwM 63417 x16uM,success
1778883054,create record thing 609 Y1TxOogd 23809 BhDdQmWT5 85904 775ukJJM,success
1778883054,create record thing 593 zkgAu0esI 18857 3uw7W 70800 t6qhS,success
1778883054,create record thing 854 T2nYr6J 34214 pYWLSlBZ1B 24483 kedp3DGE,success
1778883054,create record thing 584 nRYi 73179 pjYUgXyX 7115 lccVEYQC,success
1778883054,create record thing 123 FJvnTRxF 24203 NydZU 5300 b8oyf,success
1778883054,create record thing 414 1JgeZknT 12264 WNk5 76923 vbsDOTlLm,success
1778883054,create record thing 241 J9fQ 65518 LhyN 95912 hj157,success
1778883054,create record thing 724 COdLUfg 52782 ilhS 58522 SP5V5,success
1778883054,create record thing 610 5Unsl 49844 malOPs 68287 jWkf,success
1778883054,create record thing 767 WQMi 44191 aP8jrh0KRw 45871 xXYTa5SJv,success
1778883054,create record thing 191 REbg8hrAwu 48062 t5nb63W 3361 95Awk,success
1778883054,create record thing 83 IrkMB 94574 A1bo 16578 rO3vq1ZQNn,success
1778883054,create record thing 521 1cdbw47IV 59175 AWMwKW 45617 r06p0i,success
1778883054,create record thing 877 pAgIVXFcb4 54076 oBr6EAca 12770 TwgK1gvdfF,success
1778883054,create record thing 806 CpCoec1 47332 7EmyhmbA 45735 1PBRKEmI,success
1778883054,create record thing 784 mP2myZ 57603 Z3Bjvd 31529 i0bdqzg7Mb,success
1778883054,create record thing 515 XdKP 16295 cUqoVI 93703 U1Nqap9e,success
1778883054,create record thing 489 kpLcKOLE4W 69361 NOmKQYx 72947 szxgnrdDq,success
1778883054,create record thing 848 ZVBnQ 67552 KrJhLYeYq 56464 9ObCFYHkfd,success
1778883054,create record thing 673 OONOq 71532 fwRMFF9K33 10944 7THM75F,success
1778883054,create record thing 59 YeHyqHjh62 68412 To88x5Hd 3367 HztPZl,success
1778883054,create record thing 322 xfKfO 11014 FEYqk 87872 IFCUJ95,success
1778883054,create record thing 692 PdcvSqX 76149 gAEIpEP 90561 Iuxg5K1O,success
1778883054,create record thing 556 yscLANZxH 94418 6AqFjB 20047 uxj5JpNr,success
1778883054,create record thing 594 hFJWnHHF 80488 2iqD 98683 BJAMdsnZ,success
1778883054,create record thing 838 39pO9NkY 26813 zoDzalp4t 66983 yWR4,success
1778883054,create record thing 223 4rsihg 41665 blrbJydUE 97979 VhqH,success
1778883054,create record thing 304 HcH4ayZjqB 54224 0goulyxq 55336 PM4RKRIt,success
1778883054,create record thing 717 xt3fvqtO 14502 MSQd 90105 DwRxRveeQd,success
1778883054,create record thing 159 KUIyAp8OgJ 42946 LxabOJ 17810 GJlsxx,success
1778883054,create record thing 499 q31MAzuBkY 40729 AwUv3J 40438 tnWXbi1wX2,success
1778883054,create record thing 570 iNVurgNLv5 1200 5A1hjlVC7 62700 Otiteber8,success
1778883054,create record thing 898 x8F7 69914 GydV8aDGyS 73246 meJ2w,success
1778883054,create record thing 293 35qiSX0NAj 14536 dGoVD 29881 vKxUcI8,success
1778883054,create record thing 466 k86khPRou 33189 X8qb6p 85566 rCT10e,success
1778883054,create record thing 989 6jSBV 80580 T8QMYfBVVp 38465 NUEb1Ixke,success
1778883054,create record thing 400 vaHXeW7 5466 uNcLXo 94265 FiMo02a1,success
1778883054,create record thing 3 RNge2BFFeA 22577 p47qAZ 27559 HweLnRIaQU,success
1778883054,create record thing 887 TtNhH7FpHx 81539 J9GW2VLs 41222 JiDrBix,success
1778883054,create record thing 169 Y19H 49982 pq4ZOKkoJ 13527 89OEy,success
1778883054,create record thing 726 j2nk15SInj 5869 hlkadGCxcb 82756 PIXDxafs,success
1778883054,create record thing 870 xfdS3r 41854 p6KUWrWVI 18121 tz8tP,success
1778883054,create record thing 219 cmVb 98513 4aYruUx 9769 bQB8PA,success
1778883054,create record thing 493 e4yx 11343 f09nrYHgM 77526 VDGaVV,success
1778883054,create record thing 716 AmIxSJz 50910 CaoAI3JD 89407 NWebXAw0J,success
1778883054,create record thing 752 bKh6i2V 46990 0NJZla8 72521 a63wieCut7,success
1778883054,create record thing 171 EsfUExl 9781 HXNi 12045 SyiqkLDF,success
1778883054,create record thing 243 BY24 34646 TqiZvsEZt 66295 aJh1E,success
1778883054,create record thing 981 SbTd 52336 53z6C 27691 i0DlkIuSWa,success
1778883054,create record thing 16 EO4G 21091 qCf9e6H5V 818 eW6NUdh,success
1778883054,create record thing 554 8L02gY 11294 lf2UoY 57748 YicC,success
1778883054,create record thing 668 Ata7pR9fFW 73632 usYiJDKJ1 54018 ip7VzT,success
1778883054,create record thing 52 XFiDXYf3 95073 epcvILnlDs 95469 BG2p2j,success
1778883054,create record thing 990 d18AUBKn 94076 35FH7t 29864 5XN0zic,success
1778883054,create record thing 564 dY5RyB 43982 e7jJTa 4458 63ucMtb9,success
1778883054,create record thing 454 3gfg 66520 f9bus6Q 7075 RkbSwoY5R,success
1778883054,create record thing 78 Q93P 23886 3W3w7a1 99555 Rdtu154vXQ,success
1778883054,create record thing 256 qNMbr7EV 92298 0CI5R 77317 wboUeay7M,success
1778883054,create record thing 913 VaQJav 4119 AFRVd 71140 M479uM,success
1778883054,create record thing 718 7wVpx 74328 jwed7J 75708 NyA4,success
1778883054,create record thing 188 HexBqW39FR 16424 3nm0tR91b 51462 CV0uajv,success
1778883054,create record thing 830 enxp 51270 rCpKM 86703 RjWt1eTb,success
1778883054,create record thing 144 N30c 32018 N7Iz 33197 a2hxB,success
1778883054,create record thing 967 i5rQ75CU9I 71176 uJlkTVt 51805 o0zX,success
1778883054,create record thing 815 X2iwG 10189 CCbKaB 11905 vkSIlA7gXS,success
1778883054,create record thing 706 e4GhJ 64072 awfggBHuI 95725 2JC8kQxG,success
1778883054,create record thing 924 d9voHYLnH 49209 6FK3Xr7t 7001 fFkUkdIMH,success
1778883054,create record thing 255 58i6dfr9O 95832 51Ue8 47173 LmahMacm,success
1778883054,create record thing 112 rSj0 17115 Bw5Rgxm3V 65973 z2zy,success
1778883054,create record thing 348 QZvX 30252 BCyKLnVQO9 11751 QY8es1c,success
1778883054,create record thing 413 K7n6b 32498 7HrMyjf16A 1833 dz28z8y7,success
1778883054,create record thing 63 xR5f 67127 ywsrVpOBA8 89765 LlnzaO,success
1778883054,create record thing 101 kl0xAZf 19248 nziZvO 91150 qjQ0N7,success
1778883054,create record thing 662 T6KQgMzN 94942 4SOJxn 73361 X3S7rC,success
1778883054,create record thing 670 3Pwop 26516 cQeRwPEb8q 61198 T4IquCK3Xq,success
1778883054,create record thing 690 64um7BI9qx 95437 WxYA4hkr 2900 Rau0M6FY,success
1778883054,create record thing 56 VKu6J 52045 0l0oC8 17918 wS9qx,success
1778883054,create record thing 479 r97OKp36Ys 41515 nYCzOC 13664 4bOTEGwk5,success
1778883054,create record thing 421 wIf5 36811 jw8r3A 66255 CqQ3Egm715,success
1778883054,create record thing 756 bGX2YnBCJ 52468 ulDg4OcVR 19988 BHb6uG9c5D,success
1778883054,create record thing 363 lhttP6hbs 75191 XVnyXREkc 15941 xvRGy,success
1778883054,create record thing 442 bNJNEphxM 86412 nokNVBRlG 79681 awDQ3,success
1778883054,create record thing 675 nviAfvcy4I 60177 FyE7 66278 j0xgEjgN78,success
1778883054,create record thing 947 3II7R 64617 XN5VHqymB 34426 i8788,success
1778883054,create record thing 97 75FNU 38277 9v91JS 87163 NlTvdl39u,success
1778883054,create record thing 195 O3p3XD 32065 1hdy 64458 goEt16,success
1778883054,create record thing 417 hIj3eWkOFr 52336 JSOxt 36287 DwpekMef8q,success
1778883054,create record thing 710 J4vA 2216 5fSKntHw 24230 Daip,success
1778883054,create record thing 249 8Pe1EiP 19617 empS4M 60654 JCc7DeA3,success
1778883054,create record thing 485 eLViO 88467 b7R7HDHv06 82701 J4QmLNxtb,success
1778883054,create record thing 591 PWNlhche 3082 vYqrNXradi 73565 ytPAyJK,success
1778883054,create record thing 585 2fYxvQ 4426 1czvRD 4932 T8JM7BgN,success
1778883054,create record thing 136 wJxtdwCaw 14433 GCPAo 10271 trG00VLvrO,success
1778883054,create record thing 754 suq35 97691 tpe3L 51841 5KUpR1rB,success
1778883054,create record thing 220 JqzbV 86164 IjcuALD59 87688 HVG1qpga3J,success
1778883054,create record thing 768 dk1VD 39499 GlNWwDK1hp 5624 rAs5jL,success
1778883054,create record thing 686 db32gWm1 43688 ywRyuuQDa6 10339 L6qwsquy,success
1778883054,create record thing 286 e5Ic 26830 3lz5Tc 32592 tsqmg,success
1778883054,create record thing 244 oBJFQX 51936 YZcX9OS3Jr 98731 7jXfPE3d,success
1778883054,create record thing 527 lcmtjH 48052 kYLr 51228 lUTUVm,success
1778883054,create record thing 729 GjXab 43278 Jgmabmz 57799 Th3W,success
1778883054,create record thing 339 5a1iDL 98422 t3drwd6koK 33857 EonS6ihse8,success
1778883054,create record thing 873 YX4bCkkX 38361 2dYS 33940 2CWg4NQtq,success
1778883054,create record thing 70 MZ6l 34564 xNo2 57764 WDjF5,success
1778883054,create record thing 875 jLXKQ 50499 VrpFT6E 82208 BVeli,success
1778883054,create record thing 61 8hCF 30894 vQz4MP33C 6485 ZscNnjg8MR,success
1778883054,create record thing 647 LT3gg 23003 46UpI 23827 b1jhk,success
1778883054,create record thing 725 tYKO0lmTQ 25624 8sB4b 65824 GFJuqbk1Mx,success
1778883054,create record thing 73 QeVtWBpR 23810 AOj2Tzq 59290 DXjwjz2,success
1778883054,create record thing 8 HiLbwS 20665 Kht15 53806 cKtPK,success
1778883054,create record thing 968 BCSjz 81582 sVlAePMbP 44517 mSnH,success
1778883054,create record thing 735 cqH0RjYf0f 22661 eUF4gxjAzE 52620 3gKGqH,success
1778883054,create record thing 236 tsiZaXl 65860 BGptuTy 52655 6ytUKS,success
1778883054,create record thing 568 slLSB 18983 elsdr 80181 GXgT64,success
1778883054,create record thing 603 VRgDMjVK 77864 rQfjRgId 56621 zTURdvm,success
1778883054,create record thing 22 Hly2a 82812 ulpG 30794 S5IkzYkW,success
1778883054,create record thing 347 LdyRkCBpo0 27106 F3P2mYzUFN 82720 4UVkCpI7,success
1778883054,create record thing 828 aejF 20558 3SjP0 95825 vlTTd,success
1778883054,create record thing 231 u6TRz3E 12448 cUSZkN5G1 34917 VMCBz,success
1778883054,create record thing 254 4RvKJHp 90803 vETbST 91946 xRYHVLv,success
1778883054,create record thing 124 fumMK3kuLP 82349 aBsi1bqDV 54002 K9dBMEI,success
1778883054,create record thing 463 WCQEIQ0r 36149 7lLF 39618 zp0G,success
1778883054,create record thing 530 vyKYgxWHq 41423 XkNX 1299 7h3by7,success
1778883054,create record thing 449 yrLd 71350 qZwgn 72912 JlPcDPHo,success
1778883054,create record thing 832 Tq09Iz1a 58599 waacvyQg3W 46647 m46ygqJZ8,success
1778883054,create record thing 972 09AJFDSbh 61879 zNchU 56063 3ho4s8,success
1778883054,create record thing 688 L6yrv 55304 3y4k6xWh 42415 LBDtAl,success
1778883054,create record thing 845 lLunNOBbED 50960 HQuLLu 12633 ZonaZ8rTnk,success
1778883054,create record thing 320 1Kaphlf15W 31041 NNCjVHHpvt 88487 IkKsQv,success
1778883054,create record thing 731 1ghFEMBd4 69349 NwLqCqownV 39002 2T0sZ0h,success
1778883054,create record thing 206 sXJmr3mu 64006 HnhnfWQo 84450 48AcDHk4,success
1778883054,create record thing 707 vkHm 37387 IlQthQzZnu 29678 YWdF1wQ,success
1778883054,create record thing 939 s1ETB 49663 Ky59n 51911 KJ3NA,success
1778883054,create record thing 785 dKKbcc 78063 vob4ZQvf 11139 KPsrOyTF,success
1778883054,create record thing 867 sU3PSKBI 48619 WENJUhGgKl 9366 UCHOPNe,success
1778883054,create record thing 434 sHN4C 10741 auJs75Y 34848 5AVj98glnb,success
1778883054,create record thing 622 FU0hfp9E 70617 r4J3 2970 XO10J0ZBJ,success
1778883054,create record thing 541 tIAAmZ 48977 MOUH 2708 S7aZthyUhJ,success
1778883054,create record thing 856 Ka7H09tOth 94831 cdGZX1S 5598 u2sSme,success
1778883054,create record thing 170 5XGmUi 57654 nvSy 32157 vXdau,success
1778883054,create record thing 563 880Aw7 59029 pO1YoElv2 13272 ryQciFo,success
1778883054,create record thing 487 lbjK9Oz 44972 sGxpe 92378 zcg9C6NmH,success
1778883054,create record thing 676 NsZcxhlIaE 28048 qEmi 66730 gNPCGJKX5J,success
1778883054,create record thing 132 XzyR1OL7 471 kFVrMCqt 45954 1oZu,success
1778883054,create record thing 129 3iEC3b8X7 15704 gxZqSZm6KV 8520 EHBU7noz,success
1778883054,create record thing 546 Dapoaa46vF 83481 zbHyvW85e0 30493 LSwC,success
1778883054,create record thing 71 qrbR 64847 KRgnq9oIe 81446 St75ir7,success
1778883054,create record thing 498 KTDU 33522 5zlx90XlaZ 90950 PkgHMcsGg,success
1778883054,create record thing 750 nDjyRk5 19850 cKWo3ziJm7 76466 aCLb,success
1778883054,create record thing 88 Ei7I 1615 XnCl 4536 BjgHxcF2O,success
1778883054,create record thing 934 ihXp1Sr 53413 gEJH9eZCsz 18966 ns15iwfyil,success
1778883054,create record thing 866 qf74PbqT 58468 02xbPAMtni 53605 OLsI,success
1778883054,create record thing 247 i6ZwHgcgJ 14475 7H5fXH 53032 RTX2pIX4FA,success
1778883054,create record thing 60 C94Fq 59793 bUBO88 14357 cs0iBczT,success
1778883054,create record thing 246 GZ38y7MZW8 36516 qBB6FhJG 41754 Aj1k9m,success
1778883054,create record thing 315 E6ja3amnd 2382 GpsSzoga 67653 JW9hhXb7,success
1778883054,create record thing 372 fJTjoQmCZP 75650 CScaXuH0f 71776 Dppd5Y8,success
1778883054,create record thing 809 rnA3SpB5 68601 tPIw 33965 FV7t8l,success
1778883054,create record thing 20 XPemVr 53885 BxJL 37143 3qzBSfIq,success
1778883054,create record thing 501 SYRHfF5OF 78179 ra7ycv3EQ4 61285 Ww8zj,success
1778883054,create record thing 332 vCafM 73402 IuIQ6 82358 W8vbP,success
1778883054,create record thing 614 hbCkdAb 11174 IGCbS 97732 m4J9M,success
1778883054,create record thing 1 vhOq 69776 xEAUnY34U 40901 S8sliB9,success
1778883054,create record thing 544 Nx7gfowSX8 95930 EjoIAE 53717 k6UUhC7y,success
1778883054,create record thing 553 F0Ry 46017 W71re522z 71536 F0WsCej,success
1778883054,create record thing 166 Nwc8 14267 FFDsjo1Ytt 54955 UH6juN0LU,success
1778883054,create record thing 799 wJk8O 36229 rYVgSEmIGC 330 PonPWF1XSG,success
1778883054,create record thing 383 KAbzqV 45523 ggcfYxmUfT 32392 bRdL6AZoiS,success
1778883054,create record thing 835 2x9mdRgBZ 81644 4dfr6n4D 15306 gQUKC,success
1778883054,create record thing 974 IcU2U2j9v 93754 89SqKr8C 68666 15Me7v,success
1778883054,create record thing 895 GRb5IP 58148 UDWLdogz 55935 IFWD,success
1778883054,create record thing 797 j3P2K9pEhm 44413 oBz13aXHPS 48016 v1FaOPsXi2,success
1778883054,create record thing 1000 kZyc9 78966 VI0qPbXQw 57269 Qp04wU2i,success
1778883054,create record thing 306 dhzsje 62959 nw87 85036 V3j0RRM1,success
1778883054,create record thing 641 iHsebsgA 9777 a1cg4xSVS9 91525 zXo1Mu,success
1778883054,create record thing 109 IfuY2r 65361 q9EYKA7 41950 puU4gHe,success
1778883054,create record thing 520 4ugoxIF 44743 qx6cPL 21073 TbssV,success
1778883054,create record thing 183 9VACiwBbmZ 60797 wXUD 84045 oPdgt8GW3s,success
1778883054,create record thing 781 0FuC 23732 dIuVyG8 59096 IZ9BA,success
1778883054,create record thing 513 aOxmD 8860 ZmuT7yziLn 69338 SZLzPbq,success
1778883054,create record thing 931 9Koduwoa 3329 GZVDJU7u0 56238 WtQTzd,success
1778883054,create record thing 737 F2EvpBe 92335 bZGjlnyZCm 7816 k6jgVZZOE,success
1778883054,create record thing 740 hEAdsMHh 35154 IJox6Z7aKY 24534 3U99,success
1778883054,create record thing 4 If8qQqZdH1 59058 2V5Xe5B 5156 Q6smlZ,success
1778883054,create record thing 909 prJ01 57746 IWAoI 70769 7cy5q,success
1778883054,create record thing 162 2ML9u 91603 nLhR9EHf 75050 YnOs,success
1778883054,create record thing 446 IAhAAyuk1I 39809 8KqUKb 94737 FHsa,success
1778883054,create record thing 932 Ewz2kHP5J 22512 clexZsYM 36633 H4Kkj7,success
1778883054,create record thing 999 makwc 49052 Xv8h2ouuS 4376 1KYYr,success
1778883054,create record thing 956 mmWlk0ykAa 70438 vUHN 16049 ZWUf2,success
1778883054,create record thing 657 BuLt 80180 M6hpEmDt 48718 j4xK1N,success
1778883054,create record thing 788 mBMXKlBR 13090 xShA6Dj 66675 4pg4R3ABV,success
1778883054,create record thing 900 aKO2 35203 2qlRdQ 43498 afnVgN,success
1778883054,create record thing 769 o0GB4C 18305 C8xT1j 12245 HRpXt5XK,success
1778883054,create record thing 937 5aVDcExJ7 30733 kKIvwMdvSP 56792 dGNWwG,success
1778883054,create record thing 699 ZH8tB 62629 zkTqD 86305 Ww51NtxW,success
1778883054,create record thing 118 kjlvUHv 86990 zU9BIlV2O 11880 6XpqrJKWLO,success
1778883054,create record thing 739 kRcza43 6896 wmeZOboe 96642 fnwmMisCfK,success
1778883054,create record thing 831 0RAbGCO 41991 rgQz0DB 17013 rRSvauC,success
1778883054,create record thing 12 qfZO1 88250 m1mz 1629 6MrfAimgv,success
1778883054,create record thing 567 r4mlD3GDA4 4147 1mpsMcr 56173 euvFB9ZEMl,success
1778883054,create record thing 258 RckIBq 35038 VkqA 43940 mZJBVawsHU,success
1778883054,create record thing 542 0iIcQkF 96199 qO8avFu2D 35116 fToWL,success
1778883054,create record thing 480 XKnHqAs0NT 38482 C7GrC 51928 xHBO12pzC,success
1778883054,create record thing 964 2Uz53WwsR 68087 YUJ6jD 91197 JgWtc,success
1778883054,create record thing 391 OZxroz2 4360 3opqAF 27692 yNPb,success
1778883054,create record thing 395 DX4HiTA 62308 NWMVCOAn 99605 PYcDmz,success
1778883054,create record thing 66 QkFM0U 52403 Tt9u 2871 PsiZRdOIVV,success
1778883054,create record thing 611 1QBzm0Vy 21346 5P2D6JkZ 80702 PJHj,success
1778883054,create record thing 957 Izu2 26748 XCC4aAZLkK 20674 mRH7,success
1778883054,create record thing 697 8fV7s 83851 QhwJ8B9L 8324 vHlw9G7q,success
1778883054,create record thing 812 4UrWYRWR 97043 CHzF 731 N7qnh2G,success
1778883054,create record thing 959 U3dx02KSi0 66978 umBc 62384 68zs,success
1778883054,create record thing 643 2mFHG37 8597 jjk6IOV 39209 GUb0CGO76l,success
1778883054,create record thing 157 CreHAKgL3 14441 XziIG 2194 MCNX9,success
1778883054,create record thing 113 m3qquKN 24101 p9Q23faUY 86212 sOxzb,success
1778883054,create record thing 49 6jnw 1173 IqBZ5 7706 LOBiU,success
1778883054,create record thing 774 xiVQc 46512 RAFeH 57621 w6Q82Zq2Fj,success
1778883054,create record thing 94 2J9pw6 52437 jmhAxYL 81910 zKiKJE43,success
1778883054,create record thing 506 idpLx 21729 Ihxy76J 53501 lvLK3,success
1778883054,create record thing 522 Oj4L6HnU 96312 1yFSBl4 56862 spGd,success
1778883054,create record thing 142 Y3YfmGlVf9 52750 b3rd 86274 Cy0S67sOo,success
1778883054,create record thing 882 1TIn 15493 mYEj 83305 HiKHNZxjW6,success
1778883054,create record thing 926 saMRj 67972 oZb59 56112 6g6IMh66,success
1778883054,create record thing 409 W58c9wH2fO 32244 5BzgGJ8jV 96015 7s0tXtpSt,success
1778883054,create record thing 598 ODM0 12705 dEmk 65054 dzUVlc,success
1778883054,create record thing 439 uMZLemEnc 39094 ls9rBIaqA 58186 7zhn952QD,success
1778883054,create record thing 599 eUeDc4 73054 WwDoO1Kevl 33527 LeXF,success
1778883054,create record thing 765 vUTYtZ 34153 SMPpP5 6146 EDdapZat3,success
1778883054,create record thing 270 H99p 93302 jfHQKyj6 95864 oxYI,success
1778883054,create record thing 552 6MQbBHjtL 44295 8xQR 27085 moSidl9s0F,success
1778883054,create record thing 975 3V0EF7I9 5578 k8SLMHSQ 36981 nfQ4YxfHII,success
1778883054,create record thing 763 kylhKz 38701 XPjbo4Q 62396 7wrDRW1,success
1778883054,create record thing 253 3V43eUrUZ 75011 TJAXX9 17336 zpRJ5w8ixT,success
1778883054,create record thing 993 bxY4a4 67755 d5doyoZ 48623 iGNO,success
1778883054,create record thing 272 qaHh1KK 21614 Xobw 3054 qjm6UJRw,success
1778883054,create record thing 147 gOlydSAi7v 64618 PpqN7c 37464 ILQ5nfINh,success
1778883054,create record thing 470 Kvvn20Vy 53234 1LQjE 64886 tza8,success
1778883054,create record thing 659 gAiHbaB 83931 U3ziv 8242 FbxmaB,success
1778883054,create record thing 406 T6AYtdGJx 23493 smKtJd 49201 TwgYR9,success
1778883054,create record thing 512 KtCJTV5 83522 GAUsSKAy 16129 o2SEMIy7,success
1778883054,create record thing 672 QdlpUD 62134 THpaNIkLAo 24858 YQLDWiJ1rc,success
1778883054,create record thing 218 IiokyX7x1O 33854 B4MRn 70112 uiiQbfQaAl,success
1778883054,create record thing 323 XGsnsOLG3a 88167 utf0Qhy 58007 BQMm7h,success
1778883054,create record thing 736 Syrp 88268 lV9Sj 16814 BCme2F7,success
1778883054,create record thing 581 ysD5Bmw 31200 XutMXir 95410 cDRTiEbOAW,success
1778883054,create record thing 217 FAAx50 56321 j0pzXPw0Yz 34389 TrBtEKg,success
1778883054,create record thing 68 8RJEJ 70999 r9Wp4FcT3 41101 1LXm,success
1778883054,create record thing 275 z2shU8pxij 71834 R2Xe1gMI 44490 paeQB,success
1778883054,create record thing 411 92ilKG46s 83489 vSURd 67291 Fi7mGHDuH0,success
1778883054,create record thing 324 ydR9 26205 SJwsUJH1q 3211 QFQMJXlQoa,success
1778883054,create record thing 825 1BmXdHJi 10967 yazwtBF 36409 E56tUw,success
1778883054,create record thing 983 v9kDrax 58511 GYY1sd 9344 xpgkpse,success
1778883054,create record thing 842 KDsi0mG4 55810 FotD 5491 dbpm2s6jn,success
1778883054,create record thing 235 zkXudLHbL 36435 eqJKAeLK1 75478 iq9IgwL,success
1778883054,create record thing 58 atcmUxQs 66773 JENn 32927 buZVcOAkM,success
1778883054,create record thing 795 j21X8v 69526 8iGL2D0j 29800 IBCr,success
1778883054,create record thing 787 CL7htFA 35036 GjaGS0tN2 91269 XrJjOn8A,success
1778883054,create record thing 864 NSxMrCZsG 12931 8lay0n74ff 69419 VDFsjxwvtM,success
1778883054,create record thing 333 Z55oCiOh 81877 6bjkDZdR 99996 tqXHNd3,success
1778883054,create record thing 702 Y9KReX 55144 tmG92HM 5215 CnFveEdKw9,success
1778883054,create record thing 225 SyzIFIBmbj 2214 DeoyghNPb 43743 f2HjJWGxO,success
1778883054,create record thing 571 gVYbZayS0K 15521 CiDj 72723 yLorR,success
1778883054,create record thing 705 5Bs35ptAu 66982 zGTn8uQa 63810 ogkX3nu,success
1778883054,create record thing 656 NQVB4w 84372 GMPT 67708 SrcwFm,success
1778883054,create record thing 277 ttDd 91954 U68X 6451 y9hMy,success
1778883054,create record thing 389 HecN2BBd2o 39656 WqAszDYbVo 55477 17YenitnE,success
1778883054,create record thing 474 mhKEC4LRj 57564 gyIUS 17918 ZuwRskYo,success
1778883054,create record thing 168 f0TevT 70456 KXbCm 38225 xDpkhUJHO5,success
1778883054,create record thing 995 q55hdaa 21176 ePzIO 37575 oVZP,success
1778883054,create record thing 747 RdKYmEB 3385 9KShzP98V 3758 j7N8UJOxYh,success
1778883054,create record thing 547 zChU9 54245 7a9U4rY 4203 XZiRn,success
1778883054,create record thing 176 Kc3mBAnA 46934 Tf1MuNrz 35959 bkp1ds,success
1778883054,create record thing 908 4At1xdI 32287 UxeKUTN 80260 uKjlQx2Ys,success
1778883054,create record thing 624 b584 71771 alXvT8 35531 rQ2yiHHJsU,success
1778883054,create record thing 74 e5rTR 48993 DJmwhRKGC 41525 d2aat,success
1778883054,create record thing 664 BOAFd 69250 xdgRDptKu6 32790 AHkgX,success
1778883054,create record thing 700 XeCcPNt 39477 uCdNO 301 1YOpY,success
1778883054,create record thing 971 xqRm 52985 dmlF 43940 QuRP4irfr,success
1778883054,create record thing 274 bzctp 96801 Jb8y3mTi 17784 ic9o8iPcxO,success
1778883054,create record thing 687 7TU0 14925 mHmJlNwG7h 28138 pLu1Q,success
1778883054,create record thing 215 hsFsXL 56124 aqFAqUTKwB 59482 PM1pPIMkD,success
1778883054,create record thing 364 wZfQ9 52990 YIeE37 48461 pNd4zgD9nz,success
1778883054,create record thing 380 Rj2W65yS 87414 uIRRz 99862 2J3Ujm4Uy,success
1778883054,create record thing 167 jgDjCN56 97641 Hnq6rIFAP 3425 WyHsDNM,success
1778883054,create record thing 374 3HOzvn6fyW 85954 RfpEm 17144 dQWV6qM,success
1778883054,create record thing 855 DISIiTJh88 52197 mVWBlNZU9N 50934 Rvz4lgi51K,success
1778883054,create record thing 651 ayJFP9 14396 NRxsC 81319 BPz3nuL,success
1778883054,create record thing 465 gykW 74870 hWpL 95863 cUmo8n4z,success
1778883054,create record thing 955 OmQHgcI 90617 fdeALc 32905 fy8JSPfb,success
1778883054,create record thing 948 t3k4jI205z 71341 UeMc 38270 h0mFU,success
1778883054,create record thing 104 sqjdte 8045 D9fZ5g5xe 62986 12Xh,success
1778883054,create record thing 888 WgQ5Y 17741 4Pa8GX 11569 fiH0si,success
1778883054,create record thing 979 5e5nB0w 49881 1leI7c 83512 s8OxW9k,success
1778883054,create record thing 876 jv2eo5ndL 56799 leHYu9kOT 9837 iwEY,success
1778883054,create record thing 82 CHRrG4ALF 78365 8bg9R 44660 B64mwF2,success
1778883054,create record thing 297 9BSCyiOzbx 1047 bcs95gn 49554 O71qWFWg,success
1778883054,create record thing 792 aNYz 78578 P9Xg 17770 iDkFgvXk,success
1778883054,create record thing 234 ijkja 36401 ujl9Ksa 12093 TICX,success
1778883054,create record thing 678 xWR6v 3893 0Wm765kNK5 1003 5rN6wE8LCo,success
1778883054,create record thing 47 5be3g 37709 SusM2hVVfO 37737 IXr2hcf,success
1778883054,create record thing 72 P5nxUE4N 3268 9CKhjnOSS 32844 YyJtu,success
1778883054,create record thing 722 74WKsV 71399 rJTZLANQwj 79657 HaeduCoUx3,success
1778883054,create record thing 197 yiz5 54821 Is3dwNFmS 80735 jLyqCZ1l,success
1778883054,create record thing 592 2arlU3ksab 10487 RtSv6yg 70068 tr75xZ,success
1778883054,create record thing 371 Yarwd9nO 81341 uLw50tHYGo 36639 4iAl,success
1778883054,create record thing 883 MfjE6LZbf 60818 5khQK3xn 649 nhwcn0K,success
1778883054,create record thing 907 cG6wlcfK 13925 opxnLfdd 2841 ROAxl,success
1778883054,create record thing 634 xSrEFw 78604 aB9Yia 45105 XnUfxMCWV,success
1778883054,create record thing 644 urTZBW 15501 sUmM45P8 56086 SvvOOVe,success
1778883054,create record thing 850 WjfR 42094 HzeSdie 14926 DH5bNDA,success
1778883054,create record thing 301 pjQhwj 18095 YGrFz4f 37495 jtbbUCu4JH,success
1778883054,create record thing 566 jpRmqvOFx 80295 hD7Sg 86390 mQzJ2vnG,success
1778883054,create record thing 81 fWPb 50834 vRylBXn3di 23996 tv74EZ,success
1778883054,create record thing 388 y5xDzGFKj 36527 XrwhtMt7J8 54893 x51iP1,success
1778883054,create record thing 128 hBzELotbBW 33738 21eJs1O3l 25674 3C9Q0P,success
1778883054,create record thing 550 a48SC2x1s 85909 CmOG 12269 CQ69ip,success
1778883054,create record thing 471 N2Q5Rqd 51735 yTamNP0 68186 mg92Zb6,success
1778883054,create record thing 748 3SGF 35182 yp7Hm 98662 ABJbW,success
1778883054,create record thing 45 6QLET 11245 mauPLrA4i 73700 4rSd1j,success
1778883054,create record thing 827 w145xZ82 10150 3sgv 69546 QRd2nGFNT,success
1778883054,create record thing 271 rNdd 31718 vxFe 27993 uGOrODCvdc,success
1778883054,create record thing 619 a5Gtrg0Bq 11955 c3WOzLRO 26765 RBgFy8G,success
1778883054,create record thing 353 gJDZBJS 26471 mzDctb8Hx 33499 NevuRH,success
1778883054,create record thing 868 wopOV 66739 ryOf4 91802 ucQHqAH,success
1778883054,create record thing 368 1a2mjFm3 60558 DxKYn 41504 NYSk,success
1778883054,create record thing 100 2wsgo 71351 Y6a45hS 1045 CZISkDDCU,success
1778883054,create record thing 390 h2FihTO5mW 8058 BfeZ 93890 rlPE37vO0Q,success
1778883054,create record thing 95 9fM5SAh 75972 NgwLvyVz 5333 LQGorqbS,success
1778883054,create record thing 991 kZriP 89410 wWM7lZJVp 81758 abQDpdhEN,success
1778883054,create record thing 345 f6cR 5748 yZja 66049 ivJm,success
1778883054,create record thing 782 04L14m 41765 FSw3Lg 74770 Dfpp3Fz,success
1778883054,create record thing 221 yrZYbm66Q 86166 AjGtHq3 21816 EhaYQTOby,success
1778883054,create record thing 160 fPxb 11274 bVrZEh7m 7473 Rmo304xSZ,success
1778883054,create record thing 965 YfdSK 68986 KoIGTYtZ7k 84370 u7dH6,success
1778883054,create record thing 349 lQMo5RNzfV 51630 HNFYi 17970 NGv9VsCRp,success
1778883054,create record thing 984 024n91f 45724 InWp1A5LM 38039 fKhtP,success
1778883054,create record thing 715 o9TwbTzE 62775 1FD1hGYn5 56681 GPwfO2Wk,success
1778883054,create record thing 164 kjAAFQa 91650 mNfyYkINP 93601 7asKYJgu,success
1778883054,create record thing 826 DCA8ZxbZ 73012 7Gt546 38129 Vg6y,success
1778883054,create record thing 778 IleZK6v 51967 XHBO0t 56168 dOVa,success
1778883054,create record thing 7 lqRl6I3v 60693 MNVK 2361 g2va,success
1778883054,create record thing 891 FZcrJ8yNv 23744 olLYN 2054 kcWEm6Y,success
1778883054,create record thing 829 kxSiRJwDXN 3261 YEWfNryPL 53478 WEdx3Wws6,success
1778883054,create record thing 285 pSrO3 70314 Zv2mUqmsT 29968 6vHAjzEAy,success
1778883054,create record thing 604 GobPCw 61734 53sj 85255 VLnZpp8,success
1778883054,create record thing 460 9Q1bbSs 7808 9bkqCT 1073 Cr4V,success
1778883054,create record thing 226 mcCoT40KqW 45266 MQo5diIvv 88681 QNsvO,success
1778883054,create record thing 430 fnoe4KVQ 89724 ZUMZu 10311 S4govb9kw2,success
1778883054,create record thing 987 qI0xlPgdwn 25223 Svs7qU8X 82026 KueP,success
1778883054,create record thing 719 vwUnCb 54772 DHgCp 32791 f00PZxA,success
1778883054,create record thing 666 VUVpgUbph 85852 yaMdJfZ 31522 WoMu,success
1778883054,create record thing 734 BEdu 93359 SYH4hP 94840 BPgkVro,success
1778883054,create record thing 204 GI7tv6OOdw 31757 scQIWop 17368 wxxlLgu,success
1778883054,create record thing 575 brq3GROp 80614 nX2Q1P 76710 DQgajK6,success
1778883054,create record thing 28 LyWvdC1 66746 0iMU 95833 EYjgIy3W,success
1778883054,create record thing 617 nCWhbiF 59142 aNvKMTx 25755 pta9,success
1778883054,create record thing 518 iOUG 73460 Icn6N2k 41446 yVcOcaWW,success
1778883054,create record thing 239 zQQseS 19162 WHfep 72018 ikdUgpxgt,success
1778883054,create record thing 224 aoOkX 22781 VTQe 98600 xhWzzaHPQ,success
1778883054,create record thing 96 6DpxaUKsE 63195 cbipS 6600 4CAqwXX,success
1778883054,create record thing 31 HLgnaxV2K 10551 qNw5ADMv 51050 hlAeBTYQPF,success
1778883054,create record thing 33 iAKyiyZ5Bn 3310 wmgH0D 37551 9kiQ5Vrxes,success
1778883054,create record thing 433 2kATa6g 59910 WQkPxso 78769 9Tm5qbp,success
1778883054,create record thing 605 x8yFDb 49467 I7arnQ5o 95543 Qev8U,success
1778883054,create record thing 90 WR6hN 63249 xLrc 34632 x6if,success
1778883054,create record thing 559 ChjDGbHB 76465 9ydZuBLWTO 75569 3KBLt5i,success
1778883054,create record thing 914 hr0X9wT 72468 Hg68AENQ 92611 zp9mfK,success
1778883054,create record thing 759 ZBl1zz 39988 zEIeJ3GQ 77329 KKy8kcVNa,success
1778883054,create record thing 693 AElQ 22510 yXQA 15798 ZeMGqc0tLd,success
1778883054,create record thing 105 PLUxWFv 55194 1Q4HZj09nN 19070 W3gYeL,success
1778883054,create record thing 755 lI2N04ZZ1 23527 Y9Rz 4891 RyJq,success
1778883054,create record thing 143 gmVpot 28524 dp3XLGTWMO 56183 PwWHirTIU,success
1778883054,create record thing 229 1RCN3u65 54858 Fem7D5C 62681 iDosa5sOO,success
1778883054,create record thing 251 0qQGXSYdP 32195 TAta3 13091 XrkVI0j9b,success
1778883054,create record thing 282 rYUaLBv3f 87596 FO8zqLJgE 25218 HR3CtZi0,success
1778883054,create record thing 760 QMFZ 50533 e3WbmxMlJ9 4618 7oxxK6Akk,success
1778883054,create record thing 26 oHfpZM 71010 ULbMoXhO1s 49616 PFlzmsG,success
1778883054,create record thing 115 oomw6Tx3 33344 cAYYkpIxM 17504 ubqvZJv8,success
1778883054,create record thing 655 I4GMxq9DNa 74621 YL7rmL0 61646 uqhImcK,success
1778883054,range_search thing id 603 777,success
1778883054,range_search thing id 281 420,success
1778883054,range_search thing id 564 824,success
1778883054,range_search thing id 973 987,success
1778883054,range_search thing id 218 499,success
1778883054,range_search thing id 292 917,success
1778883054,range_search thing id 661 866,success
1778883054,range_search thing id 683 876,success
1778883054,range_search thing id 529 751,success
1778883054,range_search thing id 441 901,success
1778883054,range_search thing id 604 879,success
1778883054,range_search thing id 626 922,success
1778883054,range_search thing id 265 732,success
1778883054,range_search thing id 17 435,success
1778883054,range_search thing id 718 772,success
1778883054,range_search thing id 469 491,success
1778883054,range_search thing id 894 949,success
1778883054,range_search thing id 599 625,success
1778883054,range_search thing id 88 954,success
1778883054,range_search thing id 268 904,success
1778883054,range_search thing id 451 535,success
1778883054,range_search thing id 83 109,success
1778883054,range_search thing id 987 999,success
1778883054,range_search thing id 221 757,success
1778883054,range_search thing id 267 1000,success
1778883054,range_search thing id 955 983,success
1778883054,range_search thing id 106 450,success
1778883055,range_search thing id 402 893,success
1778883055,range_search thing id 850 941,success
1778883055,range_search thing id 429 871,success
1778883055,range_search thing id 746 829,success
1778883055,range_search thing id 1 669,success
1778883055,range_search thing id 347 425,success
1778883055,range_search thing id 556 928,success
1778883055,range_search thing id 518 734,success
1778883055,range_search thing id 967 968,success
1778883055,range_search thing id 703 752,success
1778883055,range_search thing id 394 897,success
1778883055,range_search thing id 679 828,success
1778883055,range_search thing id 268 844,success
1778883055,range_search thing id 909 996,success
1778883055,range_search thing id 186 395,success
1778883055,range_search thing id 291 503,success
1778883055,range_search thing id 993 998,success
1778883055,range_search thing id 626 953,success
1778883055,range_search thing id 446 975,success
1778883055,range_search thing id 336 355,success
1778883055,range_search thing id 905 940,success
1778883055,range_search thing id 332 349,success
1778883055,range_search thing id 662 833,success
1778883055,range_search thing id 801 905,success
1778883055,range_search thing id 419 653,success
1778883055,range_search thing id 497 672,success
1778883055,range_search thing id 319 365,success
1778883055,range_search thing id 139 983,success
1778883055,range_search thing id 730 865,success
1778883055,range_search thing id 923 945,success
1778883055,range_search thing id 815 958,success
1778883055,range_search thing id 446 519,success
1778883055,range_search thing id 483 654,success
1778883055,range_search thing id 922 964,success
1778883055,range_search thing id 821 935,success
1778883055,range_search thing id 128 435,success
1778883055,range_search thing id 982 983,success
1778883055,range_search thing id 865 898,success
1778883055,range_search thing id 339 396,success
1778883055,range_search thing id 883 970,success
1778883055,range_search thing id 880 910,success
1778883055,range_search thing id 552 717,success
1778883055,range_search thing id 893 983,success
1778883055,range_search thing id 503 722,success
1778883055,range_search thing id 763 807,success
1778883055,range_search thing id 774 870,success
1778883055,range_search thing id 896 934,success
1778883055,range_search thing id 527 931,success
1778883055,range_search thing id 74 718,success
1778883055,range_search thing id 422 677,success
1778883055,range_search thing id 530 861,success
1778883055,range_search thing id 295 881,success
1778883055,range_search thing id 251 667,success
1778883055,range_search thing id 881 952,success
1778883055,range_search thing id 890 896,success
1778883055,range_search thing id 688 885,success
1778883055,range_search thing id 201 531,success
1778883055,range_search thing id 525 704,success
1778883055,range_search thing id 227 246,success
1778883055,range_search thing id 738 781,success
1778883055,range_search thing id 23 811,success
1778883055,range_search thing id 82 952,success
1778883055,range_search thing id 783 819,success
1778883055,range_search thing id 450 836,success
1778883055,range_search thing id 616 786,success
1778883055,range_search thing id 87 912,success
1778883055,range_search thing id 626 958,success
1778883055,range_search thing id 214 215,success
1778883055,range_search thing id 778 853,success
1778883055,range_search thing id 659 916,success
1778883055,range_search thing id 881 928,success
1778883055,range_search thing id 151 876,success
1778883055,range_search thing id 502 737,success
1778883076,create type thing 6 1 id int name str score int city str age int note str,failure
1778883076,create record thing 777 BKsoRRC 90096 5WMO5 55723 HO4Z,failure
1778883076,create record thing 508 dXKZ 37828 hQR6FEe 5224 TLboP1K,failure
1778883076,create record thing 896 9Pqc 99125 DO4lK 83202 EfvuP1uRr6,failure
1778883076,create record thing 923 VcfphV1Za1 60552 dGMEBdq 17172 BRh8Lo,failure
1778883076,create record thing 34 tazn0 14871 6Oj5sRz 63242 pIx5F21,failure
1778883076,create record thing 484 V0vWqa 95164 ZJO1BE 43573 Vx518ox1,failure
1778883076,create record thing 86 cURYxPY 19936 7h7ug0g 59890 SzOj,failure
1778883076,create record thing 751 WqMyeuP 69942 7M3EHMo 89705 9UAgN2,failure
1778883076,create record thing 355 ksbudwA 32007 zQlkLxQE 76435 oNCP3,failure
1778883076,create record thing 524 3QjBvKN 55615 p0mxDoJJ9 38696 8OrJ,failure
1778883076,create record thing 185 W84UZ3WoX 28705 lpUVQigMc 57779 JTfs,failure
1778883076,create record thing 810 zmW2wFqk4 63156 s1XDeUnPPy 73048 fyqhwU,failure
1778883076,create record thing 419 KY6gob 73584 4ndZ4s 53516 i6sE,failure
1778883076,create record thing 616 oHyx 97404 6zUjzgEz6 4288 wB61gQH8w,failure
1778883076,create record thing 683 r86ZfnN 2799 WphJ 8992 Vmn1uj3a1i,failure
1778883076,create record thing 502 HXg1i 46955 WKaqhAhdBw 77812 CnMT,failure
1778883076,create record thing 761 OsNb90AgSB 10589 LerNHu 78301 sFAXhO2I,failure
1778883076,create record thing 50 nBovCzfAPx 20006 5eZffTYIK 73608 uhvPU1S8,failure
1778883076,create record thing 733 tgFjD0vI 15058 roAIVMPILO 90894 bqV5vl,failure
1778883076,create record thing 337 JyiNb 97794 nAvwSWJf 6895 jMPqP,failure
1778883076,create record thing 451 LznFvgQ 77743 Gtn9dm6 17987 puaUkxRFZX,failure
1778883076,create record thing 791 yUBC 10205 tAzNrz7k6C 90388 f0pKGy,failure
1778883076,create record thing 351 UnWeNG 25415 vTYYojmLVO 23218 MCIJQ2N9u8,failure
1778883076,create record thing 468 jeBsrd 66497 tCdZ 10057 11MFCIX3B,failure
1778883076,create record thing 623 JlLF7BYZ8f 84689 cR9GL 47696 4yWQdN,failure
1778883076,create record thing 477 efQrSO 78997 jfP4tOPhRf 73259 NuhR694,failure
1778883076,create record thing 615 OAww 23627 vVl9j 38770 WFHTGP2MLj,failure
1778883076,create record thing 555 ZVYkB 53852 PoBrUB 69993 tYDZw,failure
1778883076,create record thing 366 9CrxG7YX 18140 pN2Ig00rVq 67286 Zf4Y2,failure
1778883076,create record thing 771 zyxx 10696 ntgSuj 5020 4DZVDM,failure
1778883076,create record thing 631 bnj6 79807 AWohoNMd 65513 HNJSsavJ,failure
1778883076,create record thing 941 Pf8eG 66496 9IyDN8pbWv 96068 MVTucHYkW,failure
1778883076,create record thing 798 8DliS6c 26422 X2tt 52196 HpUlwW1uhw,failure
1778883076,create record thing 497 U3x8EE5 68062 XTeLYH 42101 eOtL,failure
1778883076,create record thing 925 kBBT4MA 83816 6eNwXQ7iLW 4561 eWwxJ,failure
1778883076,create record thing 370 jBwBeiwt 36528 7blG4 15435 WRnLR9,failure
1778883076,create record thing 597 h0C3B 11506 Q0tveH30S5 83584 XFhmi,failure
1778883076,create record thing 721 EwJC8i2eyS 62739 zzJhteCG 16821 WNl7A4dhjk,failure
1778883076,create record thing 54 5n6Gre 25729 7rMMfNKKk 81851 3u5c1f6Vq,failure
1778883076,create record thing 427 VzNEM 37967 7DXQsedBE 26741 LtST18,failure
1778883076,create record thing 57 VFgoh 58929 id61z 20932 uJtVEFEtb6,failure
1778883076,create record thing 265 CoKdrL0P 37453 agiqwzcd 73638 wrxBI,failure
1778883076,create record thing 773 9Qh8yXv6Um 66731 FciuDCL 67568 uMk9T,failure
1778883076,create record thing 186 KFFEID 2180 ugzt32 82478 LqO8,failure
1778883076,create record thing 467 JSKkMM0j 89224 b6gbt 19848 QzW52Td,failure
1778883076,create record thing 790 GI9Dx 22699 4vvVSNQ 79963 lpIn8sr,failure
1778883076,create record thing 175 QEDI5 94589 rJH3yv 19198 c7e5OU,failure
1778883076,create record thing 151 mH5Ri 80698 KpPGNdzSg 18018 78jO,failure
1778883076,create record thing 742 Dm7tO4f 75252 HS64k 23040 9yE6,failure
1778883076,create record thing 114 52aJg8r9HE 17589 FqYuTOSaus 88395 lLNzAuyf8D,failure
1778883076,create record thing 429 axBqu 76344 JqwoPCjQ5 92216 th4sMnijUL,failure
1778883076,create record thing 966 R4UXZVQ 78094 WGGw4gZ3mH 21566 0BQSE3,failure
1778883076,create record thing 19 YCFCdCY 94801 yYUJ 5936 vd95e5b,failure
1778883076,create record thing 190 liNT7x3 58790 4xe72i1h9y 16691 8ZU8CSAxo,failure
1778883076,create record thing 415 vr6SgYz 2050 mgcLR 6380 Tyon1,failure
1778883076,create record thing 590 i9o4 75511 JVYo29 68321 zrIKT,failure
1778883076,create record thing 667 MAE86 87994 WtzjxUD 29536 1iCdzz,failure
1778883076,create record thing 764 ipmO50fS 24966 qPL2 24662 VSID1u7a67,failure
1778883076,create record thing 222 UU4R 92244 yotrC 85029 tw2CXS,failure
1778883076,create record thing 587 04wzInjq5J 54732 juxZEO 89764 pY7NEk,failure
1778883076,create record thing 582 viHl397G0e 87584 Vz0o 92690 aFxMP,failure
1778883076,create record thing 300 4OaGzbSH 37576 FRA6 23496 4GoM,failure
1778883076,create record thing 639 YqyxzJ 91388 sZe9O 4152 zxDN,failure
1778883076,create record thing 387 kEAWJ1fGc 27710 QJq5QrHOl0 2052 KUSye,failure
1778883076,create record thing 365 IJ0PH 50311 TXQeUvgoeL 80460 yVbq9Ew6,failure
1778883076,create record thing 880 lKxVspe 35123 xWjyw 11995 6BVg,failure
1778883076,create record thing 335 lBIz 3442 vfLu 50493 syf3,failure
1778883076,create record thing 17 Jkxis 64634 dAAEe 32990 SEMCi,failure
1778883076,create record thing 203 6uMX 43193 uY18it6 26326 t78sREJ,failure
1778883076,create record thing 2 urWw5 26188 9lVbT6mX 90811 YXzE,failure
1778883076,create record thing 39 spjAxBLKH 90663 HXw3HNf 32536 PkLINO7uX,failure
1778883076,create record thing 291 aqFG 76089 JByVKFvbg 54522 h6it,failure
1778883076,create record thing 494 WGvgSCe 5856 SbvgX5TFIu 55885 ozlNAbM,failure
1778883076,create record thing 248 BAanr 92243 XJXHwmhPE7 41078 yyhvCkPX,failure
1778883076,create record thing 507 KPtohxiy 78174 JAEH4 22706 krl0M17E,failure
1778883076,create record thing 897 Y7FEQ 54477 0EfbVsrHk 59942 UVIhhWZw,failure
1778883076,create record thing 714 UVBnATOp2b 34447 1f1hYn 96680 Q1LAMWYX,failure
1778883076,create record thing 892 vrHuRrq1 89037 f7W491h1pS 32447 0yiNMxeXVy,failure
1778883076,create record thing 77 r6w6uaVTT 60089 PwdHnAnqZ 44270 JJEvQdgW,failure
1778883076,create record thing 912 b5jC9A9 17290 s22fwfPOd 81999 TUAffn,failure
1778883076,create record thing 793 ioQa 91173 Y9Aiex 95782 gt2iVUi9iG,failure
1778883076,create record thing 509 Lkvn 98077 5MBn3 18351 hTvAXpNpLS,failure
1778883076,create record thing 178 WQ0OsG 66784 Usd37 64865 gEKG895,failure
1778883076,create record thing 843 x0AHk 61736 eKan56yrSV 55518 yNHjfe58j,failure
1778883076,create record thing 201 yNZQeR 95677 op5hLdPOka 17984 aEvGYqxU2,failure
1778883076,create record thing 766 2VbYqdSJe 59663 wEJwpgJS 29937 Fc1pDxj51,failure
1778883076,create record thing 910 XSOnp4tZ 74912 hPdnFc 52550 21Vt,failure
1778883076,create record thing 294 IamI 39834 MCKEVm3Vp 835 bHNQauV,failure
1778883076,create record thing 539 0TgGoEd 18661 rco0z3CUK 66247 NyKdP,failure
1778883076,create record thing 25 oqtXR 96384 tqemWK 20369 kCzH,failure
1778883076,create record thing 695 mtqhjQZRcZ 42964 fpwFP 34100 9bzCUpCXia,failure
1778883076,create record thing 211 WnmyQ6fK4e 8450 3Bh4Z 43456 cCkJ,failure
1778883076,create record thing 425 SExAv4rBjM 80868 OE2Df 50202 zNXp9,failure
1778883076,create record thing 529 X9WwHE4F 50905 ltn3Wd 61824 wKojpoHX,failure
1778883076,create record thing 35 d9n0Xv00k 77662 XR4bR6 73873 Il92E,failure
1778883076,create record thing 929 kcdLbD 43481 miS40ubK 18566 gGweRPKuu8,failure
1778883076,create record thing 399 6X7Ok8R5W 29260 KktQhT66y 74381 ltYL,failure
1778883076,create record thing 608 J6iUo8k2f 92925 N2Bqpepga 50585 T82ExHg,failure
1778883076,create record thing 299 WJVnBXc 2631 qgv3je 12203 KMDb6k,failure
1778883076,create record thing 849 jgmlRST 34768 rodJ0jwAs 86772 Lmbksf0ty,failure
1778883076,create record thing 669 3qNyxxl 5848 BqZIjR 12675 PYzU,failure
1778883076,create record thing 283 I0YzH 62236 2De3SF3X 88805 j6B6knlc,failure
1778883076,create record thing 940 9A9M 77994 tTYfII 36202 C2WMGAzj,failure
1778883076,create record thing 945 K7ggWW12 53856 xELcri 79777 Rc3uoU53b,failure
1778883076,create record thing 607 Xt01Q8osUV 42056 TLfB4z 63499 GxdXeRzWGJ,failure
1778883076,create record thing 960 lZZpC 47235 mwCy5QpEB 62204 IvZqZfbd,failure
1778883076,create record thing 935 J71OQqzbWV 1166 4OLapXs 92978 r30CnsGMK,failure
1778883076,create record thing 732 FP0x 84848 Lsgd9N1q 93204 sjV3XXLOQ,failure
1778883076,create record thing 288 bEs4zTK9Y 44979 SQND6wskO 73170 sDTSI,failure
1778883076,create record thing 528 63Onn 40250 Wuqs0D1 76490 6e3F1xsd,failure
1778883076,create record thing 808 j9v939i1lf 43598 9tdCmVJjW 11539 MNz7x,failure
1778883076,create record thing 230 HT63 99201 GbaTo2tgFs 8557 c6CGGAQi9E,failure
1778883076,create record thing 437 l64zoTiTKk 48049 Oc2pHd9PO 2587 QzxH,failure
1778883076,create record thing 29 RmQaAgG 81631 Rz3FMrWE 79823 WZ8wz,failure
1778883076,create record thing 375 cEm5u 358 P4ZP 19548 WeS4,failure
1778883076,create record thing 820 o9sCgkcsX 40987 TfVc0Pk 46861 7qTxvhy,failure
1778883076,create record thing 317 qx0XOXh 91248 d6jzKXQlx 47002 bQZ8i5hz,failure
1778883076,create record thing 561 dOa1 68788 USn72GQMAT 63167 PNjZ3M,failure
1778883076,create record thing 242 Nj00 21679 Utur 66444 IxYeB,failure
1778883076,create record thing 150 B1BhEOgz 73024 afLMsFmP 44676 ZY0uVL,failure
1778883076,create record thing 517 OShVnvZ7s 68417 RckiSS 14019 Ll5yCW,failure
1778883076,create record thing 418 uUcNPh3CK 66086 7aTIA 76692 5W4QkYg,failure
1778883076,create record thing 661 L2Fx84Vq7 38557 XiL2F0H 41144 TInnSQ5iS,failure
1778883076,create record thing 199 FRthv 62963 JPzU0r0Y 68515 bjPm,failure
1778883076,create record thing 586 W8QjdWmHwC 80754 PInOyFXRQc 50014 zWQ7dUm,failure
1778883076,create record thing 326 W1Z4ROUHLW 25362 B8e7Th 5326 rqj0aC6,failure
1778883076,create record thing 824 jud5 80689 PEJwWtnleF 54516 HfnnuwnU,failure
1778883076,create record thing 703 DIUOhvoN 81412 7Qt46 50577 Hr4YxX,failure
1778883076,create record thing 950 EsOtff8 70513 aePV1AgH 92109 WO6UjCufd,failure
1778883076,create record thing 516 peY4zBztyh 773 SdUc0wFrQ 79503 r5xY,failure
1778883076,create record thing 865 DHiy 71529 7iP4XT 48906 IIha,failure
1778883076,create record thing 837 yHfnTTn4 67181 jnZml 74356 dU9INePpmJ,failure
1778883076,create record thing 878 wPorel 63682 uOQjJY7 22103 tWSN,failure
1778883076,create record thing 360 0iT2Cw 40038 IkL01iH 34502 2eebFbKzK,failure
1778883076,create record thing 595 IH9D 19481 y3K1iF 11869 wao78QU,failure
1778883076,create record thing 789 Bl6O7 96458 DwnEdwcm4 47349 DCc8uRG,failure
1778883076,create record thing 189 qTJJxxK3ep 29215 zYvX3a2B 30145 Frjj,failure
1778883076,create record thing 67 ShoYSDDn 21134 ZbcJjNcJd 33850 Gz8N2,failure
1778883076,create record thing 356 PrfB91kZL 76368 VMFkQ5Kexi 2170 G4QZL,failure
1778883076,create record thing 800 DMcWF 15403 DiLZ 88940 AA2RA6DVv,failure
1778883076,create record thing 903 TVRgiDo1r2 53562 lRWJha 85792 QtwjO,failure
1778883076,create record thing 921 qHJL9y 26698 IIlID9J 92470 T1OUBRk,failure
1778883076,create record thing 943 FWXMQ 6822 yNXZD 78675 fqwLS5y,failure
1778883076,create record thing 331 GSL6YNBmO 67915 mWFRMP 47151 O8fry,failure
1778883076,create record thing 728 yKGTefrZ4 45625 7rLm5J 34223 zges6,failure
1778883076,create record thing 397 FpHXpBxDpv 60142 CKbheN9Po 41383 7GaZpfP,failure
1778883076,create record thing 464 vIltnJlU5l 96614 opqoZ 81080 jg5PPM,failure
1778883076,create record thing 394 170xt32Jrl 66995 yUhGA6 4268 v1WChGta,failure
1778883076,create record thing 312 nKuLqIoDM 47962 EnRx0 36651 liJogqo,failure
1778883076,create record thing 681 1mXTDaA 17625 NHtEp1cgkn 33330 0fUqwIY,failure
1778883076,create record thing 745 bh17mJ 85082 kWwPET3x 37555 NikYuNJ,failure
1778883076,create record thing 922 4evtOSLy3W 47600 K7zlbTP6R 10494 kgd2I,failure
1778883076,create record thing 462 VG9g 81015 f5yoT 58085 hGkcw41C1,failure
1778883076,create record thing 523 Ii6HKC 98161 2ANH4Doft 54028 jaGVir,failure
1778883076,create record thing 632 a56DaAso 946 xzIykTyx 34469 AoV4,failure
1778883076,create record thing 491 RqOGqleigC 59345 REtj8b 13405 qSTojE,failure
1778883076,create record thing 196 AWExRb 10515 UjqyHl3pxa 93674 x8p9m,failure
1778883076,create record thing 257 VG8DQtuNc 72034 hDswdP8o 56906 aXKyp8,failure
1778883076,create record thing 694 WDKxfjfM 99557 dwjHgEtIN 45523 3TbxSpcRIH,failure
1778883076,create record thing 741 llvTrZ4 72682 ejsqw 94 Nxlb1WoSOH,failure
1778883076,create record thing 578 lQVjrzt 12616 Oc6lbglb 84115 yEMKdnSa5O,failure
1778883076,create record thing 158 eXdI6zwRZq 5328 es67gSGlG 32605 MlUzgNwC,failure
1778883076,create record thing 613 AgXIFOHL5 41307 9uxVATLI 28039 V5p7ByT,failure
1778883076,create record thing 393 KG9ssn 41275 V6Y4 67013 JJfCjq3p,failure
1778883076,create record thing 970 Yfy4TS 63246 E3RYf 84181 cYxW5u,failure
1778883076,create record thing 689 A5hVU05NNd 68731 tJuR 20079 P98U,failure
1778883076,create record thing 362 FnryifJd 52322 fFViiI 63944 OmMTpeW,failure
1778883076,create record thing 817 QJgzwl 45157 OVkvYXMB 30603 QjTfT,failure
1778883076,create record thing 402 651Ya 90937 gBbmHmGqDT 18526 RbKPckrWM,failure
1778883076,create record thing 93 C6eO 86898 4wgs2x8FS4 63525 Lfm7ISc5sE,failure
1778883076,create record thing 918 jvvMo8FYM 50747 966nvyiTGQ 81988 ooj84uHmi,failure
1778883076,create record thing 490 QmiQ34A4 19025 54tI6ht2T 41771 7sUYNTj,failure
1778883076,create record thing 452 glVLq 74323 ooQwQDFL 93325 x0EilbVaq,failure
1778883076,create record thing 252 nPmmk7B 80879 Q13AWLZ 94398 y6JHNR,failure
1778883076,create record thing 654 GBZc 32207 H8cyV7lB 39918 ZCAMdGiZCS,failure
1778883076,create record thing 770 lK3H 51520 ubC332f 42477 OSkTfRNfR,failure
1778883076,create record thing 671 XF6xxV4JO 19672 1lSAt 58491 MhimMp,failure
1778883076,create record thing 130 EEYLEnO 59472 BLa2rMY 27215 ldvj,failure
1778883076,create record thing 638 PZs5 6426 zlPL 90638 KWkCJ5fsw,failure
1778883076,create record thing 992 YV0eDh1 43150 znmdJ8Gf 94905 LWRA0qJM5,failure
1778883076,create record thing 343 IGNElLR8 207 bMh0 80649 zuINamr,failure
1778883076,create record thing 309 esIVhuyJ7Z 25430 Z5DDci 20366 C13CY5dGJ,failure
1778883076,create record thing 137 tHmQX3v8r 4085 8M0JyK 98505 RtbzEo,failure
1778883076,create record thing 89 ZsGkxcm 12137 FX4jvD2 40679 uVg8G9mcy1,failure
1778883076,create record thing 328 a5QK 11413 CcGOtJ 40913 3tlrtBhjq,failure
1778883076,create record thing 476 7IgH 72006 q6XJkt 44399 BiDPgdAl,failure
1778883076,create record thing 982 3NQBwumV 69924 8UCi 91566 gtNVD6i,failure
1778883076,create record thing 851 pwl4u1uE 8567 gD0rvJF 53174 SgIesCKopj,failure
1778883076,create record thing 893 xvYKWAW 71372 oPe5JEKCI 58355 tzLQK,failure
1778883076,create record thing 376 xEOfY34Naj 19558 GyJmQtJ 89071 46S49K,failure
1778883076,create record thing 179 9zhswIdR 47086 11oR 51677 txxHPDlx5,failure
1778883076,create record thing 27 zr2haOi2O8 17796 iX13 91146 5MCAYxnA,failure
1778883076,create record thing 350 J0oF 53849 JccDwJ7e 95706 G1UrGGLpN,failure
1778883076,create record thing 500 7eNXtdvWD 67195 Juv8skR 78333 sWqNJJOsT,failure
1778883076,create record thing 475 rfF0 36418 ir1agk 77564 jBYqREX1v,failure
1778883076,create record thing 618 7KYZ 98665 VoBNnTv 84182 UhkysU,failure
1778883076,create record thing 698 5oQyqGArXx 41377 Qc4N7A41 43904 qgOyVU,failure
1778883076,create record thing 51 PVGQ9taae 53903 GQvS 33016 cMdK3,failure
1778883076,create record thing 212 6NRh1 17027 O3J73Rp 61204 6N5rA4Vuk,failure
1778883076,create record thing 382 rdy9 33847 qBE5LlEiVn 84323 4Sge,failure
1778883076,create record thing 884 TWbEOacy 19871 uyaRVDzTY 9188 oxQWhH9u,failure
1778883076,create record thing 174 yN7fH7 10545 CVOkcxlR3N 47089 fNTilSK,failure
1778883076,create record thing 148 yXNE7Y7 2151 vuSz 27745 OG61HToeTE,failure
1778883076,create record thing 420 D4cR 17109 kdtX 59793 kKYgEXnX,failure
1778883076,create record thing 962 uZTyhQH 42151 7nckdqUkwk 31934 cg0LWaEa,failure
1778883076,create record thing 149 5RKrQ 62391 hiqBokQKS 80222 MWva,failure
1778883076,create record thing 976 l98M1 70742 nVOrmXQ8 62182 kPcNrAu,failure
1778883076,create record thing 80 3CgdHjbFeo 58303 JzU3ogoo 54079 m3eKdBnLlx,failure
1778883076,create record thing 776 SN8mhQd 17891 0Ckv 38687 jX74JIoz,failure
1778883076,create record thing 303 E9KZrTTp 42899 J3KjJa8 5250 TFAyYRg,failure
1778883076,create record thing 996 oIaT6is 84887 aPkC 74760 K8CiRl2MR,failure
1778883076,create record thing 526 1e3u 4287 Aq6HXW 10611 2Td6P3gw,failure
1778883076,create record thing 775 cwORIViu 70730 OTU2 92123 UVt3F,failure
1778883076,create record thing 232 rdvEGhS 88907 HsMX6Y6e3C 10508 3r7grRE,failure
1778883076,create record thing 626 m7bzQ5DATb 24780 bXZG 44024 JOWEPGI,failure
1778883076,create record thing 801 siWkqE8 6202 vCk5S 37387 80QPj,failure
1778883076,create record thing 562 h9JBw 26890 RP8jB8Hh 3266 5V65j8H,failure
1778883076,create record thing 510 uRDr68Jj 74086 4BQT3iIty 28883 wuLmGWV,failure
1778883076,create record thing 841 bHBPf 67081 mtL64wj 56051 xavtBI,failure
1778883076,create record thing 495 TB9Xr 95420 TzZLis9 68852 e7Ufz4,failure
1778883076,create record thing 120 kCJ4mZr 64302 ZsKE 96974 nXjsNNh,failure
1778883076,create record thing 478 3zEQphr9e 97722 KJ1MDR 15674 FJ0kdt,failure
1778883076,create record thing 145 ikqA4wrG6 67353 VlfUH 41446 0XqRwHviir,failure
1778883076,create record thing 30 Ev4gjnl3MZ 68898 GIUhCeY5Dt 47522 Y3LVv,failure
1778883076,create record thing 911 sUhhRQtn8 55680 VgbEAmcOK 61483 4csa,failure
1778883076,create record thing 122 W5m3 24219 vf066vjFT 31696 JgJanlr3,failure
1778883076,create record thing 606 aS550DRl 88280 lvxn 29825 g9hgiVR,failure
1778883076,create record thing 62 SfExCTQ0 29605 z9A13X6w 1675 EgBOfiyKg,failure
1778883076,create record thing 872 e8uK9 16090 ZSrSK 35779 WNyDLzErVg,failure
1778883076,create record thing 573 Eo6bTZ 65291 blLusMVOG 64512 CsEFHYHbV9,failure
1778883076,create record thing 6 xtxC 4306 I1sRE 17627 SEgPOQ,failure
1778883076,create record thing 927 DIjdqKxP 37281 dKhwYK 81940 xA9zdp,failure
1778883076,create record thing 640 OK4es 44249 buC1J 55203 bDbtJt,failure
1778883076,create record thing 440 YgPu 65898 VvMwBE0W0H 37664 c9yoUf,failure
1778883076,create record thing 730 JKqJGAveZF 39309 PtzpFPH 2438 R1Jn7UC6H,failure
1778883076,create record thing 194 045TdmCo 97836 V0z14N0qr 21048 QoojbX,failure
1778883076,create record thing 753 CIBOcj 17882 qXOk 5535 Eb1fL13zw,failure
1778883076,create record thing 627 2y00oJFhP 76076 5p2ohYuKyU 30924 ngnrz1d,failure
1778883076,create record thing 572 x6tAQ726 47578 SYb7L0P 7166 4PpxNR3QH,failure
1778883076,create record thing 18 1y4y8 33493 fZon34 82752 2Vzc1Z,failure
1778883076,create record thing 743 Dz0S2YZ 91551 FvLYTC 3584 dNNXiyMtfj,failure
1778883076,create record thing 915 SVOiKz6B 96360 qQZXm 54328 l262n6,failure
1778883076,create record thing 511 OM48mRky 56217 qfw6hSA5 59468 PhSl1WrEi1,failure
1778883076,create record thing 574 nZTllXb8 30865 BpKOfD28 52108 nxALeId5D,failure
1778883076,create record thing 139 967LUc 33247 Msyw8IJq 66027 52itGih,failure
1778883076,create record thing 192 8E8r 47263 r2MVqt3 41358 9Vj0OXdjo,failure
1778883076,create record thing 5 DkCh 64868 B9IC 14744 SjvmrZUYIP,failure
1778883076,create record thing 444 K8GJz 10070 VP3bQ 89212 yK6Z,failure
1778883076,create record thing 21 bCRDM 35300 OucMC694 74600 ndNud,failure
1778883076,create record thing 214 HLfp 31467 1f0kWrUOhE 56670 XtQiPZFE2,failure
1778883076,create record thing 65 qLfAwlN 12182 F8PO 93537 5GOfD,failure
1778883076,create record thing 412 4Djh 39375 pAJI4FFzCS 33211 pfFhPl,failure
1778883076,create record thing 302 0czRt 94908 UBYv4Yn 10252 8qPAbyaOC,failure
1778883076,create record thing 334 17LEM8w 88316 PXfilYRlb 63060 io01HfVjA,failure
1778883076,create record thing 193 kjR7 61799 1KmJ 51345 ug0A,failure
1778883076,create record thing 665 0TKIsEE 77468 LQYESGAtd 84974 3hMOBBk,failure
1778883076,create record thing 263 lvon4vL0O 17191 Syz6Ow 61908 8kmQfDkjEX,failure
1778883076,create record thing 648 smcb2wj 65991 Yuho 73660 E9WVV,failure
1778883076,create record thing 811 qjQFPR5B 59917 U8WL1gIFkh 26920 jsBFTg,failure
1778883076,create record thing 233 wYhm8VaZD 37585 kqSzNpUG 29908 XzzC0,failure
1778883076,create record thing 796 Q6BVSGeuyV 56894 yc5j 75308 88X2,failure
1778883076,create record thing 682 z2R2St 45109 Z3Lj 52944 N3MMBvY,failure
1778883076,create record thing 805 zmscuSTh9 37214 fIGUj 3655 HqZsAFT0qF,failure
1778883076,create record thing 483 cOhs 96581 C8X9 74133 3MHKvrWSP,failure
1778883076,create record thing 361 xTgGlWCjA 54008 fAin 10233 PyIW2K,failure
1778883076,create record thing 839 AB5E8ZihS 16958 FGRCcjI5h 53558 hJcj,failure
1778883076,create record thing 237 sxsbiW 55280 6srl 96948 aHecDtC,failure
1778883076,create record thing 628 WDSLVF 60415 BB1uXPzoyH 87876 TO1RJXR,failure
1778883076,create record thing 958 NNf7HU7G 98377 FbOG7rm 92486 3BYLyc1bBz,failure
1778883076,create record thing 583 Gxf8HrlVj7 88946 d7lSs 12942 i3p63d,failure
1778883076,create record thing 273 UKEUx 15083 dCzEzo 2440 IKgVOh,failure
1778883076,create record thing 202 zfNm8x9W 70455 7IcY7MO 21939 d5qp,failure
1778883076,create record thing 14 xvNKFcTIs 51813 hiIrAL7tQ 44909 qUCp8vCLa,failure
1778883076,create record thing 428 i5LaakIRE 51483 f2OH3YBh 49332 Lx0Y8hwlaU,failure
1778883076,create record thing 240 r5wfMsSoEw 36799 4RmmYy1 74593 EIOJQJeh,failure
1778883076,create record thing 85 h512 95538 r0b8QMQ2aA 88224 d6A9qQCwV,failure
1778883076,create record thing 533 nrABamfJb 96658 8Aepk 40737 MfDY,failure
1778883076,create record thing 173 X50pD7ZY 68114 oeLBfBh84x 90880 WdXd,failure
1778883076,create record thing 290 MeQIsxfU 30554 LOaxX2Mv6W 59516 ulgKeWmJ,failure
1778883076,create record thing 486 FwDMlichK 67256 Ut2Wjtvwa 76865 QdFZ1Amm4,failure
1778883076,create record thing 330 elDQCQ0Jus 43072 g24E5 83724 QCnDV,failure
1778883076,create record thing 684 uTml9webhs 25480 KVcbmk2Sv 72680 lb04b,failure
1778883076,create record thing 319 iO2unCwxk 69065 922ei5Xlxx 78584 8pcMlHW,failure
1778883076,create record thing 455 pNrhFK 64092 TWXMk 50871 2UxGlSGD7D,failure
1778883076,create record thing 250 y5Kcnm1y 40107 3J6xIif 58262 vKCMACzX,failure
1778883076,create record thing 847 qbBqe3 38603 FHerohwHuP 32771 UV0lLi,failure
1778883076,create record thing 280 UT4asYWzzJ 85892 DFVj 52101 oUDFW,failure
1778883076,create record thing 456 DYvf0A6zB0 3945 i2sTEO 46486 nAUVQs,failure
1778883076,create record thing 902 bW5j7uNL 79670 18myHlgJ 59183 3fgIbQEle,failure
1778883076,create record thing 762 roOedGk 53852 jgHDe71 17030 mARDL6KFQr,failure
1778883076,create record thing 548 9BZL 32353 uJECcfO4 45453 0XyZ0zlMA,failure
1778883076,create record thing 181 4lJy6o1 35884 HPeT34zVh 48330 UFWz,failure
1778883076,create record thing 558 pFCeR 98269 xU1yah4 42875 UEeIp6iY0,failure
1778883076,create record thing 629 ZLkhT 22079 PaqB 23322 S3HBc,failure
1778883076,create record thing 424 YNS3ytdaV 26442 xofA9 44186 lPn2XZkkzg,failure
1778883076,create record thing 844 uMM5yA 30462 guaOa 27887 nOrMc2z,failure
1778883076,create record thing 11 L8gH90k7L8 91267 Q8RuN2t 87342 eb4BFTF,failure
1778883076,create record thing 200 9oM3tTUMd 49089 sjmc5L6 96895 itWcXz,failure
1778883076,create record thing 426 rb0upH4PpQ 94306 LxtBa 64440 7d96,failure
1778883076,create record thing 535 fKZ5o 10245 StSpkpr 58755 m1D6wxDAL,failure
1778883076,create record thing 32 VYXbx0V 39351 HIkxsrID 43677 Sm4a1,failure
1778883076,create record thing 580 SE568xENK 53580 9h5k 57186 VUvRNw,failure
1778883076,create record thing 405 O5Tp 4522 wRbPjL6jpJ 86848 khfSxR8e42,failure
1778883076,create record thing 278 Zps7O 50172 tz2TfNWv 18705 U5yt9Y,failure
1778883076,create record thing 445 gVzz 37793 AkliEFgJn 26337 UYl8,failure
1778883076,create record thing 772 zMM1ksxrvK 62638 PgdUaK9 12693 GaL9V,failure
1778883076,create record thing 373 DuAw39Y 47344 yL82Xa1yZ 18201 L1rR,failure
1778883076,create record thing 723 pCQ1FOaN6t 83070 28TQoE 96889 Xv66DORg,failure
1778883076,create record thing 401 smiGJ1F 16759 XsPI2kB 15162 PonUOfA,failure
1778883076,create record thing 79 b5uxrSP6P 87225 5NEXu 29334 VLNxSTxN,failure
1778883076,create record thing 538 7BoqsgvK 24662 6JhtxTtKl 50875 twQXGLn,failure
1778883076,create record thing 576 a0tYsnQ 19323 rU0ZctFQ 35841 RDZERx8uZn,failure
1778883076,create record thing 549 5nT5W1TsY 20865 HuQ9 99315 yGrRm1y,failure
1778883076,create record thing 711 uX1d5 39855 OJBD3nX 25644 Ow1gW1x8Q,failure
1778883076,create record thing 42 5f8ld 67559 uAjSphysK 22608 UW9PfCYxN,failure
1778883076,create record thing 886 whfEPFb 75101 DRfKx9Rs 16414 uS1H,failure
1778883076,create record thing 633 YbIHYEG 76640 SWhU73lL 23584 IXhh,failure
1778883076,create record thing 859 OfpUf 16346 s7k8Opc6 38456 HiEt49LFQ,failure
1778883076,create record thing 140 YolsZ7Lnw 16841 Mepx4yfpA 91031 HeT9R,failure
1778883076,create record thing 386 SIOFk 20118 9AbLeh 14416 HeNwuq1na,failure
1778883076,create record thing 457 8n7WhG2 77178 YfvJrqgctU 23681 XQWI2y,failure
1778883076,create record thing 933 haFjhxTd 95082 8RpLRl9XF 36152 GS5oNfs,failure
1778883076,create record thing 814 tfeT6kdUIE 1401 P5iEQPH 16343 alZaAHv,failure
1778883076,create record thing 141 O596QcBk5 68618 kwivd 64947 k8uQZ01,failure
1778883076,create record thing 625 ssnTJn 39953 F3530daCs 14046 vSya,failure
1778883076,create record thing 321 EfFjhEj 86066 oysAlY 14246 OBiUa2R,failure
1778883076,create record thing 709 lcyU 4142 P678h 64103 EQhUWyTT,failure
1778883076,create record thing 458 yggbjFVoQv 78261 aDrfAMTlr 15075 qRPADWgTLl,failure
1778883076,create record thing 874 KNoic95AMf 6678 zsNouDF 84393 sqrv,failure
1778883076,create record thing 327 p3laOtr 36721 gl6wsgaI 17079 wYUKLo,failure
1778883076,create record thing 127 nx3iUh 76881 YlBg6MsDV 69934 jhzS3V0Iv,failure
1778883076,create record thing 133 BS4ez5 66043 bLRhcJXRTy 89744 18kUxWyq,failure
1778883076,create record thing 818 aJKa5 67213 FSq0sqh 29350 HsN6,failure
1778883076,create record thing 398 5qXNpZ 70070 avLw 10911 2qi3s9Maw,failure
1778883076,create record thing 916 7k8H8WWgU 50067 pMLmBumN1 51834 BTAjD,failure
1778883076,create record thing 994 ll1lETO 2758 klyLee 32145 48gGTYL,failure
1778883076,create record thing 416 xgaZ5iV 35082 6LXaX 71089 Y0fiV3YtD,failure
1778883076,create record thing 596 dQMhZ 13476 sFZi4bAj 85899 o2x2Zg,failure
1778883076,create record thing 259 9n7re 43741 w5fc 19805 AulA3,failure
1778883076,create record thing 314 sYvg4P5YS 10009 a5jOtySWDe 75739 7rf9lxt,failure
1778883076,create record thing 410 D8LNi65 50224 IHEHofS 69067 WYnfwm0w,failure
1778883076,create record thing 163 75dv01Y 38626 i084pZd 18061 7Rxb,failure
1778883076,create record thing 305 xRPeZ1b 47873 eeJYj 23910 UURszuW,failure
1778883076,create record thing 287 agdNLkjyA 59545 SpJso5qf 49487 UydyY,failure
1778883076,create record thing 645 LeQDOzxd 48690 AqgwWuokg 27775 a4lm5ofJ,failure
1778883076,create record thing 636 IWct 40449 8U7F 41218 ywiPu3FFWb,failure
1778883076,create record thing 354 xK0rjC2fS2 89320 iS9F9LGVB 17196 sM6cSQ,failure
1778883076,create record thing 69 mLejM 65211 Xi1H 11425 ft5krwf,failure
1778883076,create record thing 679 SC98V 57939 568EwrzMQ 57780 FMtfzB,failure
1778883076,create record thing 834 c8dXRIjgx 74728 0n2PvDH 60929 fT45,failure
1778883076,create record thing 936 AydvLnThCH 61599 NtbLx 47381 ADd17QqNfe,failure
1778883076,create record thing 680 f2BAn3l 7044 3A7s 26031 6DHW7B,failure
1778883076,create record thing 720 JZI3mSJiP 96253 ZTa35EtXP 34446 S961NNJc,failure
1778883076,create record thing 238 8AHkxv78J 1883 Yb3F1R 85054 zvZA8u5,failure
1778883076,create record thing 266 AkKHx0Q 57343 rM519XgOM 53907 EU5g,failure
1778883076,create record thing 91 FXP0nWI 15007 16vXC 84523 Wy6WFqOt3,failure
1778883076,create record thing 836 Pa4cbX0 68021 TtkJAIyMyd 75740 hN8k4GB,failure
1778883076,create record thing 863 ShhJ 51381 V4ZjtfbaVj 81015 H8JbT8NWl,failure
1778883076,create record thing 55 3sHpWWVOr 18844 b91g5hiql 10142 04mgXzE,failure
1778883076,create record thing 658 eQxt4Ylal 74356 Lb89EMHjT 15937 LHGVn,failure
1778883076,create record thing 944 hnunT6 35073 D7vIsU 64985 FylkQ3r,failure
1778883076,create record thing 407 gXKkmSA 58478 Kqtgxmv 82929 dkcFKsZN7v,failure
1778883076,create record thing 381 hYAl 32154 nxit 1262 QSnJto,failure
1778883076,create record thing 125 xLGg 36444 L21e3AUtt 25837 XE9A,failure
1778883076,create record thing 492 CLKo 2787 bWJaCi 52797 34cN,failure
1778883076,create record thing 803 DZzs 41574 veWEcs9EN4 49008 gnZi91So,failure
1778883076,create record thing 901 l3w3 647 1qWg6euLY 35377 kiCh1U37z,failure
1778883076,create record thing 431 PGoDErV 63269 fVSvZ 31768 O1ReEnPDx,failure
1778883076,create record thing 946 gmKG1Vt 59509 jF4nw81FW 24635 rkt1,failure
1778883076,create record thing 704 gCggbCqDG 46131 hIvnyA 43743 Bwdx,failure
1778883076,create record thing 295 mlkrLGg 6536 pgh3JoGr2 91686 zynZQEkmN,failure
1778883076,create record thing 879 KTfFRDs4o 41302 el3iaDulq 10089 Q0K8K,failure
1778883076,create record thing 213 2DcbQso 65948 UWgXu 64312 vHPpCZsuG,failure
1778883076,create record thing 919 13KgQTb81 86424 wbJRA 27041 f5xgqMH49,failure
1778883076,create record thing 38 k4vuK6rl 75958 RZhXJXvg 1092 5jQGrIk,failure
1778883076,create record thing 861 rXacrKd 40084 AOap 45903 WF7I7S,failure
1778883076,create record thing 899 9mKfn 62020 pQxy43 39586 tIQtJQmi,failure
1778883076,create record thing 126 mss5ClWZ 12588 GRFQw 46424 C7C4bVf,failure
1778883076,create record thing 24 MspFh 71207 2d0hPCVG 7123 dZOu,failure
1778883076,create record thing 840 YJQ1 15917 KFSRGI7i3 83842 jMS6XMmej2,failure
1778883076,create record thing 977 gmDZBdhz 24123 o0qLBOhjbi 97596 oFRmDrgKw,failure
1778883076,create record thing 102 yRgzAb 59910 IasN 86139 B4vi2Caj,failure
1778883076,create record thing 116 1FvRydOv 94268 vSWrVsy4 84559 xDOJ5WG,failure
1778883076,create record thing 436 RKKKZ 8856 bToP 65461 DV8YTo3k3,failure
1778883076,create record thing 951 85dpcUBxNb 22815 gBiNIm 64369 QnUAGWf,failure
1778883076,create record thing 121 NPmY 686 WJ1vQ7 95457 GlmZFw30X,failure
1778883076,create record thing 385 AxeeWsh 30221 Lun6 32949 Re28eJ0,failure
1778883076,create record thing 48 FydRgD4q 3929 uquV 18256 HT5P2,failure
1778883076,create record thing 172 EXILZ 4634 86LLeI 16969 SgEnvD,failure
1778883076,create record thing 318 08bdVYH1QT 72416 dVRAAiB 80694 vv4ofa,failure
1778883076,create record thing 325 U3XJ9aS 7455 dBrt 78959 39iyOOe6m,failure
1778883076,create record thing 881 Tw4nS6WsO 69054 tHgvz6 63728 e40GsI,failure
1778883076,create record thing 264 xYi8 91533 OChEcrx 11074 rLE1,failure
1778883076,create record thing 146 BnxOHOb 45587 4UuZ 34410 UnbSM1W5UY,failure
1778883076,create record thing 44 ySQ16CJJ 68014 kxU5ia 89469 fpHuyM,failure
1778883076,create record thing 505 qpOVat 86609 Z0Bbac 47018 NIzJe3I,failure
1778883076,create record thing 87 BpWq 64871 ok2Oo 85799 lFBt,failure
1778883076,create record thing 377 SdSqpQ1v 94151 LveB 66982 ouxZ,failure
1778883076,create record thing 531 eArbLw8 85456 D8Mjc5 77493 gntS,failure
1778883076,create record thing 985 FKvnZcTx9 10281 79J9 82617 THh2XLOG,failure
1778883076,create record thing 852 qZsppV 47443 CUhoT 53729 eIewEo,failure
1778883076,create record thing 346 zJZhHWzKiq 37602 tfA8JN 25965 2ahqI,failure
1778883076,create record thing 404 UhcAQ9i 69377 4vyISh3 44124 LgSe564N,failure
1778883076,create record thing 227 ZrDilV46f 1020 KPCtkSrV 30443 EcGGF5,failure
1778883076,create record thing 988 utliYT 95811 Ar2tv 21704 rEnk,failure
1778883076,create record thing 165 9U5Pim 66676 kLc3HmEYwr 74863 TGZsgR0,failure
1778883076,create record thing 336 3EfirP8 10363 XTuFrNFWR 41262 A5Xt,failure
1778883076,create record thing 601 IZM6MpK2nm 61618 ElEiN 11627 1UaeImlz,failure
1778883076,create record thing 917 MNovG7 39334 osEXywDfg2 98954 r8uPhCthRR,failure
1778883076,create record thing 473 201LQbqn0z 73696 uPzYAqdEnN 5980 Bn2HWg,failure
1778883076,create record thing 448 LiH6bxWu 46229 VddnH9ZySr 21155 unT6cb,failure
1778883076,create record thing 108 gyEjsoVp 35711 hWOiTqfeS 99927 zaZLjTXmL,failure
1778883076,create record thing 857 WAUsCg 85989 Dsf7ID4H 32062 bEyxHgn,failure
1778883076,create record thing 156 yowI 84255 uY8fk1 64200 piMDSJoV,failure
1778883076,create record thing 459 zTZcQL 730 QUXHtO 42183 RF19fgR,failure
1778883076,create record thing 281 haGhm1h 55598 kXEUHys 57079 S2qt3I,failure
1778883076,create record thing 208 iGmMS 68076 pC65S0iG 62111 tlD9,failure
1778883076,create record thing 155 tlRH 43389 dDjv 73289 valr4,failure
1778883076,create record thing 588 KsMzpHO 10154 jTrqgXKV 43274 VKrY2PDk,failure
1778883076,create record thing 758 on5MiDae8i 57630 PuFhIxx 62190 tGG207,failure
1778883076,create record thing 986 ZS0IEWQIA 45636 bwCPT 28020 I96xlUaB,failure
1778883076,create record thing 384 mKu44Faq 84832 Ny9Rqd 74996 bSDLCkUOHg,failure
1778883076,create record thing 802 b3jT1i 54994 0dNdgH8mMb 88079 33k9SwaPzP,failure
1778883076,create record thing 649 eZFT 11005 BrmFk 97888 ZaqvvJRJCh,failure
1778883076,create record thing 807 lftM 2635 kaNC26tQ61 97964 TtxrrJzZqm,failure
1778883076,create record thing 537 qBfwwV 68556 ZQk6KjJ 92037 vYXmRFZ,failure
1778883076,create record thing 504 qFnnq5GNDC 42335 IO3tgw 1035 AuOg4,failure
1778883076,create record thing 738 kHUBMK 91029 TDpSLDy 5259 V3FAV,failure
1778883076,create record thing 560 ybF5276m 74447 iPWdfXivyC 86325 mktl1,failure
1778883076,create record thing 545 fpQ0xDv 61708 QR4PZRVf 16843 ViV3YT,failure
1778883076,create record thing 357 LHvP8b2 23351 owFaLyeoEc 39575 fxljtPD,failure
1778883076,create record thing 207 7AkQZC 10831 Qg1Xat 75324 xCE7yVsq,failure
1778883076,create record thing 889 hY4FWS08g 23440 GxPju5K 25901 YTCdrhEw,failure
1778883076,create record thing 612 QpusYHlw 2296 uNKwcTp 11016 fTNAr8Qp,failure
1778883076,create record thing 712 45YJcucLSY 13254 FSuNsyl 97880 SUe47X,failure
1778883076,create record thing 532 qsF0pXxD 99708 rQlFcyl 37344 amWOrC,failure
1778883076,create record thing 260 8tnbudrSZK 83200 uy5avvBC 97330 nRPpc07,failure
1778883076,create record thing 154 E9fUGsUBC 20434 KMJzVUrU 30765 5iL0gn9,failure
1778883076,create record thing 853 r1V98Ivn 78544 twg27V 41651 Hy1ECZB5,failure
1778883076,create record thing 64 yaZVO 89568 xO8z 83416 MiM9,failure
1778883076,create record thing 435 JzbLkMQ7 2977 LWyFl4CSo 61888 5us3mCpL9,failure
1778883076,create record thing 340 kCNXZ24pSe 98121 QzGD 50504 W72H,failure
1778883076,create record thing 514 WOHbDTsyY 5230 y5NBWg 34406 ZUgkzv4Xng,failure
1778883076,create record thing 749 RCRUUvQuB 33806 rciGb2IS 40194 jNDBsURjs,failure
1778883076,create record thing 488 po0Kjaw 66662 1GD38NKFG 49542 5O1DExPenm,failure
1778883076,create record thing 525 rWWOw 60204 4400WGom 87063 ygue,failure
1778883076,create record thing 894 70HeXBGp 96919 QOpQC 5273 qrUT44is,failure
1778883076,create record thing 953 oKKCH 6695 WeDBDg 77250 LsaA4,failure
1778883076,create record thing 187 2WmXMCaUL 64566 kFF6s1prI 40475 B86Et8Dke,failure
1778883076,create record thing 674 Pf1vQYm 14249 otsVDQ5nPu 25153 ykjPuGDKzT,failure
1778883076,create record thing 344 5D1si 43741 vUBAyzVz8 46348 X8VbRmSsx,failure
1778883076,create record thing 378 AxITXM 57685 qejS6K76Wy 92600 p9KddvH,failure
1778883076,create record thing 904 5giUuWz 19893 jsmfpJVqGs 2864 VeWSt,failure
1778883076,create record thing 369 wVUntowm8q 79117 5iNAXXZd9 48952 J972,failure
1778883076,create record thing 569 WEJNTJ 73176 gjF0JDOleQ 36289 B2TOeOv,failure
1778883076,create record thing 276 WT63ysMy 1119 tj1KV 69778 OmY53SJ,failure
1778883076,create record thing 691 VmlbL 5171 hve15Omk9o 28473 wi3BZxBUTx,failure
1778883076,create record thing 267 BmVKh8F 75799 Gkm6Tw9zn 11900 FDF6bxA7gw,failure
1778883076,create record thing 783 ZA0s9f 84355 yD6rOuipJh 20415 RVdX1,failure
1778883076,create record thing 938 sMZzkGjYP 47850 Wbmz 48913 qtWu3c24cx,failure
1778883076,create record thing 534 SkgvnAe8 60874 1HiLNtD 33667 uH7Pf,failure
1778883076,create record thing 23 U0mni6n 10772 fz2golOu8 87602 GJ2ViAOJ,failure
1778883076,create record thing 543 c4xcmlicXk 42274 JDvM 75654 CnMHhrV,failure
1778883076,create record thing 98 u3pYEI 86933 PvGd 47896 N7hoCgI,failure
1778883076,create record thing 296 hvCI67 66155 y69m0 29079 bTvLj1GXwo,failure
1778883076,create record thing 461 kjQN1o5S 70886 Amd8yyGA 62461 tSseRPm,failure
1778883076,create record thing 198 M7dziYVY6 31780 WOylZe7 36204 3hT6j,failure
1778883076,create record thing 708 iruNGGV 78439 oBYHLj2 98861 vq9x3gCK2,failure
1778883076,create record thing 262 1EsGfT71o 87151 Z7AN1rS 36158 NuPpwa,failure
1778883076,create record thing 311 XpEKPgWRI 74136 L1PcgZN 12920 f7oJRLYS,failure
1778883076,create record thing 980 vW0J 68519 6YMW 87696 nlNu,failure
1778883076,create record thing 161 5XT0pY 45095 8pBcC9 34494 XmVHtyvY01,failure
1778883076,create record thing 403 vHX7ts 94626 NtEl 50160 qRvX3,failure
1778883076,create record thing 540 jkaltFNsIl 81064 efS4P0jvv 17436 g7Y3sJf,failure
1778883076,create record thing 177 BcHPq 64814 Z8poO 28307 apbLZ,failure
1778883076,create record thing 727 I9llGyJ 50738 qXwXAw5oH 10097 i19pHh8WF,failure
1778883076,create record thing 794 HgZovR8 29355 qZCBKe9 2898 BO3DRdv7,failure
1778883076,create record thing 819 J6TSER 17479 nCHPuJ2 53364 V8K18,failure
1778883076,create record thing 779 Swh8 80458 GTTp 78843 VllOEhf6J6,failure
1778883076,create record thing 757 XxD0ltk 56408 Elyo9N 44527 UGbL8dx,failure
1778883076,create record thing 298 a9aus 74459 xekNEH8g 89545 LJ3R2,failure
1778883076,create record thing 92 FYBM5 15765 55gQKkgljM 44223 5HyBhIu,failure
1778883076,create record thing 930 i7EXcd 62970 0OUK0fO4IR 68376 UNriVsM,failure
1778883076,create record thing 450 AfbgILs 37643 QdZlf3UJkt 6285 b7xvHZQA,failure
1778883076,create record thing 646 GlwR4g63 93377 emmNa5 27004 hs4O4ukyo,failure
1778883076,create record thing 15 yjLMq5QS3t 85634 4zaZx0lWp 1367 QcVhQehjX,failure
1778883076,create record thing 481 lu6p 89247 5yHrJghZ2 11338 0mGcDgcy,failure
1778883076,create record thing 997 VXoM 57423 iLc5VlntJ 20016 1pkC3d,failure
1778883076,create record thing 869 jsdlmOB 57741 0Lrj 71712 dQzHMk,failure
1778883076,create record thing 432 wigoxI 50793 J1VcHbZDJx 89864 x4oEp8ND,failure
1778883076,create record thing 696 C2nrT 50915 2wbXiC 93151 09hMmz2C,failure
1778883076,create record thing 503 BywuySm 28437 lm2OM3HVz 84410 nigOsZ,failure
1778883076,create record thing 261 1zmu3O6A6b 27060 Jk8QVNJ 25927 zD1i5,failure
1778883076,create record thing 329 LVGMcg 8566 b51u 11789 5wU7te,failure
1778883076,create record thing 180 4KZDRrgI 19925 zHMjI 61547 8Q48PjBUi,failure
1778883076,create record thing 565 DDVK9wB 74961 BbEPv 44535 2eis,failure
1778883076,create record thing 396 4g57mNs 10888 LXa3zk 33123 F84bt,failure
1778883076,create record thing 496 dotBA 5302 UVCeIi 81811 Tbx4,failure
1778883076,create record thing 36 yRqxwF9 55641 Rivqlrf 58965 fPtFhYXge,failure
1778883076,create record thing 443 eJofeS 96534 v4eK78NuPL 7361 i45lSfAQn,failure
1778883076,create record thing 928 etGDm9Llr 88625 1dlakmiH 24817 hVl0UoyZs,failure
1778883076,create record thing 660 FrAZTGO 89591 rjdE3d 99044 AP3B8PtV4R,failure
1778883076,create record thing 637 Qeq0BUDE 64105 HUokQz 60508 508C3C,failure
1778883076,create record thing 99 Tx62W 49998 NyaXPkKlfy 19647 ubys7I,failure
1778883076,create record thing 338 lLEA0 63876 d7euDro6X 54571 atjNQAh,failure
1778883076,create record thing 13 GvxQh 74098 dBzmuo2 40964 48WIJumht,failure
1778883076,create record thing 685 J4RLYpI3t 12528 UMfEL37 34866 BWXr,failure
1778883076,create record thing 117 wWDna 46683 MIW7Et2mYl 78326 hTTmXrXA,failure
1778883076,create record thing 447 0smsbNAwW9 58547 xjBt6CmLr 76871 ubduD,failure
1778883076,create record thing 408 tSIMO 51843 uZcrJ 74518 2dSi,failure
1778883076,create record thing 816 5igk 93566 fwwfv 9119 ydzWRHf,failure
1778883076,create record thing 313 Bh4qo 84509 Id0ncnoj1 65612 uUPbVE,failure
1778883076,create record thing 359 SzemcoEve 48249 3knH4UrI 66962 jmLuuqh,failure
1778883076,create record thing 472 CB7PVm 14770 yg5m 99583 TsQnKsCO,failure
1778883076,create record thing 205 J2pFt 28367 luESSCyU5D 78215 XP6ega,failure
1778883076,create record thing 228 M165 39773 xJjdnlA 48866 rOsc,failure
1778883076,create record thing 482 sq53 26825 5UQb 62456 afo1J,failure
1778883076,create record thing 40 qbIdQnyx 4870 ACka3O7 36808 rDXbq2oBa,failure
1778883076,create record thing 392 cI1IRXSUr 11588 wYHx3THt 83796 zJx8Vj,failure
1778883076,create record thing 111 UEHwAL2uw 61152 U1kcF1M 78484 HZjXiY,failure
1778883076,create record thing 833 ZyZ29 71302 GJpI 21587 oSuhTXIyO,failure
1778883076,create record thing 813 nvzUgNC 90956 laXFgie6oz 27426 N6lbsmZQ,failure
1778883076,create record thing 963 p6Aw 52822 Rsym 56167 KDMcEbtb,failure
1778883076,create record thing 422 DXUVAK26Q 3581 cE4DHfS 93796 5CUo9ctW0,failure
1778883076,create record thing 341 MfQKP 3700 BFCRy5Od 76763 RE3s,failure
1778883076,create record thing 184 cLAQ8 10069 DpyUO 23151 xsn1KESY6h,failure
1778883076,create record thing 998 iT6IB 48060 RbGRNgDrIA 8542 q6wy,failure
1778883076,create record thing 423 42hkJ 87115 B9xqe 86017 Khcms,failure
1778883076,create record thing 182 RadWgPKa2 17964 51XlDD 12982 yNHXj,failure
1778883076,create record thing 905 1jVD9 9514 kMzM6ZzU 5624 tylTxBZn4D,failure
1778883076,create record thing 862 Fz2NoGEeLz 73621 RWVc 36357 rO9vZL4,failure
1778883076,create record thing 650 6Fx2QR5LOJ 61515 fEvGNp 35155 2Ko5uo,failure
1778883076,create record thing 746 vsZGz 34591 AOV3iVsQ 47380 HtXKkS2Nm,failure
1778883076,create record thing 701 Nu3YxyS5Cv 33387 ehxIyeYp 64887 5IYFAq8,failure
1778883076,create record thing 106 8KDxhlwXd 9211 gHhfUA 5234 JauMrAoMJ,failure
1778883076,create record thing 920 5vobKV 22523 7xHbjJM8Yh 32269 zpL34raPA1,failure
1778883076,create record thing 652 xngfSBTxMx 70944 q2EWGtEMZL 48884 RLRxW,failure
1778883076,create record thing 367 nvqS3 49734 27QIOeSb 74928 wbBBAB,failure
1778883076,create record thing 620 ow9Dk0 84542 LY08wVf4 12108 Rde5Cs1r,failure
1778883076,create record thing 906 otGof 6834 OW76kH63 30965 YmSe,failure
1778883076,create record thing 316 qWHW 72540 wlHlWukqYF 7451 icji1ZJ,failure
1778883076,create record thing 43 CCSSkL 5540 8irG 64219 UIT3COGWJ,failure
1778883076,create record thing 131 UUGzFEXmLw 39117 Lzxx 41228 maBNj1X,failure
1778883076,create record thing 441 iXyi34pyS 48702 Czd63 13275 xv422e,failure
1778883076,create record thing 152 vFD51D 46200 l5k9jS 35338 bnGb,failure
1778883076,create record thing 589 uMvuwXK 57461 EVcWTJe85x 86588 BSqi4fxyc,failure
1778883076,create record thing 37 aizmX2 55956 J9n9kcTW 28717 4kPhPYv,failure
1778883076,create record thing 153 807qI3YuP 69036 PZKQX 32151 YAq6s,failure
1778883076,create record thing 677 9dKXpZI0n 32602 45RFzyJ 39201 pM6P,failure
1778883076,create record thing 961 t3BYjDb6ho 64469 Kz0rLkj 42879 xffXaHEf,failure
1778883076,create record thing 602 YO9ali8wQZ 46825 Jc3ucK9MY 25198 ky9gKMGZre,failure
1778883076,create record thing 438 0jWFEnry 44388 kDC7sOYz5 40543 uojjeKhgB,failure
1778883076,create record thing 453 Sruto 63123 z5PPTsR 62026 cjleb0plE,failure
1778883076,create record thing 786 7W1BYURO7 98502 1l1kpf2u 5508 oL74S,failure
1778883076,create record thing 269 cawvMug 65677 nuOTF 69582 39LLA6X,failure
1778883076,create record thing 134 7Kr9Crb 77243 7dZzC2J5Z 29215 q30YPJy,failure
1778883076,create record thing 342 Gc7B 52032 A7Xq 71636 b1TVWVP,failure
1778883076,create record thing 804 9nOrho9 73499 uHmQeO6bi 98226 qOPz4mkg5,failure
1778883076,create record thing 46 9QNejh 436 eVVql 59151 hVWChP,failure
1778883076,create record thing 284 WwfkYH 32804 b4XXfdjjY 70098 D5Nb0,failure
1778883076,create record thing 653 UgFYnlNVUe 97602 Z5WIC 42233 w3clJbPxv,failure
1778883076,create record thing 949 Z81f0KIhi 64794 9TvMcZtt 55789 cg6P9R,failure
1778883076,create record thing 53 xjvzeGetsb 37375 lfiGLg 14860 8Vth,failure
1778883076,create record thing 822 nXor0IH1 93429 51H4Ogz5 40880 fuTif6a,failure
1778883076,create record thing 780 cYzgj63 32450 ul4R 13614 YDThTYQoz,failure
1778883076,create record thing 978 GqXWlHdnP 25227 GvzK4rp1hA 84978 E8zlphlN,failure
1778883076,create record thing 600 7pSo 32767 cey7rgang 91255 zvBj,failure
1778883076,create record thing 209 W1uzOQBmN 27103 v11PE6B 33044 AjWZ,failure
1778883076,create record thing 352 Crz2irAaW 69414 KvNB 90234 rDyjn4boEn,failure
1778883076,create record thing 216 F5gSGQqO 40660 zd7g3pp75 80425 XGlEGjbV,failure
1778883076,create record thing 289 IJalgsVpXK 82424 P7JwxM3 42561 1wVH,failure
1778883076,create record thing 279 o7beJiz 5751 CHTg9 71901 SnnwcaK,failure
1778883076,create record thing 954 9N33 12252 5LfpLU 99734 cQHOR,failure
1778883076,create record thing 821 5E9X 43351 fK5r 55981 vwCRbgMbr,failure
1778883076,create record thing 110 YoclZ 25905 sdBMb 95124 mM2sQjd3D,failure
1778883076,create record thing 119 kck0 55096 fjez 56966 RkSS2,failure
1778883076,create record thing 942 653492j9 69841 J7ALXrqnT 2625 zxH52,failure
1778883076,create record thing 138 XhdT 69932 hD4KTiGHoh 6652 1HeHfGfq,failure
1778883076,create record thing 107 ilA0mXnN 67889 MeSHT 42184 kr0bVWW,failure
1778883076,create record thing 307 bYbtUYKfl 12879 WHxWULS 46312 xh4OUq,failure
1778883076,create record thing 973 HjPH 37641 GVjZrMc 49734 cAbLaqp,failure
1778883076,create record thing 9 NfSrjx 16114 zXF9w 6422 tkJTIc,failure
1778883076,create record thing 823 dmz1IMW 2227 MN65ldqchy 69281 34Tq,failure
1778883076,create record thing 310 q1l6E5FxV 69248 dqjeRMskJ 87752 TzjpASwSG,failure
1778883076,create record thing 557 g7pCc 51142 6Nj6xs 5546 zoPvQ,failure
1778883076,create record thing 744 l1TPDt 36672 sJYF4VTwIF 23390 8u8CZdQcQd,failure
1778883076,create record thing 635 smn8ZmGK2h 95479 YXfSC 61138 2hc8ofQEi,failure
1778883076,create record thing 292 un20S74LF 99404 9f71WS 68743 alY9,failure
1778883076,create record thing 379 KuzI 78275 5pxDRqr8 15689 442QyLv2e,failure
1778883076,create record thing 890 ehGVrHoy 62566 ZKUzkS 28257 Ljoruepc,failure
1778883076,create record thing 630 1sGzUZNWu 64536 A7UGfUA 2355 62d2,failure
1778883076,create record thing 358 y2f2bj 59720 tUgk 28652 3wYFlJ,failure
1778883076,create record thing 713 MEVNinG 34574 Ucp3aG 58645 msDPI3icox,failure
1778883076,create record thing 621 hgwQbYF9K 8498 rJ5SCpYyLJ 82046 VJxWsIL,failure
1778883076,create record thing 519 UPV0fGjW 75927 NJjJsV3 74643 X173g0Yn,failure
1778883076,create record thing 663 i8zI6zR9Dy 15429 V8bBUt6 94948 GnPLw,failure
1778883076,create record thing 551 3GOIb 37316 avzP83JAbX 19299 KwPAqWx,failure
1778883076,create record thing 76 vN5nIYg 89872 VYtu5 15753 0WyjKV,failure
1778883076,create record thing 103 FMcb7Dna0A 51206 ddZVFeP 80201 ZZb6xd,failure
1778883076,create record thing 577 rsL1tCV1G 76344 NMdwNq3 57756 Lyd62TV,failure
1778883076,create record thing 858 PKvIf2S 62146 58J5eWb 68679 Hemmo67tS,failure
1778883076,create record thing 10 m4yC5 60850 m94Q 10301 kxnAZ8tC,failure
1778883076,create record thing 75 JvhnePsq 6446 71uiyF8fr 6933 CQZyH,failure
1778883076,create record thing 952 4TEF4 9853 ZN23 77200 ZglG8kHT,failure
1778883076,create record thing 469 WQBU1oY 31854 0kQt 3821 oU7bWK,failure
1778883076,create record thing 308 Ny5hDd1E3 67931 Y1aVxiOknv 88327 fy2wW,failure
1778883076,create record thing 135 96QzjeO6 9535 iJ8U7IHQ 30830 MHW17h4,failure
1778883076,create record thing 860 ucLTPH8LQF 38255 i2uTFNOrC 71524 CY4RBwl3,failure
1778883076,create record thing 885 BDH8l5C 49866 eMSPCLEH1J 57208 E0ZiFm9c,failure
1778883076,create record thing 245 GQaNQXwR2 86975 w9xMQJbhrH 97841 0qlGCy,failure
1778883076,create record thing 642 vYsNN 17445 HJqy11m75 13513 zqQ4lV,failure
1778883076,create record thing 210 9D4vkJzK1 29133 GWwn9F 73391 yw7Eqx0uL,failure
1778883076,create record thing 268 EQZnmMhPFJ 14836 LkmZuoX 11273 wyfsgZmnkM,failure
1778883076,create record thing 871 YD0Go 55869 0c7q0RN 14300 6XcvCM,failure
1778883076,create record thing 536 RGIL 17253 Dqi0G1vkiu 56118 duVFXBB,failure
1778883076,create record thing 579 1iRF83 36649 NTAw1W0r 65802 sMhfQ,failure
1778883076,create record thing 846 b5acjt 83776 K2eoN 15169 utmuDGNATQ,failure
1778883076,create record thing 969 s0GxK9 64307 E09nB 83535 B6NjawFTkw,failure
1778883076,create record thing 84 6enYR 13875 iZhL2NMMd 96769 2GzE,failure
1778883076,create record thing 41 SCbkD 67984 fCW3DtUwM 63417 x16uM,failure
1778883076,create record thing 609 Y1TxOogd 23809 BhDdQmWT5 85904 775ukJJM,failure
1778883076,create record thing 593 zkgAu0esI 18857 3uw7W 70800 t6qhS,failure
1778883076,create record thing 854 T2nYr6J 34214 pYWLSlBZ1B 24483 kedp3DGE,failure
1778883076,create record thing 584 nRYi 73179 pjYUgXyX 7115 lccVEYQC,failure
1778883076,create record thing 123 FJvnTRxF 24203 NydZU 5300 b8oyf,failure
1778883076,create record thing 414 1JgeZknT 12264 WNk5 76923 vbsDOTlLm,failure
1778883076,create record thing 241 J9fQ 65518 LhyN 95912 hj157,failure
1778883076,create record thing 724 COdLUfg 52782 ilhS 58522 SP5V5,failure
1778883076,create record thing 610 5Unsl 49844 malOPs 68287 jWkf,failure
1778883076,create record thing 767 WQMi 44191 aP8jrh0KRw 45871 xXYTa5SJv,failure
1778883076,create record thing 191 REbg8hrAwu 48062 t5nb63W 3361 95Awk,failure
1778883076,create record thing 83 IrkMB 94574 A1bo 16578 rO3vq1ZQNn,failure
1778883076,create record thing 521 1cdbw47IV 59175 AWMwKW 45617 r06p0i,failure
1778883076,create record thing 877 pAgIVXFcb4 54076 oBr6EAca 12770 TwgK1gvdfF,failure
1778883076,create record thing 806 CpCoec1 47332 7EmyhmbA 45735 1PBRKEmI,failure
1778883076,create record thing 784 mP2myZ 57603 Z3Bjvd 31529 i0bdqzg7Mb,failure
1778883076,create record thing 515 XdKP 16295 cUqoVI 93703 U1Nqap9e,failure
1778883076,create record thing 489 kpLcKOLE4W 69361 NOmKQYx 72947 szxgnrdDq,failure
1778883076,create record thing 848 ZVBnQ 67552 KrJhLYeYq 56464 9ObCFYHkfd,failure
1778883076,create record thing 673 OONOq 71532 fwRMFF9K33 10944 7THM75F,failure
1778883076,create record thing 59 YeHyqHjh62 68412 To88x5Hd 3367 HztPZl,failure
1778883076,create record thing 322 xfKfO 11014 FEYqk 87872 IFCUJ95,failure
1778883076,create record thing 692 PdcvSqX 76149 gAEIpEP 90561 Iuxg5K1O,failure
1778883076,create record thing 556 yscLANZxH 94418 6AqFjB 20047 uxj5JpNr,failure
1778883076,create record thing 594 hFJWnHHF 80488 2iqD 98683 BJAMdsnZ,failure
1778883076,create record thing 838 39pO9NkY 26813 zoDzalp4t 66983 yWR4,failure
1778883076,create record thing 223 4rsihg 41665 blrbJydUE 97979 VhqH,failure
1778883076,create record thing 304 HcH4ayZjqB 54224 0goulyxq 55336 PM4RKRIt,failure
1778883076,create record thing 717 xt3fvqtO 14502 MSQd 90105 DwRxRveeQd,failure
1778883076,create record thing 159 KUIyAp8OgJ 42946 LxabOJ 17810 GJlsxx,failure
1778883076,create record thing 499 q31MAzuBkY 40729 AwUv3J 40438 tnWXbi1wX2,failure
1778883076,create record thing 570 iNVurgNLv5 1200 5A1hjlVC7 62700 Otiteber8,failure
1778883076,create record thing 898 x8F7 69914 GydV8aDGyS 73246 meJ2w,failure
1778883076,create record thing 293 35qiSX0NAj 14536 dGoVD 29881 vKxUcI8,failure
1778883076,create record thing 466 k86khPRou 33189 X8qb6p 85566 rCT10e,failure
1778883076,create record thing 989 6jSBV 80580 T8QMYfBVVp 38465 NUEb1Ixke,failure
1778883076,create record thing 400 vaHXeW7 5466 uNcLXo 94265 FiMo02a1,failure
1778883076,create record thing 3 RNge2BFFeA 22577 p47qAZ 27559 HweLnRIaQU,failure
1778883076,create record thing 887 TtNhH7FpHx 81539 J9GW2VLs 41222 JiDrBix,failure
1778883076,create record thing 169 Y19H 49982 pq4ZOKkoJ 13527 89OEy,failure
1778883076,create record thing 726 j2nk15SInj 5869 hlkadGCxcb 82756 PIXDxafs,failure
1778883076,create record thing 870 xfdS3r 41854 p6KUWrWVI 18121 tz8tP,failure
1778883076,create record thing 219 cmVb 98513 4aYruUx 9769 bQB8PA,failure
1778883076,create record thing 493 e4yx 11343 f09nrYHgM 77526 VDGaVV,failure
1778883076,create record thing 716 AmIxSJz 50910 CaoAI3JD 89407 NWebXAw0J,failure
1778883076,create record thing 752 bKh6i2V 46990 0NJZla8 72521 a63wieCut7,failure
1778883076,create record thing 171 EsfUExl 9781 HXNi 12045 SyiqkLDF,failure
1778883076,create record thing 243 BY24 34646 TqiZvsEZt 66295 aJh1E,failure
1778883076,create record thing 981 SbTd 52336 53z6C 27691 i0DlkIuSWa,failure
1778883076,create record thing 16 EO4G 21091 qCf9e6H5V 818 eW6NUdh,failure
1778883076,create record thing 554 8L02gY 11294 lf2UoY 57748 YicC,failure
1778883076,create record thing 668 Ata7pR9fFW 73632 usYiJDKJ1 54018 ip7VzT,failure
1778883076,create record thing 52 XFiDXYf3 95073 epcvILnlDs 95469 BG2p2j,failure
1778883076,create record thing 990 d18AUBKn 94076 35FH7t 29864 5XN0zic,failure
1778883076,create record thing 564 dY5RyB 43982 e7jJTa 4458 63ucMtb9,failure
1778883076,create record thing 454 3gfg 66520 f9bus6Q 7075 RkbSwoY5R,failure
1778883076,create record thing 78 Q93P 23886 3W3w7a1 99555 Rdtu154vXQ,failure
1778883076,create record thing 256 qNMbr7EV 92298 0CI5R 77317 wboUeay7M,failure
1778883076,create record thing 913 VaQJav 4119 AFRVd 71140 M479uM,failure
1778883076,create record thing 718 7wVpx 74328 jwed7J 75708 NyA4,failure
1778883076,create record thing 188 HexBqW39FR 16424 3nm0tR91b 51462 CV0uajv,failure
1778883076,create record thing 830 enxp 51270 rCpKM 86703 RjWt1eTb,failure
1778883076,create record thing 144 N30c 32018 N7Iz 33197 a2hxB,failure
1778883076,create record thing 967 i5rQ75CU9I 71176 uJlkTVt 51805 o0zX,failure
1778883076,create record thing 815 X2iwG 10189 CCbKaB 11905 vkSIlA7gXS,failure
1778883076,create record thing 706 e4GhJ 64072 awfggBHuI 95725 2JC8kQxG,failure
1778883076,create record thing 924 d9voHYLnH 49209 6FK3Xr7t 7001 fFkUkdIMH,failure
1778883076,create record thing 255 58i6dfr9O 95832 51Ue8 47173 LmahMacm,failure
1778883076,create record thing 112 rSj0 17115 Bw5Rgxm3V 65973 z2zy,failure
1778883076,create record thing 348 QZvX 30252 BCyKLnVQO9 11751 QY8es1c,failure
1778883076,create record thing 413 K7n6b 32498 7HrMyjf16A 1833 dz28z8y7,failure
1778883076,create record thing 63 xR5f 67127 ywsrVpOBA8 89765 LlnzaO,failure
1778883076,create record thing 101 kl0xAZf 19248 nziZvO 91150 qjQ0N7,failure
1778883076,create record thing 662 T6KQgMzN 94942 4SOJxn 73361 X3S7rC,failure
1778883076,create record thing 670 3Pwop 26516 cQeRwPEb8q 61198 T4IquCK3Xq,failure
1778883076,create record thing 690 64um7BI9qx 95437 WxYA4hkr 2900 Rau0M6FY,failure
1778883076,create record thing 56 VKu6J 52045 0l0oC8 17918 wS9qx,failure
1778883076,create record thing 479 r97OKp36Ys 41515 nYCzOC 13664 4bOTEGwk5,failure
1778883076,create record thing 421 wIf5 36811 jw8r3A 66255 CqQ3Egm715,failure
1778883076,create record thing 756 bGX2YnBCJ 52468 ulDg4OcVR 19988 BHb6uG9c5D,failure
1778883076,create record thing 363 lhttP6hbs 75191 XVnyXREkc 15941 xvRGy,failure
1778883076,create record thing 442 bNJNEphxM 86412 nokNVBRlG 79681 awDQ3,failure
1778883076,create record thing 675 nviAfvcy4I 60177 FyE7 66278 j0xgEjgN78,failure
1778883076,create record thing 947 3II7R 64617 XN5VHqymB 34426 i8788,failure
1778883076,create record thing 97 75FNU 38277 9v91JS 87163 NlTvdl39u,failure
1778883076,create record thing 195 O3p3XD 32065 1hdy 64458 goEt16,failure
1778883076,create record thing 417 hIj3eWkOFr 52336 JSOxt 36287 DwpekMef8q,failure
1778883076,create record thing 710 J4vA 2216 5fSKntHw 24230 Daip,failure
1778883076,create record thing 249 8Pe1EiP 19617 empS4M 60654 JCc7DeA3,failure
1778883076,create record thing 485 eLViO 88467 b7R7HDHv06 82701 J4QmLNxtb,failure
1778883076,create record thing 591 PWNlhche 3082 vYqrNXradi 73565 ytPAyJK,failure
1778883076,create record thing 585 2fYxvQ 4426 1czvRD 4932 T8JM7BgN,failure
1778883076,create record thing 136 wJxtdwCaw 14433 GCPAo 10271 trG00VLvrO,failure
1778883076,create record thing 754 suq35 97691 tpe3L 51841 5KUpR1rB,failure
1778883076,create record thing 220 JqzbV 86164 IjcuALD59 87688 HVG1qpga3J,failure
1778883076,create record thing 768 dk1VD 39499 GlNWwDK1hp 5624 rAs5jL,failure
1778883076,create record thing 686 db32gWm1 43688 ywRyuuQDa6 10339 L6qwsquy,failure
1778883076,create record thing 286 e5Ic 26830 3lz5Tc 32592 tsqmg,failure
1778883076,create record thing 244 oBJFQX 51936 YZcX9OS3Jr 98731 7jXfPE3d,failure
1778883076,create record thing 527 lcmtjH 48052 kYLr 51228 lUTUVm,failure
1778883076,create record thing 729 GjXab 43278 Jgmabmz 57799 Th3W,failure
1778883076,create record thing 339 5a1iDL 98422 t3drwd6koK 33857 EonS6ihse8,failure
1778883076,create record thing 873 YX4bCkkX 38361 2dYS 33940 2CWg4NQtq,failure
1778883076,create record thing 70 MZ6l 34564 xNo2 57764 WDjF5,failure
1778883076,create record thing 875 jLXKQ 50499 VrpFT6E 82208 BVeli,failure
1778883076,create record thing 61 8hCF 30894 vQz4MP33C 6485 ZscNnjg8MR,failure
1778883076,create record thing 647 LT3gg 23003 46UpI 23827 b1jhk,failure
1778883076,create record thing 725 tYKO0lmTQ 25624 8sB4b 65824 GFJuqbk1Mx,failure
1778883076,create record thing 73 QeVtWBpR 23810 AOj2Tzq 59290 DXjwjz2,failure
1778883076,create record thing 8 HiLbwS 20665 Kht15 53806 cKtPK,failure
1778883076,create record thing 968 BCSjz 81582 sVlAePMbP 44517 mSnH,failure
1778883076,create record thing 735 cqH0RjYf0f 22661 eUF4gxjAzE 52620 3gKGqH,failure
1778883076,create record thing 236 tsiZaXl 65860 BGptuTy 52655 6ytUKS,failure
1778883076,create record thing 568 slLSB 18983 elsdr 80181 GXgT64,failure
1778883076,create record thing 603 VRgDMjVK 77864 rQfjRgId 56621 zTURdvm,failure
1778883076,create record thing 22 Hly2a 82812 ulpG 30794 S5IkzYkW,failure
1778883076,create record thing 347 LdyRkCBpo0 27106 F3P2mYzUFN 82720 4UVkCpI7,failure
1778883076,create record thing 828 aejF 20558 3SjP0 95825 vlTTd,failure
1778883076,create record thing 231 u6TRz3E 12448 cUSZkN5G1 34917 VMCBz,failure
1778883076,create record thing 254 4RvKJHp 90803 vETbST 91946 xRYHVLv,failure
1778883076,create record thing 124 fumMK3kuLP 82349 aBsi1bqDV 54002 K9dBMEI,failure
1778883076,create record thing 463 WCQEIQ0r 36149 7lLF 39618 zp0G,failure
1778883076,create record thing 530 vyKYgxWHq 41423 XkNX 1299 7h3by7,failure
1778883076,create record thing 449 yrLd 71350 qZwgn 72912 JlPcDPHo,failure
1778883076,create record thing 832 Tq09Iz1a 58599 waacvyQg3W 46647 m46ygqJZ8,failure
1778883076,create record thing 972 09AJFDSbh 61879 zNchU 56063 3ho4s8,failure
1778883076,create record thing 688 L6yrv 55304 3y4k6xWh 42415 LBDtAl,failure
1778883076,create record thing 845 lLunNOBbED 50960 HQuLLu 12633 ZonaZ8rTnk,failure
1778883076,create record thing 320 1Kaphlf15W 31041 NNCjVHHpvt 88487 IkKsQv,failure
1778883076,create record thing 731 1ghFEMBd4 69349 NwLqCqownV 39002 2T0sZ0h,failure
1778883076,create record thing 206 sXJmr3mu 64006 HnhnfWQo 84450 48AcDHk4,failure
1778883076,create record thing 707 vkHm 37387 IlQthQzZnu 29678 YWdF1wQ,failure
1778883076,create record thing 939 s1ETB 49663 Ky59n 51911 KJ3NA,failure
1778883076,create record thing 785 dKKbcc 78063 vob4ZQvf 11139 KPsrOyTF,failure
1778883076,create record thing 867 sU3PSKBI 48619 WENJUhGgKl 9366 UCHOPNe,failure
1778883076,create record thing 434 sHN4C 10741 auJs75Y 34848 5AVj98glnb,failure
1778883076,create record thing 622 FU0hfp9E 70617 r4J3 2970 XO10J0ZBJ,failure
1778883076,create record thing 541 tIAAmZ 48977 MOUH 2708 S7aZthyUhJ,failure
1778883076,create record thing 856 Ka7H09tOth 94831 cdGZX1S 5598 u2sSme,failure
1778883076,create record thing 170 5XGmUi 57654 nvSy 32157 vXdau,failure
1778883076,create record thing 563 880Aw7 59029 pO1YoElv2 13272 ryQciFo,failure
1778883076,create record thing 487 lbjK9Oz 44972 sGxpe 92378 zcg9C6NmH,failure
1778883076,create record thing 676 NsZcxhlIaE 28048 qEmi 66730 gNPCGJKX5J,failure
1778883076,create record thing 132 XzyR1OL7 471 kFVrMCqt 45954 1oZu,failure
1778883076,create record thing 129 3iEC3b8X7 15704 gxZqSZm6KV 8520 EHBU7noz,failure
1778883076,create record thing 546 Dapoaa46vF 83481 zbHyvW85e0 30493 LSwC,failure
1778883076,create record thing 71 qrbR 64847 KRgnq9oIe 81446 St75ir7,failure
1778883076,create record thing 498 KTDU 33522 5zlx90XlaZ 90950 PkgHMcsGg,failure
1778883076,create record thing 750 nDjyRk5 19850 cKWo3ziJm7 76466 aCLb,failure
1778883076,create record thing 88 Ei7I 1615 XnCl 4536 BjgHxcF2O,failure
1778883076,create record thing 934 ihXp1Sr 53413 gEJH9eZCsz 18966 ns15iwfyil,failure
1778883076,create record thing 866 qf74PbqT 58468 02xbPAMtni 53605 OLsI,failure
1778883076,create record thing 247 i6ZwHgcgJ 14475 7H5fXH 53032 RTX2pIX4FA,failure
1778883076,create record thing 60 C94Fq 59793 bUBO88 14357 cs0iBczT,failure
1778883076,create record thing 246 GZ38y7MZW8 36516 qBB6FhJG 41754 Aj1k9m,failure
1778883076,create record thing 315 E6ja3amnd 2382 GpsSzoga 67653 JW9hhXb7,failure
1778883076,create record thing 372 fJTjoQmCZP 75650 CScaXuH0f 71776 Dppd5Y8,failure
1778883076,create record thing 809 rnA3SpB5 68601 tPIw 33965 FV7t8l,failure
1778883076,create record thing 20 XPemVr 53885 BxJL 37143 3qzBSfIq,failure
1778883076,create record thing 501 SYRHfF5OF 78179 ra7ycv3EQ4 61285 Ww8zj,failure
1778883076,create record thing 332 vCafM 73402 IuIQ6 82358 W8vbP,failure
1778883076,create record thing 614 hbCkdAb 11174 IGCbS 97732 m4J9M,failure
1778883076,create record thing 1 vhOq 69776 xEAUnY34U 40901 S8sliB9,failure
1778883076,create record thing 544 Nx7gfowSX8 95930 EjoIAE 53717 k6UUhC7y,failure
1778883076,create record thing 553 F0Ry 46017 W71re522z 71536 F0WsCej,failure
1778883076,create record thing 166 Nwc8 14267 FFDsjo1Ytt 54955 UH6juN0LU,failure
1778883076,create record thing 799 wJk8O 36229 rYVgSEmIGC 330 PonPWF1XSG,failure
1778883076,create record thing 383 KAbzqV 45523 ggcfYxmUfT 32392 bRdL6AZoiS,failure
1778883076,create record thing 835 2x9mdRgBZ 81644 4dfr6n4D 15306 gQUKC,failure
1778883076,create record thing 974 IcU2U2j9v 93754 89SqKr8C 68666 15Me7v,failure
1778883076,create record thing 895 GRb5IP 58148 UDWLdogz 55935 IFWD,failure
1778883076,create record thing 797 j3P2K9pEhm 44413 oBz13aXHPS 48016 v1FaOPsXi2,failure
1778883076,create record thing 1000 kZyc9 78966 VI0qPbXQw 57269 Qp04wU2i,failure
1778883076,create record thing 306 dhzsje 62959 nw87 85036 V3j0RRM1,failure
1778883076,create record thing 641 iHsebsgA 9777 a1cg4xSVS9 91525 zXo1Mu,failure
1778883076,create record thing 109 IfuY2r 65361 q9EYKA7 41950 puU4gHe,failure
1778883076,create record thing 520 4ugoxIF 44743 qx6cPL 21073 TbssV,failure
1778883076,create record thing 183 9VACiwBbmZ 60797 wXUD 84045 oPdgt8GW3s,failure
1778883076,create record thing 781 0FuC 23732 dIuVyG8 59096 IZ9BA,failure
1778883076,create record thing 513 aOxmD 8860 ZmuT7yziLn 69338 SZLzPbq,failure
1778883076,create record thing 931 9Koduwoa 3329 GZVDJU7u0 56238 WtQTzd,failure
1778883076,create record thing 737 F2EvpBe 92335 bZGjlnyZCm 7816 k6jgVZZOE,failure
1778883076,create record thing 740 hEAdsMHh 35154 IJox6Z7aKY 24534 3U99,failure
1778883076,create record thing 4 If8qQqZdH1 59058 2V5Xe5B 5156 Q6smlZ,failure
1778883076,create record thing 909 prJ01 57746 IWAoI 70769 7cy5q,failure
1778883076,create record thing 162 2ML9u 91603 nLhR9EHf 75050 YnOs,failure
1778883076,create record thing 446 IAhAAyuk1I 39809 8KqUKb 94737 FHsa,failure
1778883076,create record thing 932 Ewz2kHP5J 22512 clexZsYM 36633 H4Kkj7,failure
1778883076,create record thing 999 makwc 49052 Xv8h2ouuS 4376 1KYYr,failure
1778883076,create record thing 956 mmWlk0ykAa 70438 vUHN 16049 ZWUf2,failure
1778883076,create record thing 657 BuLt 80180 M6hpEmDt 48718 j4xK1N,failure
1778883076,create record thing 788 mBMXKlBR 13090 xShA6Dj 66675 4pg4R3ABV,failure
1778883076,create record thing 900 aKO2 35203 2qlRdQ 43498 afnVgN,failure
1778883076,create record thing 769 o0GB4C 18305 C8xT1j 12245 HRpXt5XK,failure
1778883076,create record thing 937 5aVDcExJ7 30733 kKIvwMdvSP 56792 dGNWwG,failure
1778883076,create record thing 699 ZH8tB 62629 zkTqD 86305 Ww51NtxW,failure
1778883076,create record thing 118 kjlvUHv 86990 zU9BIlV2O 11880 6XpqrJKWLO,failure
1778883076,create record thing 739 kRcza43 6896 wmeZOboe 96642 fnwmMisCfK,failure
1778883076,create record thing 831 0RAbGCO 41991 rgQz0DB 17013 rRSvauC,failure
1778883076,create record thing 12 qfZO1 88250 m1mz 1629 6MrfAimgv,failure
1778883076,create record thing 567 r4mlD3GDA4 4147 1mpsMcr 56173 euvFB9ZEMl,failure
1778883076,create record thing 258 RckIBq 35038 VkqA 43940 mZJBVawsHU,failure
1778883076,create record thing 542 0iIcQkF 96199 qO8avFu2D 35116 fToWL,failure
1778883076,create record thing 480 XKnHqAs0NT 38482 C7GrC 51928 xHBO12pzC,failure
1778883076,create record thing 964 2Uz53WwsR 68087 YUJ6jD 91197 JgWtc,failure
1778883076,create record thing 391 OZxroz2 4360 3opqAF 27692 yNPb,failure
1778883076,create record thing 395 DX4HiTA 62308 NWMVCOAn 99605 PYcDmz,failure
1778883076,create record thing 66 QkFM0U 52403 Tt9u 2871 PsiZRdOIVV,failure
1778883076,create record thing 611 1QBzm0Vy 21346 5P2D6JkZ 80702 PJHj,failure
1778883076,create record thing 957 Izu2 26748 XCC4aAZLkK 20674 mRH7,failure
1778883076,create record thing 697 8fV7s 83851 QhwJ8B9L 8324 vHlw9G7q,failure
1778883076,create record thing 812 4UrWYRWR 97043 CHzF 731 N7qnh2G,failure
1778883076,create record thing 959 U3dx02KSi0 66978 umBc 62384 68zs,failure
1778883076,create record thing 643 2mFHG37 8597 jjk6IOV 39209 GUb0CGO76l,failure
1778883076,create record thing 157 CreHAKgL3 14441 XziIG 2194 MCNX9,failure
1778883076,create record thing 113 m3qquKN 24101 p9Q23faUY 86212 sOxzb,failure
1778883076,create record thing 49 6jnw 1173 IqBZ5 7706 LOBiU,failure
1778883076,create record thing 774 xiVQc 46512 RAFeH 57621 w6Q82Zq2Fj,failure
1778883076,create record thing 94 2J9pw6 52437 jmhAxYL 81910 zKiKJE43,failure
1778883076,create record thing 506 idpLx 21729 Ihxy76J 53501 lvLK3,failure
1778883076,create record thing 522 Oj4L6HnU 96312 1yFSBl4 56862 spGd,failure
1778883076,create record thing 142 Y3YfmGlVf9 52750 b3rd 86274 Cy0S67sOo,failure
1778883076,create record thing 882 1TIn 15493 mYEj 83305 HiKHNZxjW6,failure
1778883076,create record thing 926 saMRj 67972 oZb59 56112 6g6IMh66,failure
1778883076,create record thing 409 W58c9wH2fO 32244 5BzgGJ8jV 96015 7s0tXtpSt,failure
1778883076,create record thing 598 ODM0 12705 dEmk 65054 dzUVlc,failure
1778883076,create record thing 439 uMZLemEnc 39094 ls9rBIaqA 58186 7zhn952QD,failure
1778883076,create record thing 599 eUeDc4 73054 WwDoO1Kevl 33527 LeXF,failure
1778883076,create record thing 765 vUTYtZ 34153 SMPpP5 6146 EDdapZat3,failure
1778883076,create record thing 270 H99p 93302 jfHQKyj6 95864 oxYI,failure
1778883076,create record thing 552 6MQbBHjtL 44295 8xQR 27085 moSidl9s0F,failure
1778883076,create record thing 975 3V0EF7I9 5578 k8SLMHSQ 36981 nfQ4YxfHII,failure
1778883076,create record thing 763 kylhKz 38701 XPjbo4Q 62396 7wrDRW1,failure
1778883076,create record thing 253 3V43eUrUZ 75011 TJAXX9 17336 zpRJ5w8ixT,failure
1778883076,create record thing 993 bxY4a4 67755 d5doyoZ 48623 iGNO,failure
1778883076,create record thing 272 qaHh1KK 21614 Xobw 3054 qjm6UJRw,failure
1778883076,create record thing 147 gOlydSAi7v 64618 PpqN7c 37464 ILQ5nfINh,failure
1778883076,create record thing 470 Kvvn20Vy 53234 1LQjE 64886 tza8,failure
1778883076,create record thing 659 gAiHbaB 83931 U3ziv 8242 FbxmaB,failure
1778883076,create record thing 406 T6AYtdGJx 23493 smKtJd 49201 TwgYR9,failure
1778883076,create record thing 512 KtCJTV5 83522 GAUsSKAy 16129 o2SEMIy7,failure
1778883076,create record thing 672 QdlpUD 62134 THpaNIkLAo 24858 YQLDWiJ1rc,failure
1778883076,create record thing 218 IiokyX7x1O 33854 B4MRn 70112 uiiQbfQaAl,failure
1778883076,create record thing 323 XGsnsOLG3a 88167 utf0Qhy 58007 BQMm7h,failure
1778883076,create record thing 736 Syrp 88268 lV9Sj 16814 BCme2F7,failure
1778883076,create record thing 581 ysD5Bmw 31200 XutMXir 95410 cDRTiEbOAW,failure
1778883076,create record thing 217 FAAx50 56321 j0pzXPw0Yz 34389 TrBtEKg,failure
1778883076,create record thing 68 8RJEJ 70999 r9Wp4FcT3 41101 1LXm,failure
1778883076,create record thing 275 z2shU8pxij 71834 R2Xe1gMI 44490 paeQB,failure
1778883076,create record thing 411 92ilKG46s 83489 vSURd 67291 Fi7mGHDuH0,failure
1778883076,create record thing 324 ydR9 26205 SJwsUJH1q 3211 QFQMJXlQoa,failure
1778883076,create record thing 825 1BmXdHJi 10967 yazwtBF 36409 E56tUw,failure
1778883076,create record thing 983 v9kDrax 58511 GYY1sd 9344 xpgkpse,failure
1778883076,create record thing 842 KDsi0mG4 55810 FotD 5491 dbpm2s6jn,failure
1778883076,create record thing 235 zkXudLHbL 36435 eqJKAeLK1 75478 iq9IgwL,failure
1778883076,create record thing 58 atcmUxQs 66773 JENn 32927 buZVcOAkM,failure
1778883076,create record thing 795 j21X8v 69526 8iGL2D0j 29800 IBCr,failure
1778883076,create record thing 787 CL7htFA 35036 GjaGS0tN2 91269 XrJjOn8A,failure
1778883076,create record thing 864 NSxMrCZsG 12931 8lay0n74ff 69419 VDFsjxwvtM,failure
1778883076,create record thing 333 Z55oCiOh 81877 6bjkDZdR 99996 tqXHNd3,failure
1778883076,create record thing 702 Y9KReX 55144 tmG92HM 5215 CnFveEdKw9,failure
1778883076,create record thing 225 SyzIFIBmbj 2214 DeoyghNPb 43743 f2HjJWGxO,failure
1778883076,create record thing 571 gVYbZayS0K 15521 CiDj 72723 yLorR,failure
1778883076,create record thing 705 5Bs35ptAu 66982 zGTn8uQa 63810 ogkX3nu,failure
1778883076,create record thing 656 NQVB4w 84372 GMPT 67708 SrcwFm,failure
1778883076,create record thing 277 ttDd 91954 U68X 6451 y9hMy,failure
1778883076,create record thing 389 HecN2BBd2o 39656 WqAszDYbVo 55477 17YenitnE,failure
1778883076,create record thing 474 mhKEC4LRj 57564 gyIUS 17918 ZuwRskYo,failure
1778883076,create record thing 168 f0TevT 70456 KXbCm 38225 xDpkhUJHO5,failure
1778883076,create record thing 995 q55hdaa 21176 ePzIO 37575 oVZP,failure
1778883076,create record thing 747 RdKYmEB 3385 9KShzP98V 3758 j7N8UJOxYh,failure
1778883076,create record thing 547 zChU9 54245 7a9U4rY 4203 XZiRn,failure
1778883076,create record thing 176 Kc3mBAnA 46934 Tf1MuNrz 35959 bkp1ds,failure
1778883076,create record thing 908 4At1xdI 32287 UxeKUTN 80260 uKjlQx2Ys,failure
1778883076,create record thing 624 b584 71771 alXvT8 35531 rQ2yiHHJsU,failure
1778883076,create record thing 74 e5rTR 48993 DJmwhRKGC 41525 d2aat,failure
1778883076,create record thing 664 BOAFd 69250 xdgRDptKu6 32790 AHkgX,failure
1778883076,create record thing 700 XeCcPNt 39477 uCdNO 301 1YOpY,failure
1778883076,create record thing 971 xqRm 52985 dmlF 43940 QuRP4irfr,failure
1778883076,create record thing 274 bzctp 96801 Jb8y3mTi 17784 ic9o8iPcxO,failure
1778883076,create record thing 687 7TU0 14925 mHmJlNwG7h 28138 pLu1Q,failure
1778883076,create record thing 215 hsFsXL 56124 aqFAqUTKwB 59482 PM1pPIMkD,failure
1778883076,create record thing 364 wZfQ9 52990 YIeE37 48461 pNd4zgD9nz,failure
1778883076,create record thing 380 Rj2W65yS 87414 uIRRz 99862 2J3Ujm4Uy,failure
1778883076,create record thing 167 jgDjCN56 97641 Hnq6rIFAP 3425 WyHsDNM,failure
1778883076,create record thing 374 3HOzvn6fyW 85954 RfpEm 17144 dQWV6qM,failure
1778883076,create record thing 855 DISIiTJh88 52197 mVWBlNZU9N 50934 Rvz4lgi51K,failure
1778883076,create record thing 651 ayJFP9 14396 NRxsC 81319 BPz3nuL,failure
1778883076,create record thing 465 gykW 74870 hWpL 95863 cUmo8n4z,failure
1778883076,create record thing 955 OmQHgcI 90617 fdeALc 32905 fy8JSPfb,failure
1778883076,create record thing 948 t3k4jI205z 71341 UeMc 38270 h0mFU,failure
1778883076,create record thing 104 sqjdte 8045 D9fZ5g5xe 62986 12Xh,failure
1778883076,create record thing 888 WgQ5Y 17741 4Pa8GX 11569 fiH0si,failure
1778883076,create record thing 979 5e5nB0w 49881 1leI7c 83512 s8OxW9k,failure
1778883076,create record thing 876 jv2eo5ndL 56799 leHYu9kOT 9837 iwEY,failure
1778883076,create record thing 82 CHRrG4ALF 78365 8bg9R 44660 B64mwF2,failure
1778883076,create record thing 297 9BSCyiOzbx 1047 bcs95gn 49554 O71qWFWg,failure
1778883076,create record thing 792 aNYz 78578 P9Xg 17770 iDkFgvXk,failure
1778883076,create record thing 234 ijkja 36401 ujl9Ksa 12093 TICX,failure
1778883076,create record thing 678 xWR6v 3893 0Wm765kNK5 1003 5rN6wE8LCo,failure
1778883076,create record thing 47 5be3g 37709 SusM2hVVfO 37737 IXr2hcf,failure
1778883076,create record thing 72 P5nxUE4N 3268 9CKhjnOSS 32844 YyJtu,failure
1778883076,create record thing 722 74WKsV 71399 rJTZLANQwj 79657 HaeduCoUx3,failure
1778883076,create record thing 197 yiz5 54821 Is3dwNFmS 80735 jLyqCZ1l,failure
1778883076,create record thing 592 2arlU3ksab 10487 RtSv6yg 70068 tr75xZ,failure
1778883076,create record thing 371 Yarwd9nO 81341 uLw50tHYGo 36639 4iAl,failure
1778883076,create record thing 883 MfjE6LZbf 60818 5khQK3xn 649 nhwcn0K,failure
1778883076,create record thing 907 cG6wlcfK 13925 opxnLfdd 2841 ROAxl,failure
1778883076,create record thing 634 xSrEFw 78604 aB9Yia 45105 XnUfxMCWV,failure
1778883076,create record thing 644 urTZBW 15501 sUmM45P8 56086 SvvOOVe,failure
1778883076,create record thing 850 WjfR 42094 HzeSdie 14926 DH5bNDA,failure
1778883076,create record thing 301 pjQhwj 18095 YGrFz4f 37495 jtbbUCu4JH,failure
1778883076,create record thing 566 jpRmqvOFx 80295 hD7Sg 86390 mQzJ2vnG,failure
1778883076,create record thing 81 fWPb 50834 vRylBXn3di 23996 tv74EZ,failure
1778883076,create record thing 388 y5xDzGFKj 36527 XrwhtMt7J8 54893 x51iP1,failure
1778883076,create record thing 128 hBzELotbBW 33738 21eJs1O3l 25674 3C9Q0P,failure
1778883076,create record thing 550 a48SC2x1s 85909 CmOG 12269 CQ69ip,failure
1778883076,create record thing 471 N2Q5Rqd 51735 yTamNP0 68186 mg92Zb6,failure
1778883076,create record thing 748 3SGF 35182 yp7Hm 98662 ABJbW,failure
1778883076,create record thing 45 6QLET 11245 mauPLrA4i 73700 4rSd1j,failure
1778883076,create record thing 827 w145xZ82 10150 3sgv 69546 QRd2nGFNT,failure
1778883076,create record thing 271 rNdd 31718 vxFe 27993 uGOrODCvdc,failure
1778883076,create record thing 619 a5Gtrg0Bq 11955 c3WOzLRO 26765 RBgFy8G,failure
1778883076,create record thing 353 gJDZBJS 26471 mzDctb8Hx 33499 NevuRH,failure
1778883076,create record thing 868 wopOV 66739 ryOf4 91802 ucQHqAH,failure
1778883076,create record thing 368 1a2mjFm3 60558 DxKYn 41504 NYSk,failure
1778883076,create record thing 100 2wsgo 71351 Y6a45hS 1045 CZISkDDCU,failure
1778883076,create record thing 390 h2FihTO5mW 8058 BfeZ 93890 rlPE37vO0Q,failure
1778883076,create record thing 95 9fM5SAh 75972 NgwLvyVz 5333 LQGorqbS,failure
1778883076,create record thing 991 kZriP 89410 wWM7lZJVp 81758 abQDpdhEN,failure
1778883076,create record thing 345 f6cR 5748 yZja 66049 ivJm,failure
1778883076,create record thing 782 04L14m 41765 FSw3Lg 74770 Dfpp3Fz,failure
1778883076,create record thing 221 yrZYbm66Q 86166 AjGtHq3 21816 EhaYQTOby,failure
1778883076,create record thing 160 fPxb 11274 bVrZEh7m 7473 Rmo304xSZ,failure
1778883076,create record thing 965 YfdSK 68986 KoIGTYtZ7k 84370 u7dH6,failure
1778883076,create record thing 349 lQMo5RNzfV 51630 HNFYi 17970 NGv9VsCRp,failure
1778883076,create record thing 984 024n91f 45724 InWp1A5LM 38039 fKhtP,failure
1778883076,create record thing 715 o9TwbTzE 62775 1FD1hGYn5 56681 GPwfO2Wk,failure
1778883076,create record thing 164 kjAAFQa 91650 mNfyYkINP 93601 7asKYJgu,failure
1778883076,create record thing 826 DCA8ZxbZ 73012 7Gt546 38129 Vg6y,failure
1778883076,create record thing 778 IleZK6v 51967 XHBO0t 56168 dOVa,failure
1778883076,create record thing 7 lqRl6I3v 60693 MNVK 2361 g2va,failure
1778883076,create record thing 891 FZcrJ8yNv 23744 olLYN 2054 kcWEm6Y,failure
1778883076,create record thing 829 kxSiRJwDXN 3261 YEWfNryPL 53478 WEdx3Wws6,failure
1778883076,create record thing 285 pSrO3 70314 Zv2mUqmsT 29968 6vHAjzEAy,failure
1778883076,create record thing 604 GobPCw 61734 53sj 85255 VLnZpp8,failure
1778883076,create record thing 460 9Q1bbSs 7808 9bkqCT 1073 Cr4V,failure
1778883076,create record thing 226 mcCoT40KqW 45266 MQo5diIvv 88681 QNsvO,failure
1778883076,create record thing 430 fnoe4KVQ 89724 ZUMZu 10311 S4govb9kw2,failure
1778883076,create record thing 987 qI0xlPgdwn 25223 Svs7qU8X 82026 KueP,failure
1778883076,create record thing 719 vwUnCb 54772 DHgCp 32791 f00PZxA,failure
1778883076,create record thing 666 VUVpgUbph 85852 yaMdJfZ 31522 WoMu,failure
1778883076,create record thing 734 BEdu 93359 SYH4hP 94840 BPgkVro,failure
1778883076,create record thing 204 GI7tv6OOdw 31757 scQIWop 17368 wxxlLgu,failure
1778883076,create record thing 575 brq3GROp 80614 nX2Q1P 76710 DQgajK6,failure
1778883076,create record thing 28 LyWvdC1 66746 0iMU 95833 EYjgIy3W,failure
1778883076,create record thing 617 nCWhbiF 59142 aNvKMTx 25755 pta9,failure
1778883076,create record thing 518 iOUG 73460 Icn6N2k 41446 yVcOcaWW,failure
1778883076,create record thing 239 zQQseS 19162 WHfep 72018 ikdUgpxgt,failure
1778883076,create record thing 224 aoOkX 22781 VTQe 98600 xhWzzaHPQ,failure
1778883076,create record thing 96 6DpxaUKsE 63195 cbipS 6600 4CAqwXX,failure
1778883076,create record thing 31 HLgnaxV2K 10551 qNw5ADMv 51050 hlAeBTYQPF,failure
1778883076,create record thing 33 iAKyiyZ5Bn 3310 wmgH0D 37551 9kiQ5Vrxes,failure
1778883076,create record thing 433 2kATa6g 59910 WQkPxso 78769 9Tm5qbp,failure
1778883076,create record thing 605 x8yFDb 49467 I7arnQ5o 95543 Qev8U,failure
1778883076,create record thing 90 WR6hN 63249 xLrc 34632 x6if,failure
1778883076,create record thing 559 ChjDGbHB 76465 9ydZuBLWTO 75569 3KBLt5i,failure
1778883076,create record thing 914 hr0X9wT 72468 Hg68AENQ 92611 zp9mfK,failure
1778883076,create record thing 759 ZBl1zz 39988 zEIeJ3GQ 77329 KKy8kcVNa,failure
1778883076,create record thing 693 AElQ 22510 yXQA 15798 ZeMGqc0tLd,failure
1778883076,create record thing 105 PLUxWFv 55194 1Q4HZj09nN 19070 W3gYeL,failure
1778883076,create record thing 755 lI2N04ZZ1 23527 Y9Rz 4891 RyJq,failure
1778883076,create record thing 143 gmVpot 28524 dp3XLGTWMO 56183 PwWHirTIU,failure
1778883076,create record thing 229 1RCN3u65 54858 Fem7D5C 62681 iDosa5sOO,failure
1778883076,create record thing 251 0qQGXSYdP 32195 TAta3 13091 XrkVI0j9b,failure
1778883076,create record thing 282 rYUaLBv3f 87596 FO8zqLJgE 25218 HR3CtZi0,failure
1778883076,create record thing 760 QMFZ 50533 e3WbmxMlJ9 4618 7oxxK6Akk,failure
1778883076,create record thing 26 oHfpZM 71010 ULbMoXhO1s 49616 PFlzmsG,failure
1778883076,create record thing 115 oomw6Tx3 33344 cAYYkpIxM 17504 ubqvZJv8,failure
1778883076,create record thing 655 I4GMxq9DNa 74621 YL7rmL0 61646 uqhImcK,failure
1778883076,range_search thing id 603 777,success
1778883076,range_search thing id 281 420,success
1778883076,range_search thing id 564 824,success
1778883076,range_search thing id 973 987,success
1778883076,range_search thing id 218 499,success
1778883076,range_search thing id 292 917,success
1778883076,range_search thing id 661 866,success
1778883076,range_search thing id 683 876,success
1778883076,range_search thing id 529 751,success
1778883076,range_search thing id 441 901,success
1778883076,range_search thing id 604 879,success
1778883076,range_search thing id 626 922,success
1778883076,range_search thing id 265 732,success
1778883076,range_search thing id 17 435,success
1778883076,range_search thing id 718 772,success
1778883076,range_search thing id 469 491,success
1778883076,range_search thing id 894 949,success
1778883076,range_search thing id 599 625,success
1778883076,range_search thing id 88 954,success
1778883076,range_search thing id 268 904,success
1778883076,range_search thing id 451 535,success
1778883076,range_search thing id 83 109,success
1778883076,range_search thing id 987 999,success
1778883076,range_search thing id 221 757,success
1778883076,range_search thing id 267 1000,success
1778883076,range_search thing id 955 983,success
1778883076,range_search thing id 106 450,success
1778883076,range_search thing id 402 893,success
1778883076,range_search thing id 850 941,success
1778883076,range_search thing id 429 871,success
1778883076,range_search thing id 746 829,success
1778883076,range_search thing id 1 669,success
1778883076,range_search thing id 347 425,success
1778883076,range_search thing id 556 928,success
1778883076,range_search thing id 518 734,success
1778883076,range_search thing id 967 968,success
1778883076,range_search thing id 703 752,success
1778883076,range_search thing id 394 897,success
1778883076,range_search thing id 679 828,success
1778883076,range_search thing id 268 844,success
1778883076,range_search thing id 909 996,success
1778883076,range_search thing id 186 395,success
1778883076,range_search thing id 291 503,success
1778883076,range_search thing id 993 998,success
1778883076,range_search thing id 626 953,success
1778883076,range_search thing id 446 975,success
1778883076,range_search thing id 336 355,success
1778883076,range_search thing id 905 940,success
1778883076,range_search thing id 332 349,success
1778883076,range_search thing id 662 833,success
1778883076,range_search thing id 801 905,success
1778883076,range_search thing id 419 653,success
1778883076,range_search thing id 497 672,success
1778883076,range_search thing id 319 365,success
1778883076,range_search thing id 139 983,success
1778883076,range_search thing id 730 865,success
1778883076,range_search thing id 923 945,success
1778883076,range_search thing id 815 958,success
1778883076,range_search thing id 446 519,success
1778883076,range_search thing id 483 654,success
1778883076,range_search thing id 922 964,success
1778883076,range_search thing id 821 935,success
1778883076,range_search thing id 128 435,success
1778883076,range_search thing id 982 983,success
1778883076,range_search thing id 865 898,success
1778883076,range_search thing id 339 396,success
1778883076,range_search thing id 883 970,success
1778883076,range_search thing id 880 910,success
1778883076,range_search thing id 552 717,success
1778883076,range_search thing id 893 983,success
1778883076,range_search thing id 503 722,success
1778883076,range_search thing id 763 807,success
1778883076,range_search thing id 774 870,success
1778883076,range_search thing id 896 934,success
1778883076,range_search thing id 527 931,success
1778883076,range_search thing id 74 718,success
1778883076,range_search thing id 422 677,success
1778883076,range_search thing id 530 861,success
1778883076,range_search thing id 295 881,success
1778883076,range_search thing id 251 667,success
1778883076,range_search thing id 881 952,success
1778883076,range_search thing id 890 896,success
1778883076,range_search thing id 688 885,success
1778883077,range_search thing id 201 531,success
1778883077,range_search thing id 525 704,success
1778883077,range_search thing id 227 246,success
1778883077,range_search thing id 738 781,success
1778883077,range_search thing id 23 811,success
1778883077,range_search thing id 82 952,success
1778883077,range_search thing id 783 819,success
1778883077,range_search thing id 450 836,success
1778883077,range_search thing id 616 786,success
1778883077,range_search thing id 87 912,success
1778883077,range_search thing id 626 958,success
1778883077,range_search thing id 214 215,success
1778883077,range_search thing id 778 853,success
1778883077,range_search thing id 659 916,success
1778883077,range_search thing id 881 928,success
1778883077,range_search thing id 151 876,success
1778883077,range_search thing id 502 737,success
1778883077,stats,success
1778883086,create type thing 6 1 id int name str score int city str age int note str,success
1778883086,create record thing 777 BKsoRRC 90096 5WMO5 55723 HO4Z,success
1778883086,create record thing 508 dXKZ 37828 hQR6FEe 5224 TLboP1K,success
1778883086,create record thing 896 9Pqc 99125 DO4lK 83202 EfvuP1uRr6,success
1778883086,create record thing 923 VcfphV1Za1 60552 dGMEBdq 17172 BRh8Lo,success
1778883086,create record thing 34 tazn0 14871 6Oj5sRz 63242 pIx5F21,success
1778883086,create record thing 484 V0vWqa 95164 ZJO1BE 43573 Vx518ox1,success
1778883086,create record thing 86 cURYxPY 19936 7h7ug0g 59890 SzOj,success
1778883086,create record thing 751 WqMyeuP 69942 7M3EHMo 89705 9UAgN2,success
1778883086,create record thing 355 ksbudwA 32007 zQlkLxQE 76435 oNCP3,success
1778883086,create record thing 524 3QjBvKN 55615 p0mxDoJJ9 38696 8OrJ,success
1778883086,create record thing 185 W84UZ3WoX 28705 lpUVQigMc 57779 JTfs,success
1778883086,create record thing 810 zmW2wFqk4 63156 s1XDeUnPPy 73048 fyqhwU,success
1778883086,create record thing 419 KY6gob 73584 4ndZ4s 53516 i6sE,success
1778883086,create record thing 616 oHyx 97404 6zUjzgEz6 4288 wB61gQH8w,success
1778883086,create record thing 683 r86ZfnN 2799 WphJ 8992 Vmn1uj3a1i,success
1778883086,create record thing 502 HXg1i 46955 WKaqhAhdBw 77812 CnMT,success
1778883086,create record thing 761 OsNb90AgSB 10589 LerNHu 78301 sFAXhO2I,success
1778883086,create record thing 50 nBovCzfAPx 20006 5eZffTYIK 73608 uhvPU1S8,success
1778883086,create record thing 733 tgFjD0vI 15058 roAIVMPILO 90894 bqV5vl,success
1778883086,create record thing 337 JyiNb 97794 nAvwSWJf 6895 jMPqP,success
1778883086,create record thing 451 LznFvgQ 77743 Gtn9dm6 17987 puaUkxRFZX,success
1778883086,create record thing 791 yUBC 10205 tAzNrz7k6C 90388 f0pKGy,success
1778883086,create record thing 351 UnWeNG 25415 vTYYojmLVO 23218 MCIJQ2N9u8,success
1778883086,create record thing 468 jeBsrd 66497 tCdZ 10057 11MFCIX3B,success
1778883086,create record thing 623 JlLF7BYZ8f 84689 cR9GL 47696 4yWQdN,success
1778883086,create record thing 477 efQrSO 78997 jfP4tOPhRf 73259 NuhR694,success
1778883086,create record thing 615 OAww 23627 vVl9j 38770 WFHTGP2MLj,success
1778883086,create record thing 555 ZVYkB 53852 PoBrUB 69993 tYDZw,success
1778883086,create record thing 366 9CrxG7YX 18140 pN2Ig00rVq 67286 Zf4Y2,success
1778883086,create record thing 771 zyxx 10696 ntgSuj 5020 4DZVDM,success
1778883086,create record thing 631 bnj6 79807 AWohoNMd 65513 HNJSsavJ,success
1778883086,create record thing 941 Pf8eG 66496 9IyDN8pbWv 96068 MVTucHYkW,success
1778883086,create record thing 798 8DliS6c 26422 X2tt 52196 HpUlwW1uhw,success
1778883086,create record thing 497 U3x8EE5 68062 XTeLYH 42101 eOtL,success
1778883086,create record thing 925 kBBT4MA 83816 6eNwXQ7iLW 4561 eWwxJ,success
1778883086,create record thing 370 jBwBeiwt 36528 7blG4 15435 WRnLR9,success
1778883086,create record thing 597 h0C3B 11506 Q0tveH30S5 83584 XFhmi,success
1778883086,create record thing 721 EwJC8i2eyS 62739 zzJhteCG 16821 WNl7A4dhjk,success
1778883086,create record thing 54 5n6Gre 25729 7rMMfNKKk 81851 3u5c1f6Vq,success
1778883086,create record thing 427 VzNEM 37967 7DXQsedBE 26741 LtST18,success
1778883086,create record thing 57 VFgoh 58929 id61z 20932 uJtVEFEtb6,success
1778883086,create record thing 265 CoKdrL0P 37453 agiqwzcd 73638 wrxBI,success
1778883086,create record thing 773 9Qh8yXv6Um 66731 FciuDCL 67568 uMk9T,success
1778883086,create record thing 186 KFFEID 2180 ugzt32 82478 LqO8,success
1778883086,create record thing 467 JSKkMM0j 89224 b6gbt 19848 QzW52Td,success
1778883086,create record thing 790 GI9Dx 22699 4vvVSNQ 79963 lpIn8sr,success
1778883086,create record thing 175 QEDI5 94589 rJH3yv 19198 c7e5OU,success
1778883086,create record thing 151 mH5Ri 80698 KpPGNdzSg 18018 78jO,success
1778883086,create record thing 742 Dm7tO4f 75252 HS64k 23040 9yE6,success
1778883086,create record thing 114 52aJg8r9HE 17589 FqYuTOSaus 88395 lLNzAuyf8D,success
1778883086,create record thing 429 axBqu 76344 JqwoPCjQ5 92216 th4sMnijUL,success
1778883086,create record thing 966 R4UXZVQ 78094 WGGw4gZ3mH 21566 0BQSE3,success
1778883086,create record thing 19 YCFCdCY 94801 yYUJ 5936 vd95e5b,success
1778883086,create record thing 190 liNT7x3 58790 4xe72i1h9y 16691 8ZU8CSAxo,success
1778883086,create record thing 415 vr6SgYz 2050 mgcLR 6380 Tyon1,success
1778883086,create record thing 590 i9o4 75511 JVYo29 68321 zrIKT,success
1778883086,create record thing 667 MAE86 87994 WtzjxUD 29536 1iCdzz,success
1778883086,create record thing 764 ipmO50fS 24966 qPL2 24662 VSID1u7a67,success
1778883086,create record thing 222 UU4R 92244 yotrC 85029 tw2CXS,success
1778883086,create record thing 587 04wzInjq5J 54732 juxZEO 89764 pY7NEk,success
1778883086,create record thing 582 viHl397G0e 87584 Vz0o 92690 aFxMP,success
1778883086,create record thing 300 4OaGzbSH 37576 FRA6 23496 4GoM,success
1778883086,create record thing 639 YqyxzJ 91388 sZe9O 4152 zxDN,success
1778883086,create record thing 387 kEAWJ1fGc 27710 QJq5QrHOl0 2052 KUSye,success
1778883086,create record thing 365 IJ0PH 50311 TXQeUvgoeL 80460 yVbq9Ew6,success
1778883086,create record thing 880 lKxVspe 35123 xWjyw 11995 6BVg,success
1778883086,create record thing 335 lBIz 3442 vfLu 50493 syf3,success
1778883086,create record thing 17 Jkxis 64634 dAAEe 32990 SEMCi,success
1778883086,create record thing 203 6uMX 43193 uY18it6 26326 t78sREJ,success
1778883086,create record thing 2 urWw5 26188 9lVbT6mX 90811 YXzE,success
1778883086,create record thing 39 spjAxBLKH 90663 HXw3HNf 32536 PkLINO7uX,success
1778883086,create record thing 291 aqFG 76089 JByVKFvbg 54522 h6it,success
1778883086,create record thing 494 WGvgSCe 5856 SbvgX5TFIu 55885 ozlNAbM,success
1778883086,create record thing 248 BAanr 92243 XJXHwmhPE7 41078 yyhvCkPX,success
1778883086,create record thing 507 KPtohxiy 78174 JAEH4 22706 krl0M17E,success
1778883086,create record thing 897 Y7FEQ 54477 0EfbVsrHk 59942 UVIhhWZw,success
1778883086,create record thing 714 UVBnATOp2b 34447 1f1hYn 96680 Q1LAMWYX,success
1778883086,create record thing 892 vrHuRrq1 89037 f7W491h1pS 32447 0yiNMxeXVy,success
1778883086,create record thing 77 r6w6uaVTT 60089 PwdHnAnqZ 44270 JJEvQdgW,success
1778883086,create record thing 912 b5jC9A9 17290 s22fwfPOd 81999 TUAffn,success
1778883086,create record thing 793 ioQa 91173 Y9Aiex 95782 gt2iVUi9iG,success
1778883086,create record thing 509 Lkvn 98077 5MBn3 18351 hTvAXpNpLS,success
1778883086,create record thing 178 WQ0OsG 66784 Usd37 64865 gEKG895,success
1778883086,create record thing 843 x0AHk 61736 eKan56yrSV 55518 yNHjfe58j,success
1778883086,create record thing 201 yNZQeR 95677 op5hLdPOka 17984 aEvGYqxU2,success
1778883086,create record thing 766 2VbYqdSJe 59663 wEJwpgJS 29937 Fc1pDxj51,success
1778883086,create record thing 910 XSOnp4tZ 74912 hPdnFc 52550 21Vt,success
1778883086,create record thing 294 IamI 39834 MCKEVm3Vp 835 bHNQauV,success
1778883086,create record thing 539 0TgGoEd 18661 rco0z3CUK 66247 NyKdP,success
1778883086,create record thing 25 oqtXR 96384 tqemWK 20369 kCzH,success
1778883086,create record thing 695 mtqhjQZRcZ 42964 fpwFP 34100 9bzCUpCXia,success
1778883086,create record thing 211 WnmyQ6fK4e 8450 3Bh4Z 43456 cCkJ,success
1778883086,create record thing 425 SExAv4rBjM 80868 OE2Df 50202 zNXp9,success
1778883086,create record thing 529 X9WwHE4F 50905 ltn3Wd 61824 wKojpoHX,success
1778883086,create record thing 35 d9n0Xv00k 77662 XR4bR6 73873 Il92E,success
1778883086,create record thing 929 kcdLbD 43481 miS40ubK 18566 gGweRPKuu8,success
1778883086,create record thing 399 6X7Ok8R5W 29260 KktQhT66y 74381 ltYL,success
1778883086,create record thing 608 J6iUo8k2f 92925 N2Bqpepga 50585 T82ExHg,success
1778883086,create record thing 299 WJVnBXc 2631 qgv3je 12203 KMDb6k,success
1778883086,create record thing 849 jgmlRST 34768 rodJ0jwAs 86772 Lmbksf0ty,success
1778883086,create record thing 669 3qNyxxl 5848 BqZIjR 12675 PYzU,success
1778883086,create record thing 283 I0YzH 62236 2De3SF3X 88805 j6B6knlc,success
1778883086,create record thing 940 9A9M 77994 tTYfII 36202 C2WMGAzj,success
1778883086,create record thing 945 K7ggWW12 53856 xELcri 79777 Rc3uoU53b,success
1778883086,create record thing 607 Xt01Q8osUV 42056 TLfB4z 63499 GxdXeRzWGJ,success
1778883086,create record thing 960 lZZpC 47235 mwCy5QpEB 62204 IvZqZfbd,success
1778883086,create record thing 935 J71OQqzbWV 1166 4OLapXs 92978 r30CnsGMK,success
1778883086,create record thing 732 FP0x 84848 Lsgd9N1q 93204 sjV3XXLOQ,success
1778883086,create record thing 288 bEs4zTK9Y 44979 SQND6wskO 73170 sDTSI,success
1778883086,create record thing 528 63Onn 40250 Wuqs0D1 76490 6e3F1xsd,success
1778883086,create record thing 808 j9v939i1lf 43598 9tdCmVJjW 11539 MNz7x,success
1778883086,create record thing 230 HT63 99201 GbaTo2tgFs 8557 c6CGGAQi9E,success
1778883086,create record thing 437 l64zoTiTKk 48049 Oc2pHd9PO 2587 QzxH,success
1778883086,create record thing 29 RmQaAgG 81631 Rz3FMrWE 79823 WZ8wz,success
1778883086,create record thing 375 cEm5u 358 P4ZP 19548 WeS4,success
1778883086,create record thing 820 o9sCgkcsX 40987 TfVc0Pk 46861 7qTxvhy,success
1778883086,create record thing 317 qx0XOXh 91248 d6jzKXQlx 47002 bQZ8i5hz,success
1778883086,create record thing 561 dOa1 68788 USn72GQMAT 63167 PNjZ3M,success
1778883086,create record thing 242 Nj00 21679 Utur 66444 IxYeB,success
1778883086,create record thing 150 B1BhEOgz 73024 afLMsFmP 44676 ZY0uVL,success
1778883086,create record thing 517 OShVnvZ7s 68417 RckiSS 14019 Ll5yCW,success
1778883086,create record thing 418 uUcNPh3CK 66086 7aTIA 76692 5W4QkYg,success
1778883086,create record thing 661 L2Fx84Vq7 38557 XiL2F0H 41144 TInnSQ5iS,success
1778883086,create record thing 199 FRthv 62963 JPzU0r0Y 68515 bjPm,success
1778883086,create record thing 586 W8QjdWmHwC 80754 PInOyFXRQc 50014 zWQ7dUm,success
1778883086,create record thing 326 W1Z4ROUHLW 25362 B8e7Th 5326 rqj0aC6,success
1778883086,create record thing 824 jud5 80689 PEJwWtnleF 54516 HfnnuwnU,success
1778883086,create record thing 703 DIUOhvoN 81412 7Qt46 50577 Hr4YxX,success
1778883086,create record thing 950 EsOtff8 70513 aePV1AgH 92109 WO6UjCufd,success
1778883086,create record thing 516 peY4zBztyh 773 SdUc0wFrQ 79503 r5xY,success
1778883086,create record thing 865 DHiy 71529 7iP4XT 48906 IIha,success
1778883086,create record thing 837 yHfnTTn4 67181 jnZml 74356 dU9INePpmJ,success
1778883086,create record thing 878 wPorel 63682 uOQjJY7 22103 tWSN,success
1778883086,create record thing 360 0iT2Cw 40038 IkL01iH 34502 2eebFbKzK,success
1778883086,create record thing 595 IH9D 19481 y3K1iF 11869 wao78QU,success
1778883086,create record thing 789 Bl6O7 96458 DwnEdwcm4 47349 DCc8uRG,success
1778883086,create record thing 189 qTJJxxK3ep 29215 zYvX3a2B 30145 Frjj,success
1778883086,create record thing 67 ShoYSDDn 21134 ZbcJjNcJd 33850 Gz8N2,success
1778883086,create record thing 356 PrfB91kZL 76368 VMFkQ5Kexi 2170 G4QZL,success
1778883086,create record thing 800 DMcWF 15403 DiLZ 88940 AA2RA6DVv,success
1778883086,create record thing 903 TVRgiDo1r2 53562 lRWJha 85792 QtwjO,success
1778883086,create record thing 921 qHJL9y 26698 IIlID9J 92470 T1OUBRk,success
1778883086,create record thing 943 FWXMQ 6822 yNXZD 78675 fqwLS5y,success
1778883086,create record thing 331 GSL6YNBmO 67915 mWFRMP 47151 O8fry,success
1778883086,create record thing 728 yKGTefrZ4 45625 7rLm5J 34223 zges6,success
1778883086,create record thing 397 FpHXpBxDpv 60142 CKbheN9Po 41383 7GaZpfP,success
1778883086,create record thing 464 vIltnJlU5l 96614 opqoZ 81080 jg5PPM,success
1778883086,create record thing 394 170xt32Jrl 66995 yUhGA6 4268 v1WChGta,success
1778883086,create record thing 312 nKuLqIoDM 47962 EnRx0 36651 liJogqo,success
1778883086,create record thing 681 1mXTDaA 17625 NHtEp1cgkn 33330 0fUqwIY,success
1778883086,create record thing 745 bh17mJ 85082 kWwPET3x 37555 NikYuNJ,success
1778883086,create record thing 922 4evtOSLy3W 47600 K7zlbTP6R 10494 kgd2I,success
1778883086,create record thing 462 VG9g 81015 f5yoT 58085 hGkcw41C1,success
1778883086,create record thing 523 Ii6HKC 98161 2ANH4Doft 54028 jaGVir,success
1778883086,create record thing 632 a56DaAso 946 xzIykTyx 34469 AoV4,success
1778883086,create record thing 491 RqOGqleigC 59345 REtj8b 13405 qSTojE,success
1778883086,create record thing 196 AWExRb 10515 UjqyHl3pxa 93674 x8p9m,success
1778883086,create record thing 257 VG8DQtuNc 72034 hDswdP8o 56906 aXKyp8,success
1778883086,create record thing 694 WDKxfjfM 99557 dwjHgEtIN 45523 3TbxSpcRIH,success
1778883086,create record thing 741 llvTrZ4 72682 ejsqw 94 Nxlb1WoSOH,success
1778883086,create record thing 578 lQVjrzt 12616 Oc6lbglb 84115 yEMKdnSa5O,success
1778883086,create record thing 158 eXdI6zwRZq 5328 es67gSGlG 32605 MlUzgNwC,success
1778883086,create record thing 613 AgXIFOHL5 41307 9uxVATLI 28039 V5p7ByT,success
1778883086,create record thing 393 KG9ssn 41275 V6Y4 67013 JJfCjq3p,success
1778883086,create record thing 970 Yfy4TS 63246 E3RYf 84181 cYxW5u,success
1778883086,create record thing 689 A5hVU05NNd 68731 tJuR 20079 P98U,success
1778883086,create record thing 362 FnryifJd 52322 fFViiI 63944 OmMTpeW,success
1778883086,create record thing 817 QJgzwl 45157 OVkvYXMB 30603 QjTfT,success
1778883086,create record thing 402 651Ya 90937 gBbmHmGqDT 18526 RbKPckrWM,success
1778883086,create record thing 93 C6eO 86898 4wgs2x8FS4 63525 Lfm7ISc5sE,success
1778883086,create record thing 918 jvvMo8FYM 50747 966nvyiTGQ 81988 ooj84uHmi,success
1778883086,create record thing 490 QmiQ34A4 19025 54tI6ht2T 41771 7sUYNTj,success
1778883086,create record thing 452 glVLq 74323 ooQwQDFL 93325 x0EilbVaq,success
1778883086,create record thing 252 nPmmk7B 80879 Q13AWLZ 94398 y6JHNR,success
1778883086,create record thing 654 GBZc 32207 H8cyV7lB 39918 ZCAMdGiZCS,success
1778883086,create record thing 770 lK3H 51520 ubC332f 42477 OSkTfRNfR,success
1778883086,create record thing 671 XF6xxV4JO 19672 1lSAt 58491 MhimMp,success
1778883086,create record thing 130 EEYLEnO 59472 BLa2rMY 27215 ldvj,success
1778883086,create record thing 638 PZs5 6426 zlPL 90638 KWkCJ5fsw,success
1778883086,create record thing 992 YV0eDh1 43150 znmdJ8Gf 94905 LWRA0qJM5,success
1778883086,create record thing 343 IGNElLR8 207 bMh0 80649 zuINamr,success
1778883086,create record thing 309 esIVhuyJ7Z 25430 Z5DDci 20366 C13CY5dGJ,success
1778883086,create record thing 137 tHmQX3v8r 4085 8M0JyK 98505 RtbzEo,success
1778883086,create record thing 89 ZsGkxcm 12137 FX4jvD2 40679 uVg8G9mcy1,success
1778883086,create record thing 328 a5QK 11413 CcGOtJ 40913 3tlrtBhjq,success
1778883086,create record thing 476 7IgH 72006 q6XJkt 44399 BiDPgdAl,success
1778883086,create record thing 982 3NQBwumV 69924 8UCi 91566 gtNVD6i,success
1778883086,create record thing 851 pwl4u1uE 8567 gD0rvJF 53174 SgIesCKopj,success
1778883086,create record thing 893 xvYKWAW 71372 oPe5JEKCI 58355 tzLQK,success
1778883086,create record thing 376 xEOfY34Naj 19558 GyJmQtJ 89071 46S49K,success
1778883086,create record thing 179 9zhswIdR 47086 11oR 51677 txxHPDlx5,success
1778883086,create record thing 27 zr2haOi2O8 17796 iX13 91146 5MCAYxnA,success
1778883086,create record thing 350 J0oF 53849 JccDwJ7e 95706 G1UrGGLpN,success
1778883086,create record thing 500 7eNXtdvWD 67195 Juv8skR 78333 sWqNJJOsT,success
1778883086,create record thing 475 rfF0 36418 ir1agk 77564 jBYqREX1v,success
1778883086,create record thing 618 7KYZ 98665 VoBNnTv 84182 UhkysU,success
1778883086,create record thing 698 5oQyqGArXx 41377 Qc4N7A41 43904 qgOyVU,success
1778883086,create record thing 51 PVGQ9taae 53903 GQvS 33016 cMdK3,success
1778883086,create record thing 212 6NRh1 17027 O3J73Rp 61204 6N5rA4Vuk,success
1778883086,create record thing 382 rdy9 33847 qBE5LlEiVn 84323 4Sge,success
1778883086,create record thing 884 TWbEOacy 19871 uyaRVDzTY 9188 oxQWhH9u,success
1778883086,create record thing 174 yN7fH7 10545 CVOkcxlR3N 47089 fNTilSK,success
1778883086,create record thing 148 yXNE7Y7 2151 vuSz 27745 OG61HToeTE,success
1778883086,create record thing 420 D4cR 17109 kdtX 59793 kKYgEXnX,success
1778883086,create record thing 962 uZTyhQH 42151 7nckdqUkwk 31934 cg0LWaEa,success
1778883086,create record thing 149 5RKrQ 62391 hiqBokQKS 80222 MWva,success
1778883086,create record thing 976 l98M1 70742 nVOrmXQ8 62182 kPcNrAu,success
1778883086,create record thing 80 3CgdHjbFeo 58303 JzU3ogoo 54079 m3eKdBnLlx,success
1778883086,create record thing 776 SN8mhQd 17891 0Ckv 38687 jX74JIoz,success
1778883086,create record thing 303 E9KZrTTp 42899 J3KjJa8 5250 TFAyYRg,success
1778883086,create record thing 996 oIaT6is 84887 aPkC 74760 K8CiRl2MR,success
1778883086,create record thing 526 1e3u 4287 Aq6HXW 10611 2Td6P3gw,success
1778883086,create record thing 775 cwORIViu 70730 OTU2 92123 UVt3F,success
1778883086,create record thing 232 rdvEGhS 88907 HsMX6Y6e3C 10508 3r7grRE,success
1778883086,create record thing 626 m7bzQ5DATb 24780 bXZG 44024 JOWEPGI,success
1778883086,create record thing 801 siWkqE8 6202 vCk5S 37387 80QPj,success
1778883086,create record thing 562 h9JBw 26890 RP8jB8Hh 3266 5V65j8H,success
1778883086,create record thing 510 uRDr68Jj 74086 4BQT3iIty 28883 wuLmGWV,success
1778883086,create record thing 841 bHBPf 67081 mtL64wj 56051 xavtBI,success
1778883086,create record thing 495 TB9Xr 95420 TzZLis9 68852 e7Ufz4,success
1778883086,create record thing 120 kCJ4mZr 64302 ZsKE 96974 nXjsNNh,success
1778883086,create record thing 478 3zEQphr9e 97722 KJ1MDR 15674 FJ0kdt,success
1778883086,create record thing 145 ikqA4wrG6 67353 VlfUH 41446 0XqRwHviir,success
1778883086,create record thing 30 Ev4gjnl3MZ 68898 GIUhCeY5Dt 47522 Y3LVv,success
1778883086,create record thing 911 sUhhRQtn8 55680 VgbEAmcOK 61483 4csa,success
1778883086,create record thing 122 W5m3 24219 vf066vjFT 31696 JgJanlr3,success
1778883086,create record thing 606 aS550DRl 88280 lvxn 29825 g9hgiVR,success
1778883086,create record thing 62 SfExCTQ0 29605 z9A13X6w 1675 EgBOfiyKg,success
1778883086,create record thing 872 e8uK9 16090 ZSrSK 35779 WNyDLzErVg,success
1778883086,create record thing 573 Eo6bTZ 65291 blLusMVOG 64512 CsEFHYHbV9,success
1778883086,create record thing 6 xtxC 4306 I1sRE 17627 SEgPOQ,success
1778883086,create record thing 927 DIjdqKxP 37281 dKhwYK 81940 xA9zdp,success
1778883086,create record thing 640 OK4es 44249 buC1J 55203 bDbtJt,success
1778883086,create record thing 440 YgPu 65898 VvMwBE0W0H 37664 c9yoUf,success
1778883086,create record thing 730 JKqJGAveZF 39309 PtzpFPH 2438 R1Jn7UC6H,success
1778883086,create record thing 194 045TdmCo 97836 V0z14N0qr 21048 QoojbX,success
1778883086,create record thing 753 CIBOcj 17882 qXOk 5535 Eb1fL13zw,success
1778883086,create record thing 627 2y00oJFhP 76076 5p2ohYuKyU 30924 ngnrz1d,success
1778883086,create record thing 572 x6tAQ726 47578 SYb7L0P 7166 4PpxNR3QH,success
1778883086,create record thing 18 1y4y8 33493 fZon34 82752 2Vzc1Z,success
1778883086,create record thing 743 Dz0S2YZ 91551 FvLYTC 3584 dNNXiyMtfj,success
1778883086,create record thing 915 SVOiKz6B 96360 qQZXm 54328 l262n6,success
1778883086,create record thing 511 OM48mRky 56217 qfw6hSA5 59468 PhSl1WrEi1,success
1778883086,create record thing 574 nZTllXb8 30865 BpKOfD28 52108 nxALeId5D,success
1778883086,create record thing 139 967LUc 33247 Msyw8IJq 66027 52itGih,success
1778883086,create record thing 192 8E8r 47263 r2MVqt3 41358 9Vj0OXdjo,success
1778883086,create record thing 5 DkCh 64868 B9IC 14744 SjvmrZUYIP,success
1778883086,create record thing 444 K8GJz 10070 VP3bQ 89212 yK6Z,success
1778883086,create record thing 21 bCRDM 35300 OucMC694 74600 ndNud,success
1778883086,create record thing 214 HLfp 31467 1f0kWrUOhE 56670 XtQiPZFE2,success
1778883086,create record thing 65 qLfAwlN 12182 F8PO 93537 5GOfD,success
1778883086,create record thing 412 4Djh 39375 pAJI4FFzCS 33211 pfFhPl,success
1778883086,create record thing 302 0czRt 94908 UBYv4Yn 10252 8qPAbyaOC,success
1778883086,create record thing 334 17LEM8w 88316 PXfilYRlb 63060 io01HfVjA,success
1778883086,create record thing 193 kjR7 61799 1KmJ 51345 ug0A,success
1778883086,create record thing 665 0TKIsEE 77468 LQYESGAtd 84974 3hMOBBk,success
1778883086,create record thing 263 lvon4vL0O 17191 Syz6Ow 61908 8kmQfDkjEX,success
1778883086,create record thing 648 smcb2wj 65991 Yuho 73660 E9WVV,success
1778883086,create record thing 811 qjQFPR5B 59917 U8WL1gIFkh 26920 jsBFTg,success
1778883086,create record thing 233 wYhm8VaZD 37585 kqSzNpUG 29908 XzzC0,success
1778883086,create record thing 796 Q6BVSGeuyV 56894 yc5j 75308 88X2,success
1778883086,create record thing 682 z2R2St 45109 Z3Lj 52944 N3MMBvY,success
1778883086,create record thing 805 zmscuSTh9 37214 fIGUj 3655 HqZsAFT0qF,success
1778883086,create record thing 483 cOhs 96581 C8X9 74133 3MHKvrWSP,success
1778883086,create record thing 361 xTgGlWCjA 54008 fAin 10233 PyIW2K,success
1778883086,create record thing 839 AB5E8ZihS 16958 FGRCcjI5h 53558 hJcj,success
1778883086,create record thing 237 sxsbiW 55280 6srl 96948 aHecDtC,success
1778883086,create record thing 628 WDSLVF 60415 BB1uXPzoyH 87876 TO1RJXR,success
1778883086,create record thing 958 NNf7HU7G 98377 FbOG7rm 92486 3BYLyc1bBz,success
1778883086,create record thing 583 Gxf8HrlVj7 88946 d7lSs 12942 i3p63d,success
1778883086,create record thing 273 UKEUx 15083 dCzEzo 2440 IKgVOh,success
1778883086,create record thing 202 zfNm8x9W 70455 7IcY7MO 21939 d5qp,success
1778883086,create record thing 14 xvNKFcTIs 51813 hiIrAL7tQ 44909 qUCp8vCLa,success
1778883086,create record thing 428 i5LaakIRE 51483 f2OH3YBh 49332 Lx0Y8hwlaU,success
1778883086,create record thing 240 r5wfMsSoEw 36799 4RmmYy1 74593 EIOJQJeh,success
1778883086,create record thing 85 h512 95538 r0b8QMQ2aA 88224 d6A9qQCwV,success
1778883086,create record thing 533 nrABamfJb 96658 8Aepk 40737 MfDY,success
1778883086,create record thing 173 X50pD7ZY 68114 oeLBfBh84x 90880 WdXd,success
1778883086,create record thing 290 MeQIsxfU 30554 LOaxX2Mv6W 59516 ulgKeWmJ,success
1778883086,create record thing 486 FwDMlichK 67256 Ut2Wjtvwa 76865 QdFZ1Amm4,success
1778883086,create record thing 330 elDQCQ0Jus 43072 g24E5 83724 QCnDV,success
1778883086,create record thing 684 uTml9webhs 25480 KVcbmk2Sv 72680 lb04b,success
1778883086,create record thing 319 iO2unCwxk 69065 922ei5Xlxx 78584 8pcMlHW,success
1778883086,create record thing 455 pNrhFK 64092 TWXMk 50871 2UxGlSGD7D,success
1778883086,create record thing 250 y5Kcnm1y 40107 3J6xIif 58262 vKCMACzX,success
1778883086,create record thing 847 qbBqe3 38603 FHerohwHuP 32771 UV0lLi,success
1778883086,create record thing 280 UT4asYWzzJ 85892 DFVj 52101 oUDFW,success
1778883086,create record thing 456 DYvf0A6zB0 3945 i2sTEO 46486 nAUVQs,success
1778883086,create record thing 902 bW5j7uNL 79670 18myHlgJ 59183 3fgIbQEle,success
1778883086,create record thing 762 roOedGk 53852 jgHDe71 17030 mARDL6KFQr,success
1778883086,create record thing 548 9BZL 32353 uJECcfO4 45453 0XyZ0zlMA,success
1778883086,create record thing 181 4lJy6o1 35884 HPeT34zVh 48330 UFWz,success
1778883086,create record thing 558 pFCeR 98269 xU1yah4 42875 UEeIp6iY0,success
1778883086,create record thing 629 ZLkhT 22079 PaqB 23322 S3HBc,success
1778883086,create record thing 424 YNS3ytdaV 26442 xofA9 44186 lPn2XZkkzg,success
1778883086,create record thing 844 uMM5yA 30462 guaOa 27887 nOrMc2z,success
1778883086,create record thing 11 L8gH90k7L8 91267 Q8RuN2t 87342 eb4BFTF,success
1778883086,create record thing 200 9oM3tTUMd 49089 sjmc5L6 96895 itWcXz,success
1778883086,create record thing 426 rb0upH4PpQ 94306 LxtBa 64440 7d96,success
1778883086,create record thing 535 fKZ5o 10245 StSpkpr 58755 m1D6wxDAL,success
1778883086,create record thing 32 VYXbx0V 39351 HIkxsrID 43677 Sm4a1,success
1778883086,create record thing 580 SE568xENK 53580 9h5k 57186 VUvRNw,success
1778883086,create record thing 405 O5Tp 4522 wRbPjL6jpJ 86848 khfSxR8e42,success
1778883086,create record thing 278 Zps7O 50172 tz2TfNWv 18705 U5yt9Y,success
1778883086,create record thing 445 gVzz 37793 AkliEFgJn 26337 UYl8,success
1778883086,create record thing 772 zMM1ksxrvK 62638 PgdUaK9 12693 GaL9V,success
1778883086,create record thing 373 DuAw39Y 47344 yL82Xa1yZ 18201 L1rR,success
1778883086,create record thing 723 pCQ1FOaN6t 83070 28TQoE 96889 Xv66DORg,success
1778883086,create record thing 401 smiGJ1F 16759 XsPI2kB 15162 PonUOfA,success
1778883086,create record thing 79 b5uxrSP6P 87225 5NEXu 29334 VLNxSTxN,success
1778883086,create record thing 538 7BoqsgvK 24662 6JhtxTtKl 50875 twQXGLn,success
1778883086,create record thing 576 a0tYsnQ 19323 rU0ZctFQ 35841 RDZERx8uZn,success
1778883086,create record thing 549 5nT5W1TsY 20865 HuQ9 99315 yGrRm1y,success
1778883086,create record thing 711 uX1d5 39855 OJBD3nX 25644 Ow1gW1x8Q,success
1778883086,create record thing 42 5f8ld 67559 uAjSphysK 22608 UW9PfCYxN,success
1778883086,create record thing 886 whfEPFb 75101 DRfKx9Rs 16414 uS1H,success
1778883086,create record thing 633 YbIHYEG 76640 SWhU73lL 23584 IXhh,success
1778883086,create record thing 859 OfpUf 16346 s7k8Opc6 38456 HiEt49LFQ,success
1778883086,create record thing 140 YolsZ7Lnw 16841 Mepx4yfpA 91031 HeT9R,success
1778883086,create record thing 386 SIOFk 20118 9AbLeh 14416 HeNwuq1na,success
1778883086,create record thing 457 8n7WhG2 77178 YfvJrqgctU 23681 XQWI2y,success
1778883086,create record thing 933 haFjhxTd 95082 8RpLRl9XF 36152 GS5oNfs,success
1778883086,create record thing 814 tfeT6kdUIE 1401 P5iEQPH 16343 alZaAHv,success
1778883086,create record thing 141 O596QcBk5 68618 kwivd 64947 k8uQZ01,success
1778883086,create record thing 625 ssnTJn 39953 F3530daCs 14046 vSya,success
1778883086,create record thing 321 EfFjhEj 86066 oysAlY 14246 OBiUa2R,success
1778883086,create record thing 709 lcyU 4142 P678h 64103 EQhUWyTT,success
1778883086,create record thing 458 yggbjFVoQv 78261 aDrfAMTlr 15075 qRPADWgTLl,success
1778883086,create record thing 874 KNoic95AMf 6678 zsNouDF 84393 sqrv,success
1778883086,create record thing 327 p3laOtr 36721 gl6wsgaI 17079 wYUKLo,success
1778883086,create record thing 127 nx3iUh 76881 YlBg6MsDV 69934 jhzS3V0Iv,success
1778883086,create record thing 133 BS4ez5 66043 bLRhcJXRTy 89744 18kUxWyq,success
1778883086,create record thing 818 aJKa5 67213 FSq0sqh 29350 HsN6,success
1778883086,create record thing 398 5qXNpZ 70070 avLw 10911 2qi3s9Maw,success
1778883086,create record thing 916 7k8H8WWgU 50067 pMLmBumN1 51834 BTAjD,success
1778883086,create record thing 994 ll1lETO 2758 klyLee 32145 48gGTYL,success
1778883086,create record thing 416 xgaZ5iV 35082 6LXaX 71089 Y0fiV3YtD,success
1778883086,create record thing 596 dQMhZ 13476 sFZi4bAj 85899 o2x2Zg,success
1778883086,create record thing 259 9n7re 43741 w5fc 19805 AulA3,success
1778883086,create record thing 314 sYvg4P5YS 10009 a5jOtySWDe 75739 7rf9lxt,success
1778883086,create record thing 410 D8LNi65 50224 IHEHofS 69067 WYnfwm0w,success
1778883086,create record thing 163 75dv01Y 38626 i084pZd 18061 7Rxb,success
1778883086,create record thing 305 xRPeZ1b 47873 eeJYj 23910 UURszuW,success
1778883086,create record thing 287 agdNLkjyA 59545 SpJso5qf 49487 UydyY,success
1778883086,create record thing 645 LeQDOzxd 48690 AqgwWuokg 27775 a4lm5ofJ,success
1778883086,create record thing 636 IWct 40449 8U7F 41218 ywiPu3FFWb,success
1778883086,create record thing 354 xK0rjC2fS2 89320 iS9F9LGVB 17196 sM6cSQ,success
1778883086,create record thing 69 mLejM 65211 Xi1H 11425 ft5krwf,success
1778883086,create record thing 679 SC98V 57939 568EwrzMQ 57780 FMtfzB,success
1778883086,create record thing 834 c8dXRIjgx 74728 0n2PvDH 60929 fT45,success
1778883086,create record thing 936 AydvLnThCH 61599 NtbLx 47381 ADd17QqNfe,success
1778883086,create record thing 680 f2BAn3l 7044 3A7s 26031 6DHW7B,success
1778883086,create record thing 720 JZI3mSJiP 96253 ZTa35EtXP 34446 S961NNJc,success
1778883086,create record thing 238 8AHkxv78J 1883 Yb3F1R 85054 zvZA8u5,success
1778883086,create record thing 266 AkKHx0Q 57343 rM519XgOM 53907 EU5g,success
1778883086,create record thing 91 FXP0nWI 15007 16vXC 84523 Wy6WFqOt3,success
1778883087,create record thing 836 Pa4cbX0 68021 TtkJAIyMyd 75740 hN8k4GB,success
1778883087,create record thing 863 ShhJ 51381 V4ZjtfbaVj 81015 H8JbT8NWl,success
1778883087,create record thing 55 3sHpWWVOr 18844 b91g5hiql 10142 04mgXzE,success
1778883087,create record thing 658 eQxt4Ylal 74356 Lb89EMHjT 15937 LHGVn,success
1778883087,create record thing 944 hnunT6 35073 D7vIsU 64985 FylkQ3r,success
1778883087,create record thing 407 gXKkmSA 58478 Kqtgxmv 82929 dkcFKsZN7v,success
1778883087,create record thing 381 hYAl 32154 nxit 1262 QSnJto,success
1778883087,create record thing 125 xLGg 36444 L21e3AUtt 25837 XE9A,success
1778883087,create record thing 492 CLKo 2787 bWJaCi 52797 34cN,success
1778883087,create record thing 803 DZzs 41574 veWEcs9EN4 49008 gnZi91So,success
1778883087,create record thing 901 l3w3 647 1qWg6euLY 35377 kiCh1U37z,success
1778883087,create record thing 431 PGoDErV 63269 fVSvZ 31768 O1ReEnPDx,success
1778883087,create record thing 946 gmKG1Vt 59509 jF4nw81FW 24635 rkt1,success
1778883087,create record thing 704 gCggbCqDG 46131 hIvnyA 43743 Bwdx,success
1778883087,create record thing 295 mlkrLGg 6536 pgh3JoGr2 91686 zynZQEkmN,success
1778883087,create record thing 879 KTfFRDs4o 41302 el3iaDulq 10089 Q0K8K,success
1778883087,create record thing 213 2DcbQso 65948 UWgXu 64312 vHPpCZsuG,success
1778883087,create record thing 919 13KgQTb81 86424 wbJRA 27041 f5xgqMH49,success
1778883087,create record thing 38 k4vuK6rl 75958 RZhXJXvg 1092 5jQGrIk,success
1778883087,create record thing 861 rXacrKd 40084 AOap 45903 WF7I7S,success
1778883087,create record thing 899 9mKfn 62020 pQxy43 39586 tIQtJQmi,success
1778883087,create record thing 126 mss5ClWZ 12588 GRFQw 46424 C7C4bVf,success
1778883087,create record thing 24 MspFh 71207 2d0hPCVG 7123 dZOu,success
1778883087,create record thing 840 YJQ1 15917 KFSRGI7i3 83842 jMS6XMmej2,success
1778883087,create record thing 977 gmDZBdhz 24123 o0qLBOhjbi 97596 oFRmDrgKw,success
1778883087,create record thing 102 yRgzAb 59910 IasN 86139 B4vi2Caj,success
1778883087,create record thing 116 1FvRydOv 94268 vSWrVsy4 84559 xDOJ5WG,success
1778883087,create record thing 436 RKKKZ 8856 bToP 65461 DV8YTo3k3,success
1778883087,create record thing 951 85dpcUBxNb 22815 gBiNIm 64369 QnUAGWf,success
1778883087,create record thing 121 NPmY 686 WJ1vQ7 95457 GlmZFw30X,success
1778883087,create record thing 385 AxeeWsh 30221 Lun6 32949 Re28eJ0,success
1778883087,create record thing 48 FydRgD4q 3929 uquV 18256 HT5P2,success
1778883087,create record thing 172 EXILZ 4634 86LLeI 16969 SgEnvD,success
1778883087,create record thing 318 08bdVYH1QT 72416 dVRAAiB 80694 vv4ofa,success
1778883087,create record thing 325 U3XJ9aS 7455 dBrt 78959 39iyOOe6m,success
1778883087,create record thing 881 Tw4nS6WsO 69054 tHgvz6 63728 e40GsI,success
1778883087,create record thing 264 xYi8 91533 OChEcrx 11074 rLE1,success
1778883087,create record thing 146 BnxOHOb 45587 4UuZ 34410 UnbSM1W5UY,success
1778883087,create record thing 44 ySQ16CJJ 68014 kxU5ia 89469 fpHuyM,success
1778883087,create record thing 505 qpOVat 86609 Z0Bbac 47018 NIzJe3I,success
1778883087,create record thing 87 BpWq 64871 ok2Oo 85799 lFBt,success
1778883087,create record thing 377 SdSqpQ1v 94151 LveB 66982 ouxZ,success
1778883087,create record thing 531 eArbLw8 85456 D8Mjc5 77493 gntS,success
1778883087,create record thing 985 FKvnZcTx9 10281 79J9 82617 THh2XLOG,success
1778883087,create record thing 852 qZsppV 47443 CUhoT 53729 eIewEo,success
1778883087,create record thing 346 zJZhHWzKiq 37602 tfA8JN 25965 2ahqI,success
1778883087,create record thing 404 UhcAQ9i 69377 4vyISh3 44124 LgSe564N,success
1778883087,create record thing 227 ZrDilV46f 1020 KPCtkSrV 30443 EcGGF5,success
1778883087,create record thing 988 utliYT 95811 Ar2tv 21704 rEnk,success
1778883087,create record thing 165 9U5Pim 66676 kLc3HmEYwr 74863 TGZsgR0,success
1778883087,create record thing 336 3EfirP8 10363 XTuFrNFWR 41262 A5Xt,success
1778883087,create record thing 601 IZM6MpK2nm 61618 ElEiN 11627 1UaeImlz,success
1778883087,create record thing 917 MNovG7 39334 osEXywDfg2 98954 r8uPhCthRR,success
1778883087,create record thing 473 201LQbqn0z 73696 uPzYAqdEnN 5980 Bn2HWg,success
1778883087,create record thing 448 LiH6bxWu 46229 VddnH9ZySr 21155 unT6cb,success
1778883087,create record thing 108 gyEjsoVp 35711 hWOiTqfeS 99927 zaZLjTXmL,success
1778883087,create record thing 857 WAUsCg 85989 Dsf7ID4H 32062 bEyxHgn,success
1778883087,create record thing 156 yowI 84255 uY8fk1 64200 piMDSJoV,success
1778883087,create record thing 459 zTZcQL 730 QUXHtO 42183 RF19fgR,success
1778883087,create record thing 281 haGhm1h 55598 kXEUHys 57079 S2qt3I,success
1778883087,create record thing 208 iGmMS 68076 pC65S0iG 62111 tlD9,success
1778883087,create record thing 155 tlRH 43389 dDjv 73289 valr4,success
1778883087,create record thing 588 KsMzpHO 10154 jTrqgXKV 43274 VKrY2PDk,success
1778883087,create record thing 758 on5MiDae8i 57630 PuFhIxx 62190 tGG207,success
1778883087,create record thing 986 ZS0IEWQIA 45636 bwCPT 28020 I96xlUaB,success
1778883087,create record thing 384 mKu44Faq 84832 Ny9Rqd 74996 bSDLCkUOHg,success
1778883087,create record thing 802 b3jT1i 54994 0dNdgH8mMb 88079 33k9SwaPzP,success
1778883087,create record thing 649 eZFT 11005 BrmFk 97888 ZaqvvJRJCh,success
1778883087,create record thing 807 lftM 2635 kaNC26tQ61 97964 TtxrrJzZqm,success
1778883087,create record thing 537 qBfwwV 68556 ZQk6KjJ 92037 vYXmRFZ,success
1778883087,create record thing 504 qFnnq5GNDC 42335 IO3tgw 1035 AuOg4,success
1778883087,create record thing 738 kHUBMK 91029 TDpSLDy 5259 V3FAV,success
1778883087,create record thing 560 ybF5276m 74447 iPWdfXivyC 86325 mktl1,success
1778883087,create record thing 545 fpQ0xDv 61708 QR4PZRVf 16843 ViV3YT,success
1778883087,create record thing 357 LHvP8b2 23351 owFaLyeoEc 39575 fxljtPD,success
1778883087,create record thing 207 7AkQZC 10831 Qg1Xat 75324 xCE7yVsq,success
1778883087,create record thing 889 hY4FWS08g 23440 GxPju5K 25901 YTCdrhEw,success
1778883087,create record thing 612 QpusYHlw 2296 uNKwcTp 11016 fTNAr8Qp,success
1778883087,create record thing 712 45YJcucLSY 13254 FSuNsyl 97880 SUe47X,success
1778883087,create record thing 532 qsF0pXxD 99708 rQlFcyl 37344 amWOrC,success
1778883087,create record thing 260 8tnbudrSZK 83200 uy5avvBC 97330 nRPpc07,success
1778883087,create record thing 154 E9fUGsUBC 20434 KMJzVUrU 30765 5iL0gn9,success
1778883087,create record thing 853 r1V98Ivn 78544 twg27V 41651 Hy1ECZB5,success
1778883087,create record thing 64 yaZVO 89568 xO8z 83416 MiM9,success
1778883087,create record thing 435 JzbLkMQ7 2977 LWyFl4CSo 61888 5us3mCpL9,success
1778883087,create record thing 340 kCNXZ24pSe 98121 QzGD 50504 W72H,success
1778883087,create record thing 514 WOHbDTsyY 5230 y5NBWg 34406 ZUgkzv4Xng,success
1778883087,create record thing 749 RCRUUvQuB 33806 rciGb2IS 40194 jNDBsURjs,success
1778883087,create record thing 488 po0Kjaw 66662 1GD38NKFG 49542 5O1DExPenm,success
1778883087,create record thing 525 rWWOw 60204 4400WGom 87063 ygue,success
1778883087,create record thing 894 70HeXBGp 96919 QOpQC 5273 qrUT44is,success
1778883087,create record thing 953 oKKCH 6695 WeDBDg 77250 LsaA4,success
1778883087,create record thing 187 2WmXMCaUL 64566 kFF6s1prI 40475 B86Et8Dke,success
1778883087,create record thing 674 Pf1vQYm 14249 otsVDQ5nPu 25153 ykjPuGDKzT,success
1778883087,create record thing 344 5D1si 43741 vUBAyzVz8 46348 X8VbRmSsx,success
1778883087,create record thing 378 AxITXM 57685 qejS6K76Wy 92600 p9KddvH,success
1778883087,create record thing 904 5giUuWz 19893 jsmfpJVqGs 2864 VeWSt,success
1778883087,create record thing 369 wVUntowm8q 79117 5iNAXXZd9 48952 J972,success
1778883087,create record thing 569 WEJNTJ 73176 gjF0JDOleQ 36289 B2TOeOv,success
1778883087,create record thing 276 WT63ysMy 1119 tj1KV 69778 OmY53SJ,success
1778883087,create record thing 691 VmlbL 5171 hve15Omk9o 28473 wi3BZxBUTx,success
1778883087,create record thing 267 BmVKh8F 75799 Gkm6Tw9zn 11900 FDF6bxA7gw,success
1778883087,create record thing 783 ZA0s9f 84355 yD6rOuipJh 20415 RVdX1,success
1778883087,create record thing 938 sMZzkGjYP 47850 Wbmz 48913 qtWu3c24cx,success
1778883087,create record thing 534 SkgvnAe8 60874 1HiLNtD 33667 uH7Pf,success
1778883087,create record thing 23 U0mni6n 10772 fz2golOu8 87602 GJ2ViAOJ,success
1778883087,create record thing 543 c4xcmlicXk 42274 JDvM 75654 CnMHhrV,success
1778883087,create record thing 98 u3pYEI 86933 PvGd 47896 N7hoCgI,success
1778883087,create record thing 296 hvCI67 66155 y69m0 29079 bTvLj1GXwo,success
1778883087,create record thing 461 kjQN1o5S 70886 Amd8yyGA 62461 tSseRPm,success
1778883087,create record thing 198 M7dziYVY6 31780 WOylZe7 36204 3hT6j,success
1778883087,create record thing 708 iruNGGV 78439 oBYHLj2 98861 vq9x3gCK2,success
1778883087,create record thing 262 1EsGfT71o 87151 Z7AN1rS 36158 NuPpwa,success
1778883087,create record thing 311 XpEKPgWRI 74136 L1PcgZN 12920 f7oJRLYS,success
1778883087,create record thing 980 vW0J 68519 6YMW 87696 nlNu,success
1778883087,create record thing 161 5XT0pY 45095 8pBcC9 34494 XmVHtyvY01,success
1778883087,create record thing 403 vHX7ts 94626 NtEl 50160 qRvX3,success
1778883087,create record thing 540 jkaltFNsIl 81064 efS4P0jvv 17436 g7Y3sJf,success
1778883087,create record thing 177 BcHPq 64814 Z8poO 28307 apbLZ,success
1778883087,create record thing 727 I9llGyJ 50738 qXwXAw5oH 10097 i19pHh8WF,success
1778883087,create record thing 794 HgZovR8 29355 qZCBKe9 2898 BO3DRdv7,success
1778883087,create record thing 819 J6TSER 17479 nCHPuJ2 53364 V8K18,success
1778883087,create record thing 779 Swh8 80458 GTTp 78843 VllOEhf6J6,success
1778883087,create record thing 757 XxD0ltk 56408 Elyo9N 44527 UGbL8dx,success
1778883087,create record thing 298 a9aus 74459 xekNEH8g 89545 LJ3R2,success
1778883087,create record thing 92 FYBM5 15765 55gQKkgljM 44223 5HyBhIu,success
1778883087,create record thing 930 i7EXcd 62970 0OUK0fO4IR 68376 UNriVsM,success
1778883087,create record thing 450 AfbgILs 37643 QdZlf3UJkt 6285 b7xvHZQA,success
1778883087,create record thing 646 GlwR4g63 93377 emmNa5 27004 hs4O4ukyo,success
1778883087,create record thing 15 yjLMq5QS3t 85634 4zaZx0lWp 1367 QcVhQehjX,success
1778883087,create record thing 481 lu6p 89247 5yHrJghZ2 11338 0mGcDgcy,success
1778883087,create record thing 997 VXoM 57423 iLc5VlntJ 20016 1pkC3d,success
1778883087,create record thing 869 jsdlmOB 57741 0Lrj 71712 dQzHMk,success
1778883087,create record thing 432 wigoxI 50793 J1VcHbZDJx 89864 x4oEp8ND,success
1778883087,create record thing 696 C2nrT 50915 2wbXiC 93151 09hMmz2C,success
1778883087,create record thing 503 BywuySm 28437 lm2OM3HVz 84410 nigOsZ,success
1778883087,create record thing 261 1zmu3O6A6b 27060 Jk8QVNJ 25927 zD1i5,success
1778883087,create record thing 329 LVGMcg 8566 b51u 11789 5wU7te,success
1778883087,create record thing 180 4KZDRrgI 19925 zHMjI 61547 8Q48PjBUi,success
1778883087,create record thing 565 DDVK9wB 74961 BbEPv 44535 2eis,success
1778883087,create record thing 396 4g57mNs 10888 LXa3zk 33123 F84bt,success
1778883087,create record thing 496 dotBA 5302 UVCeIi 81811 Tbx4,success
1778883087,create record thing 36 yRqxwF9 55641 Rivqlrf 58965 fPtFhYXge,success
1778883087,create record thing 443 eJofeS 96534 v4eK78NuPL 7361 i45lSfAQn,success
1778883087,create record thing 928 etGDm9Llr 88625 1dlakmiH 24817 hVl0UoyZs,success
1778883087,create record thing 660 FrAZTGO 89591 rjdE3d 99044 AP3B8PtV4R,success
1778883087,create record thing 637 Qeq0BUDE 64105 HUokQz 60508 508C3C,success
1778883087,create record thing 99 Tx62W 49998 NyaXPkKlfy 19647 ubys7I,success
1778883087,create record thing 338 lLEA0 63876 d7euDro6X 54571 atjNQAh,success
1778883087,create record thing 13 GvxQh 74098 dBzmuo2 40964 48WIJumht,success
1778883087,create record thing 685 J4RLYpI3t 12528 UMfEL37 34866 BWXr,success
1778883087,create record thing 117 wWDna 46683 MIW7Et2mYl 78326 hTTmXrXA,success
1778883087,create record thing 447 0smsbNAwW9 58547 xjBt6CmLr 76871 ubduD,success
1778883087,create record thing 408 tSIMO 51843 uZcrJ 74518 2dSi,success
1778883087,create record thing 816 5igk 93566 fwwfv 9119 ydzWRHf,success
1778883087,create record thing 313 Bh4qo 84509 Id0ncnoj1 65612 uUPbVE,success
1778883087,create record thing 359 SzemcoEve 48249 3knH4UrI 66962 jmLuuqh,success
1778883087,create record thing 472 CB7PVm 14770 yg5m 99583 TsQnKsCO,success
1778883087,create record thing 205 J2pFt 28367 luESSCyU5D 78215 XP6ega,success
1778883087,create record thing 228 M165 39773 xJjdnlA 48866 rOsc,success
1778883087,create record thing 482 sq53 26825 5UQb 62456 afo1J,success
1778883087,create record thing 40 qbIdQnyx 4870 ACka3O7 36808 rDXbq2oBa,success
1778883087,create record thing 392 cI1IRXSUr 11588 wYHx3THt 83796 zJx8Vj,success
1778883087,create record thing 111 UEHwAL2uw 61152 U1kcF1M 78484 HZjXiY,success
1778883087,create record thing 833 ZyZ29 71302 GJpI 21587 oSuhTXIyO,success
1778883087,create record thing 813 nvzUgNC 90956 laXFgie6oz 27426 N6lbsmZQ,success
1778883087,create record thing 963 p6Aw 52822 Rsym 56167 KDMcEbtb,success
1778883087,create record thing 422 DXUVAK26Q 3581 cE4DHfS 93796 5CUo9ctW0,success
1778883087,create record thing 341 MfQKP 3700 BFCRy5Od 76763 RE3s,success
1778883087,create record thing 184 cLAQ8 10069 DpyUO 23151 xsn1KESY6h,success
1778883087,create record thing 998 iT6IB 48060 RbGRNgDrIA 8542 q6wy,success
1778883087,create record thing 423 42hkJ 87115 B9xqe 86017 Khcms,success
1778883087,create record thing 182 RadWgPKa2 17964 51XlDD 12982 yNHXj,success
1778883087,create record thing 905 1jVD9 9514 kMzM6ZzU 5624 tylTxBZn4D,success
1778883087,create record thing 862 Fz2NoGEeLz 73621 RWVc 36357 rO9vZL4,success
1778883087,create record thing 650 6Fx2QR5LOJ 61515 fEvGNp 35155 2Ko5uo,success
1778883087,create record thing 746 vsZGz 34591 AOV3iVsQ 47380 HtXKkS2Nm,success
1778883087,create record thing 701 Nu3YxyS5Cv 33387 ehxIyeYp 64887 5IYFAq8,success
1778883087,create record thing 106 8KDxhlwXd 9211 gHhfUA 5234 JauMrAoMJ,success
1778883087,create record thing 920 5vobKV 22523 7xHbjJM8Yh 32269 zpL34raPA1,success
1778883087,create record thing 652 xngfSBTxMx 70944 q2EWGtEMZL 48884 RLRxW,success
1778883087,create record thing 367 nvqS3 49734 27QIOeSb 74928 wbBBAB,success
1778883087,create record thing 620 ow9Dk0 84542 LY08wVf4 12108 Rde5Cs1r,success
1778883087,create record thing 906 otGof 6834 OW76kH63 30965 YmSe,success
1778883087,create record thing 316 qWHW 72540 wlHlWukqYF 7451 icji1ZJ,success
1778883087,create record thing 43 CCSSkL 5540 8irG 64219 UIT3COGWJ,success
1778883087,create record thing 131 UUGzFEXmLw 39117 Lzxx 41228 maBNj1X,success
1778883087,create record thing 441 iXyi34pyS 48702 Czd63 13275 xv422e,success
1778883087,create record thing 152 vFD51D 46200 l5k9jS 35338 bnGb,success
1778883087,create record thing 589 uMvuwXK 57461 EVcWTJe85x 86588 BSqi4fxyc,success
1778883087,create record thing 37 aizmX2 55956 J9n9kcTW 28717 4kPhPYv,success
1778883087,create record thing 153 807qI3YuP 69036 PZKQX 32151 YAq6s,success
1778883087,create record thing 677 9dKXpZI0n 32602 45RFzyJ 39201 pM6P,success
1778883087,create record thing 961 t3BYjDb6ho 64469 Kz0rLkj 42879 xffXaHEf,success
1778883087,create record thing 602 YO9ali8wQZ 46825 Jc3ucK9MY 25198 ky9gKMGZre,success
1778883087,create record thing 438 0jWFEnry 44388 kDC7sOYz5 40543 uojjeKhgB,success
1778883087,create record thing 453 Sruto 63123 z5PPTsR 62026 cjleb0plE,success
1778883087,create record thing 786 7W1BYURO7 98502 1l1kpf2u 5508 oL74S,success
1778883087,create record thing 269 cawvMug 65677 nuOTF 69582 39LLA6X,success
1778883087,create record thing 134 7Kr9Crb 77243 7dZzC2J5Z 29215 q30YPJy,success
1778883087,create record thing 342 Gc7B 52032 A7Xq 71636 b1TVWVP,success
1778883087,create record thing 804 9nOrho9 73499 uHmQeO6bi 98226 qOPz4mkg5,success
1778883087,create record thing 46 9QNejh 436 eVVql 59151 hVWChP,success
1778883087,create record thing 284 WwfkYH 32804 b4XXfdjjY 70098 D5Nb0,success
1778883087,create record thing 653 UgFYnlNVUe 97602 Z5WIC 42233 w3clJbPxv,success
1778883087,create record thing 949 Z81f0KIhi 64794 9TvMcZtt 55789 cg6P9R,success
1778883087,create record thing 53 xjvzeGetsb 37375 lfiGLg 14860 8Vth,success
1778883087,create record thing 822 nXor0IH1 93429 51H4Ogz5 40880 fuTif6a,success
1778883087,create record thing 780 cYzgj63 32450 ul4R 13614 YDThTYQoz,success
1778883087,create record thing 978 GqXWlHdnP 25227 GvzK4rp1hA 84978 E8zlphlN,success
1778883087,create record thing 600 7pSo 32767 cey7rgang 91255 zvBj,success
1778883087,create record thing 209 W1uzOQBmN 27103 v11PE6B 33044 AjWZ,success
1778883087,create record thing 352 Crz2irAaW 69414 KvNB 90234 rDyjn4boEn,success
1778883087,create record thing 216 F5gSGQqO 40660 zd7g3pp75 80425 XGlEGjbV,success
1778883087,create record thing 289 IJalgsVpXK 82424 P7JwxM3 42561 1wVH,success
1778883087,create record thing 279 o7beJiz 5751 CHTg9 71901 SnnwcaK,success
1778883087,create record thing 954 9N33 12252 5LfpLU 99734 cQHOR,success
1778883087,create record thing 821 5E9X 43351 fK5r 55981 vwCRbgMbr,success
1778883087,create record thing 110 YoclZ 25905 sdBMb 95124 mM2sQjd3D,success
1778883087,create record thing 119 kck0 55096 fjez 56966 RkSS2,success
1778883087,create record thing 942 653492j9 69841 J7ALXrqnT 2625 zxH52,success
1778883087,create record thing 138 XhdT 69932 hD4KTiGHoh 6652 1HeHfGfq,success
1778883087,create record thing 107 ilA0mXnN 67889 MeSHT 42184 kr0bVWW,success
1778883087,create record thing 307 bYbtUYKfl 12879 WHxWULS 46312 xh4OUq,success
1778883087,create record thing 973 HjPH 37641 GVjZrMc 49734 cAbLaqp,success
1778883087,create record thing 9 NfSrjx 16114 zXF9w 6422 tkJTIc,success
1778883087,create record thing 823 dmz1IMW 2227 MN65ldqchy 69281 34Tq,success
1778883087,create record thing 310 q1l6E5FxV 69248 dqjeRMskJ 87752 TzjpASwSG,success
1778883087,create record thing 557 g7pCc 51142 6Nj6xs 5546 zoPvQ,success
1778883087,create record thing 744 l1TPDt 36672 sJYF4VTwIF 23390 8u8CZdQcQd,success
1778883087,create record thing 635 smn8ZmGK2h 95479 YXfSC 61138 2hc8ofQEi,success
1778883087,create record thing 292 un20S74LF 99404 9f71WS 68743 alY9,success
1778883087,create record thing 379 KuzI 78275 5pxDRqr8 15689 442QyLv2e,success
1778883087,create record thing 890 ehGVrHoy 62566 ZKUzkS 28257 Ljoruepc,success
1778883087,create record thing 630 1sGzUZNWu 64536 A7UGfUA 2355 62d2,success
1778883087,create record thing 358 y2f2bj 59720 tUgk 28652 3wYFlJ,success
1778883087,create record thing 713 MEVNinG 34574 Ucp3aG 58645 msDPI3icox,success
1778883087,create record thing 621 hgwQbYF9K 8498 rJ5SCpYyLJ 82046 VJxWsIL,success
1778883087,create record thing 519 UPV0fGjW 75927 NJjJsV3 74643 X173g0Yn,success
1778883087,create record thing 663 i8zI6zR9Dy 15429 V8bBUt6 94948 GnPLw,success
1778883087,create record thing 551 3GOIb 37316 avzP83JAbX 19299 KwPAqWx,success
1778883087,create record thing 76 vN5nIYg 89872 VYtu5 15753 0WyjKV,success
1778883087,create record thing 103 FMcb7Dna0A 51206 ddZVFeP 80201 ZZb6xd,success
1778883087,create record thing 577 rsL1tCV1G 76344 NMdwNq3 57756 Lyd62TV,success
1778883087,create record thing 858 PKvIf2S 62146 58J5eWb 68679 Hemmo67tS,success
1778883087,create record thing 10 m4yC5 60850 m94Q 10301 kxnAZ8tC,success
1778883087,create record thing 75 JvhnePsq 6446 71uiyF8fr 6933 CQZyH,success
1778883087,create record thing 952 4TEF4 9853 ZN23 77200 ZglG8kHT,success
1778883087,create record thing 469 WQBU1oY 31854 0kQt 3821 oU7bWK,success
1778883087,create record thing 308 Ny5hDd1E3 67931 Y1aVxiOknv 88327 fy2wW,success
1778883087,create record thing 135 96QzjeO6 9535 iJ8U7IHQ 30830 MHW17h4,success
1778883087,create record thing 860 ucLTPH8LQF 38255 i2uTFNOrC 71524 CY4RBwl3,success
1778883087,create record thing 885 BDH8l5C 49866 eMSPCLEH1J 57208 E0ZiFm9c,success
1778883087,create record thing 245 GQaNQXwR2 86975 w9xMQJbhrH 97841 0qlGCy,success
1778883087,create record thing 642 vYsNN 17445 HJqy11m75 13513 zqQ4lV,success
1778883087,create record thing 210 9D4vkJzK1 29133 GWwn9F 73391 yw7Eqx0uL,success
1778883087,create record thing 268 EQZnmMhPFJ 14836 LkmZuoX 11273 wyfsgZmnkM,success
1778883087,create record thing 871 YD0Go 55869 0c7q0RN 14300 6XcvCM,success
1778883087,create record thing 536 RGIL 17253 Dqi0G1vkiu 56118 duVFXBB,success
1778883087,create record thing 579 1iRF83 36649 NTAw1W0r 65802 sMhfQ,success
1778883087,create record thing 846 b5acjt 83776 K2eoN 15169 utmuDGNATQ,success
1778883087,create record thing 969 s0GxK9 64307 E09nB 83535 B6NjawFTkw,success
1778883087,create record thing 84 6enYR 13875 iZhL2NMMd 96769 2GzE,success
1778883087,create record thing 41 SCbkD 67984 fCW3DtUwM 63417 x16uM,success
1778883087,create record thing 609 Y1TxOogd 23809 BhDdQmWT5 85904 775ukJJM,success
1778883087,create record thing 593 zkgAu0esI 18857 3uw7W 70800 t6qhS,success
1778883087,create record thing 854 T2nYr6J 34214 pYWLSlBZ1B 24483 kedp3DGE,success
1778883087,create record thing 584 nRYi 73179 pjYUgXyX 7115 lccVEYQC,success
1778883087,create record thing 123 FJvnTRxF 24203 NydZU 5300 b8oyf,success
1778883087,create record thing 414 1JgeZknT 12264 WNk5 76923 vbsDOTlLm,success
1778883087,create record thing 241 J9fQ 65518 LhyN 95912 hj157,success
1778883087,create record thing 724 COdLUfg 52782 ilhS 58522 SP5V5,success
1778883087,create record thing 610 5Unsl 49844 malOPs 68287 jWkf,success
1778883087,create record thing 767 WQMi 44191 aP8jrh0KRw 45871 xXYTa5SJv,success
1778883087,create record thing 191 REbg8hrAwu 48062 t5nb63W 3361 95Awk,success
1778883087,create record thing 83 IrkMB 94574 A1bo 16578 rO3vq1ZQNn,success
1778883087,create record thing 521 1cdbw47IV 59175 AWMwKW 45617 r06p0i,success
1778883087,create record thing 877 pAgIVXFcb4 54076 oBr6EAca 12770 TwgK1gvdfF,success
1778883087,create record thing 806 CpCoec1 47332 7EmyhmbA 45735 1PBRKEmI,success
1778883087,create record thing 784 mP2myZ 57603 Z3Bjvd 31529 i0bdqzg7Mb,success
1778883087,create record thing 515 XdKP 16295 cUqoVI 93703 U1Nqap9e,success
1778883087,create record thing 489 kpLcKOLE4W 69361 NOmKQYx 72947 szxgnrdDq,success
1778883087,create record thing 848 ZVBnQ 67552 KrJhLYeYq 56464 9ObCFYHkfd,success
1778883087,create record thing 673 OONOq 71532 fwRMFF9K33 10944 7THM75F,success
1778883087,create record thing 59 YeHyqHjh62 68412 To88x5Hd 3367 HztPZl,success
1778883087,create record thing 322 xfKfO 11014 FEYqk 87872 IFCUJ95,success
1778883087,create record thing 692 PdcvSqX 76149 gAEIpEP 90561 Iuxg5K1O,success
1778883087,create record thing 556 yscLANZxH 94418 6AqFjB 20047 uxj5JpNr,success
1778883087,create record thing 594 hFJWnHHF 80488 2iqD 98683 BJAMdsnZ,success
1778883087,create record thing 838 39pO9NkY 26813 zoDzalp4t 66983 yWR4,success
1778883087,create record thing 223 4rsihg 41665 blrbJydUE 97979 VhqH,success
1778883087,create record thing 304 HcH4ayZjqB 54224 0goulyxq 55336 PM4RKRIt,success
1778883087,create record thing 717 xt3fvqtO 14502 MSQd 90105 DwRxRveeQd,success
1778883087,create record thing 159 KUIyAp8OgJ 42946 LxabOJ 17810 GJlsxx,success
1778883087,create record thing 499 q31MAzuBkY 40729 AwUv3J 40438 tnWXbi1wX2,success
1778883087,create record thing 570 iNVurgNLv5 1200 5A1hjlVC7 62700 Otiteber8,success
1778883087,create record thing 898 x8F7 69914 GydV8aDGyS 73246 meJ2w,success
1778883087,create record thing 293 35qiSX0NAj 14536 dGoVD 29881 vKxUcI8,success
1778883087,create record thing 466 k86khPRou 33189 X8qb6p 85566 rCT10e,success
1778883087,create record thing 989 6jSBV 80580 T8QMYfBVVp 38465 NUEb1Ixke,success
1778883087,create record thing 400 vaHXeW7 5466 uNcLXo 94265 FiMo02a1,success
1778883087,create record thing 3 RNge2BFFeA 22577 p47qAZ 27559 HweLnRIaQU,success
1778883087,create record thing 887 TtNhH7FpHx 81539 J9GW2VLs 41222 JiDrBix,success
1778883087,create record thing 169 Y19H 49982 pq4ZOKkoJ 13527 89OEy,success
1778883087,create record thing 726 j2nk15SInj 5869 hlkadGCxcb 82756 PIXDxafs,success
1778883087,create record thing 870 xfdS3r 41854 p6KUWrWVI 18121 tz8tP,success
1778883087,create record thing 219 cmVb 98513 4aYruUx 9769 bQB8PA,success
1778883087,create record thing 493 e4yx 11343 f09nrYHgM 77526 VDGaVV,success
1778883087,create record thing 716 AmIxSJz 50910 CaoAI3JD 89407 NWebXAw0J,success
1778883087,create record thing 752 bKh6i2V 46990 0NJZla8 72521 a63wieCut7,success
1778883087,create record thing 171 EsfUExl 9781 HXNi 12045 SyiqkLDF,success
1778883087,create record thing 243 BY24 34646 TqiZvsEZt 66295 aJh1E,success
1778883087,create record thing 981 SbTd 52336 53z6C 27691 i0DlkIuSWa,success
1778883087,create record thing 16 EO4G 21091 qCf9e6H5V 818 eW6NUdh,success
1778883087,create record thing 554 8L02gY 11294 lf2UoY 57748 YicC,success
1778883087,create record thing 668 Ata7pR9fFW 73632 usYiJDKJ1 54018 ip7VzT,success
1778883087,create record thing 52 XFiDXYf3 95073 epcvILnlDs 95469 BG2p2j,success
1778883087,create record thing 990 d18AUBKn 94076 35FH7t 29864 5XN0zic,success
1778883087,create record thing 564 dY5RyB 43982 e7jJTa 4458 63ucMtb9,success
1778883087,create record thing 454 3gfg 66520 f9bus6Q 7075 RkbSwoY5R,success
1778883087,create record thing 78 Q93P 23886 3W3w7a1 99555 Rdtu154vXQ,success
1778883087,create record thing 256 qNMbr7EV 92298 0CI5R 77317 wboUeay7M,success
1778883087,create record thing 913 VaQJav 4119 AFRVd 71140 M479uM,success
1778883087,create record thing 718 7wVpx 74328 jwed7J 75708 NyA4,success
1778883087,create record thing 188 HexBqW39FR 16424 3nm0tR91b 51462 CV0uajv,success
1778883087,create record thing 830 enxp 51270 rCpKM 86703 RjWt1eTb,success
1778883087,create record thing 144 N30c 32018 N7Iz 33197 a2hxB,success
1778883087,create record thing 967 i5rQ75CU9I 71176 uJlkTVt 51805 o0zX,success
1778883087,create record thing 815 X2iwG 10189 CCbKaB 11905 vkSIlA7gXS,success
1778883087,create record thing 706 e4GhJ 64072 awfggBHuI 95725 2JC8kQxG,success
1778883087,create record thing 924 d9voHYLnH 49209 6FK3Xr7t 7001 fFkUkdIMH,success
1778883087,create record thing 255 58i6dfr9O 95832 51Ue8 47173 LmahMacm,success
1778883087,create record thing 112 rSj0 17115 Bw5Rgxm3V 65973 z2zy,success
1778883087,create record thing 348 QZvX 30252 BCyKLnVQO9 11751 QY8es1c,success
1778883087,create record thing 413 K7n6b 32498 7HrMyjf16A 1833 dz28z8y7,success
1778883087,create record thing 63 xR5f 67127 ywsrVpOBA8 89765 LlnzaO,success
1778883087,create record thing 101 kl0xAZf 19248 nziZvO 91150 qjQ0N7,success
1778883087,create record thing 662 T6KQgMzN 94942 4SOJxn 73361 X3S7rC,success
1778883087,create record thing 670 3Pwop 26516 cQeRwPEb8q 61198 T4IquCK3Xq,success
1778883087,create record thing 690 64um7BI9qx 95437 WxYA4hkr 2900 Rau0M6FY,success
1778883087,create record thing 56 VKu6J 52045 0l0oC8 17918 wS9qx,success
1778883087,create record thing 479 r97OKp36Ys 41515 nYCzOC 13664 4bOTEGwk5,success
1778883087,create record thing 421 wIf5 36811 jw8r3A 66255 CqQ3Egm715,success
1778883087,create record thing 756 bGX2YnBCJ 52468 ulDg4OcVR 19988 BHb6uG9c5D,success
1778883087,create record thing 363 lhttP6hbs 75191 XVnyXREkc 15941 xvRGy,success
1778883087,create record thing 442 bNJNEphxM 86412 nokNVBRlG 79681 awDQ3,success
1778883087,create record thing 675 nviAfvcy4I 60177 FyE7 66278 j0xgEjgN78,success
1778883087,create record thing 947 3II7R 64617 XN5VHqymB 34426 i8788,success
1778883087,create record thing 97 75FNU 38277 9v91JS 87163 NlTvdl39u,success
1778883087,create record thing 195 O3p3XD 32065 1hdy 64458 goEt16,success
1778883087,create record thing 417 hIj3eWkOFr 52336 JSOxt 36287 DwpekMef8q,success
1778883087,create record thing 710 J4vA 2216 5fSKntHw 24230 Daip,success
1778883087,create record thing 249 8Pe1EiP 19617 empS4M 60654 JCc7DeA3,success
1778883087,create record thing 485 eLViO 88467 b7R7HDHv06 82701 J4QmLNxtb,success
1778883087,create record thing 591 PWNlhche 3082 vYqrNXradi 73565 ytPAyJK,success
1778883087,create record thing 585 2fYxvQ 4426 1czvRD 4932 T8JM7BgN,success
1778883087,create record thing 136 wJxtdwCaw 14433 GCPAo 10271 trG00VLvrO,success
1778883087,create record thing 754 suq35 97691 tpe3L 51841 5KUpR1rB,success
1778883087,create record thing 220 JqzbV 86164 IjcuALD59 87688 HVG1qpga3J,success
1778883087,create record thing 768 dk1VD 39499 GlNWwDK1hp 5624 rAs5jL,success
1778883087,create record thing 686 db32gWm1 43688 ywRyuuQDa6 10339 L6qwsquy,success
1778883087,create record thing 286 e5Ic 26830 3lz5Tc 32592 tsqmg,success
1778883087,create record thing 244 oBJFQX 51936 YZcX9OS3Jr 98731 7jXfPE3d,success
1778883087,create record thing 527 lcmtjH 48052 kYLr 51228 lUTUVm,success
1778883087,create record thing 729 GjXab 43278 Jgmabmz 57799 Th3W,success
1778883087,create record thing 339 5a1iDL 98422 t3drwd6koK 33857 EonS6ihse8,success
1778883087,create record thing 873 YX4bCkkX 38361 2dYS 33940 2CWg4NQtq,success
1778883087,create record thing 70 MZ6l 34564 xNo2 57764 WDjF5,success
1778883087,create record thing 875 jLXKQ 50499 VrpFT6E 82208 BVeli,success
1778883087,create record thing 61 8hCF 30894 vQz4MP33C 6485 ZscNnjg8MR,success
1778883087,create record thing 647 LT3gg 23003 46UpI 23827 b1jhk,success
1778883087,create record thing 725 tYKO0lmTQ 25624 8sB4b 65824 GFJuqbk1Mx,success
1778883087,create record thing 73 QeVtWBpR 23810 AOj2Tzq 59290 DXjwjz2,success
1778883087,create record thing 8 HiLbwS 20665 Kht15 53806 cKtPK,success
1778883087,create record thing 968 BCSjz 81582 sVlAePMbP 44517 mSnH,success
1778883087,create record thing 735 cqH0RjYf0f 22661 eUF4gxjAzE 52620 3gKGqH,success
1778883087,create record thing 236 tsiZaXl 65860 BGptuTy 52655 6ytUKS,success
1778883087,create record thing 568 slLSB 18983 elsdr 80181 GXgT64,success
1778883087,create record thing 603 VRgDMjVK 77864 rQfjRgId 56621 zTURdvm,success
1778883087,create record thing 22 Hly2a 82812 ulpG 30794 S5IkzYkW,success
1778883087,create record thing 347 LdyRkCBpo0 27106 F3P2mYzUFN 82720 4UVkCpI7,success
1778883087,create record thing 828 aejF 20558 3SjP0 95825 vlTTd,success
1778883087,create record thing 231 u6TRz3E 12448 cUSZkN5G1 34917 VMCBz,success
1778883087,create record thing 254 4RvKJHp 90803 vETbST 91946 xRYHVLv,success
1778883087,create record thing 124 fumMK3kuLP 82349 aBsi1bqDV 54002 K9dBMEI,success
1778883087,create record thing 463 WCQEIQ0r 36149 7lLF 39618 zp0G,success
1778883087,create record thing 530 vyKYgxWHq 41423 XkNX 1299 7h3by7,success
1778883087,create record thing 449 yrLd 71350 qZwgn 72912 JlPcDPHo,success
1778883087,create record thing 832 Tq09Iz1a 58599 waacvyQg3W 46647 m46ygqJZ8,success
1778883087,create record thing 972 09AJFDSbh 61879 zNchU 56063 3ho4s8,success
1778883087,create record thing 688 L6yrv 55304 3y4k6xWh 42415 LBDtAl,success
1778883087,create record thing 845 lLunNOBbED 50960 HQuLLu 12633 ZonaZ8rTnk,success
1778883087,create record thing 320 1Kaphlf15W 31041 NNCjVHHpvt 88487 IkKsQv,success
1778883087,create record thing 731 1ghFEMBd4 69349 NwLqCqownV 39002 2T0sZ0h,success
1778883087,create record thing 206 sXJmr3mu 64006 HnhnfWQo 84450 48AcDHk4,success
1778883087,create record thing 707 vkHm 37387 IlQthQzZnu 29678 YWdF1wQ,success
1778883087,create record thing 939 s1ETB 49663 Ky59n 51911 KJ3NA,success
1778883087,create record thing 785 dKKbcc 78063 vob4ZQvf 11139 KPsrOyTF,success
1778883087,create record thing 867 sU3PSKBI 48619 WENJUhGgKl 9366 UCHOPNe,success
1778883087,create record thing 434 sHN4C 10741 auJs75Y 34848 5AVj98glnb,success
1778883087,create record thing 622 FU0hfp9E 70617 r4J3 2970 XO10J0ZBJ,success
1778883087,create record thing 541 tIAAmZ 48977 MOUH 2708 S7aZthyUhJ,success
1778883087,create record thing 856 Ka7H09tOth 94831 cdGZX1S 5598 u2sSme,success
1778883087,create record thing 170 5XGmUi 57654 nvSy 32157 vXdau,success
1778883087,create record thing 563 880Aw7 59029 pO1YoElv2 13272 ryQciFo,success
1778883087,create record thing 487 lbjK9Oz 44972 sGxpe 92378 zcg9C6NmH,success
1778883087,create record thing 676 NsZcxhlIaE 28048 qEmi 66730 gNPCGJKX5J,success
1778883087,create record thing 132 XzyR1OL7 471 kFVrMCqt 45954 1oZu,success
1778883087,create record thing 129 3iEC3b8X7 15704 gxZqSZm6KV 8520 EHBU7noz,success
1778883087,create record thing 546 Dapoaa46vF 83481 zbHyvW85e0 30493 LSwC,success
1778883087,create record thing 71 qrbR 64847 KRgnq9oIe 81446 St75ir7,success
1778883087,create record thing 498 KTDU 33522 5zlx90XlaZ 90950 PkgHMcsGg,success
1778883087,create record thing 750 nDjyRk5 19850 cKWo3ziJm7 76466 aCLb,success
1778883087,create record thing 88 Ei7I 1615 XnCl 4536 BjgHxcF2O,success
1778883087,create record thing 934 ihXp1Sr 53413 gEJH9eZCsz 18966 ns15iwfyil,success
1778883087,create record thing 866 qf74PbqT 58468 02xbPAMtni 53605 OLsI,success
1778883087,create record thing 247 i6ZwHgcgJ 14475 7H5fXH 53032 RTX2pIX4FA,success
1778883087,create record thing 60 C94Fq 59793 bUBO88 14357 cs0iBczT,success
1778883087,create record thing 246 GZ38y7MZW8 36516 qBB6FhJG 41754 Aj1k9m,success
1778883087,create record thing 315 E6ja3amnd 2382 GpsSzoga 67653 JW9hhXb7,success
1778883087,create record thing 372 fJTjoQmCZP 75650 CScaXuH0f 71776 Dppd5Y8,success
1778883087,create record thing 809 rnA3SpB5 68601 tPIw 33965 FV7t8l,success
1778883087,create record thing 20 XPemVr 53885 BxJL 37143 3qzBSfIq,success
1778883087,create record thing 501 SYRHfF5OF 78179 ra7ycv3EQ4 61285 Ww8zj,success
1778883087,create record thing 332 vCafM 73402 IuIQ6 82358 W8vbP,success
1778883087,create record thing 614 hbCkdAb 11174 IGCbS 97732 m4J9M,success
1778883087,create record thing 1 vhOq 69776 xEAUnY34U 40901 S8sliB9,success
1778883087,create record thing 544 Nx7gfowSX8 95930 EjoIAE 53717 k6UUhC7y,success
1778883087,create record thing 553 F0Ry 46017 W71re522z 71536 F0WsCej,success
1778883087,create record thing 166 Nwc8 14267 FFDsjo1Ytt 54955 UH6juN0LU,success
1778883087,create record thing 799 wJk8O 36229 rYVgSEmIGC 330 PonPWF1XSG,success
1778883087,create record thing 383 KAbzqV 45523 ggcfYxmUfT 32392 bRdL6AZoiS,success
1778883087,create record thing 835 2x9mdRgBZ 81644 4dfr6n4D 15306 gQUKC,success
1778883087,create record thing 974 IcU2U2j9v 93754 89SqKr8C 68666 15Me7v,success
1778883087,create record thing 895 GRb5IP 58148 UDWLdogz 55935 IFWD,success
1778883087,create record thing 797 j3P2K9pEhm 44413 oBz13aXHPS 48016 v1FaOPsXi2,success
1778883087,create record thing 1000 kZyc9 78966 VI0qPbXQw 57269 Qp04wU2i,success
1778883087,create record thing 306 dhzsje 62959 nw87 85036 V3j0RRM1,success
1778883087,create record thing 641 iHsebsgA 9777 a1cg4xSVS9 91525 zXo1Mu,success
1778883087,create record thing 109 IfuY2r 65361 q9EYKA7 41950 puU4gHe,success
1778883087,create record thing 520 4ugoxIF 44743 qx6cPL 21073 TbssV,success
1778883087,create record thing 183 9VACiwBbmZ 60797 wXUD 84045 oPdgt8GW3s,success
1778883087,create record thing 781 0FuC 23732 dIuVyG8 59096 IZ9BA,success
1778883087,create record thing 513 aOxmD 8860 ZmuT7yziLn 69338 SZLzPbq,success
1778883087,create record thing 931 9Koduwoa 3329 GZVDJU7u0 56238 WtQTzd,success
1778883087,create record thing 737 F2EvpBe 92335 bZGjlnyZCm 7816 k6jgVZZOE,success
1778883087,create record thing 740 hEAdsMHh 35154 IJox6Z7aKY 24534 3U99,success
1778883087,create record thing 4 If8qQqZdH1 59058 2V5Xe5B 5156 Q6smlZ,success
1778883087,create record thing 909 prJ01 57746 IWAoI 70769 7cy5q,success
1778883087,create record thing 162 2ML9u 91603 nLhR9EHf 75050 YnOs,success
1778883087,create record thing 446 IAhAAyuk1I 39809 8KqUKb 94737 FHsa,success
1778883087,create record thing 932 Ewz2kHP5J 22512 clexZsYM 36633 H4Kkj7,success
1778883087,create record thing 999 makwc 49052 Xv8h2ouuS 4376 1KYYr,success
1778883087,create record thing 956 mmWlk0ykAa 70438 vUHN 16049 ZWUf2,success
1778883087,create record thing 657 BuLt 80180 M6hpEmDt 48718 j4xK1N,success
1778883087,create record thing 788 mBMXKlBR 13090 xShA6Dj 66675 4pg4R3ABV,success
1778883087,create record thing 900 aKO2 35203 2qlRdQ 43498 afnVgN,success
1778883087,create record thing 769 o0GB4C 18305 C8xT1j 12245 HRpXt5XK,success
1778883087,create record thing 937 5aVDcExJ7 30733 kKIvwMdvSP 56792 dGNWwG,success
1778883087,create record thing 699 ZH8tB 62629 zkTqD 86305 Ww51NtxW,success
1778883087,create record thing 118 kjlvUHv 86990 zU9BIlV2O 11880 6XpqrJKWLO,success
1778883087,create record thing 739 kRcza43 6896 wmeZOboe 96642 fnwmMisCfK,success
1778883087,create record thing 831 0RAbGCO 41991 rgQz0DB 17013 rRSvauC,success
1778883087,create record thing 12 qfZO1 88250 m1mz 1629 6MrfAimgv,success
1778883087,create record thing 567 r4mlD3GDA4 4147 1mpsMcr 56173 euvFB9ZEMl,success
1778883087,create record thing 258 RckIBq 35038 VkqA 43940 mZJBVawsHU,success
1778883087,create record thing 542 0iIcQkF 96199 qO8avFu2D 35116 fToWL,success
1778883087,create record thing 480 XKnHqAs0NT 38482 C7GrC 51928 xHBO12pzC,success
1778883087,create record thing 964 2Uz53WwsR 68087 YUJ6jD 91197 JgWtc,success
1778883087,create record thing 391 OZxroz2 4360 3opqAF 27692 yNPb,success
1778883087,create record thing 395 DX4HiTA 62308 NWMVCOAn 99605 PYcDmz,success
1778883087,create record thing 66 QkFM0U 52403 Tt9u 2871 PsiZRdOIVV,success
1778883087,create record thing 611 1QBzm0Vy 21346 5P2D6JkZ 80702 PJHj,success
1778883087,create record thing 957 Izu2 26748 XCC4aAZLkK 20674 mRH7,success
1778883087,create record thing 697 8fV7s 83851 QhwJ8B9L 8324 vHlw9G7q,success
1778883087,create record thing 812 4UrWYRWR 97043 CHzF 731 N7qnh2G,success
1778883087,create record thing 959 U3dx02KSi0 66978 umBc 62384 68zs,success
1778883087,create record thing 643 2mFHG37 8597 jjk6IOV 39209 GUb0CGO76l,success
1778883087,create record thing 157 CreHAKgL3 14441 XziIG 2194 MCNX9,success
1778883087,create record thing 113 m3qquKN 24101 p9Q23faUY 86212 sOxzb,success
1778883087,create record thing 49 6jnw 1173 IqBZ5 7706 LOBiU,success
1778883087,create record thing 774 xiVQc 46512 RAFeH 57621 w6Q82Zq2Fj,success
1778883087,create record thing 94 2J9pw6 52437 jmhAxYL 81910 zKiKJE43,success
1778883087,create record thing 506 idpLx 21729 Ihxy76J 53501 lvLK3,success
1778883087,create record thing 522 Oj4L6HnU 96312 1yFSBl4 56862 spGd,success
1778883087,create record thing 142 Y3YfmGlVf9 52750 b3rd 86274 Cy0S67sOo,success
1778883087,create record thing 882 1TIn 15493 mYEj 83305 HiKHNZxjW6,success
1778883087,create record thing 926 saMRj 67972 oZb59 56112 6g6IMh66,success
1778883087,create record thing 409 W58c9wH2fO 32244 5BzgGJ8jV 96015 7s0tXtpSt,success
1778883087,create record thing 598 ODM0 12705 dEmk 65054 dzUVlc,success
1778883087,create record thing 439 uMZLemEnc 39094 ls9rBIaqA 58186 7zhn952QD,success
1778883087,create record thing 599 eUeDc4 73054 WwDoO1Kevl 33527 LeXF,success
1778883087,create record thing 765 vUTYtZ 34153 SMPpP5 6146 EDdapZat3,success
1778883087,create record thing 270 H99p 93302 jfHQKyj6 95864 oxYI,success
1778883087,create record thing 552 6MQbBHjtL 44295 8xQR 27085 moSidl9s0F,success
1778883087,create record thing 975 3V0EF7I9 5578 k8SLMHSQ 36981 nfQ4YxfHII,success
1778883087,create record thing 763 kylhKz 38701 XPjbo4Q 62396 7wrDRW1,success
1778883087,create record thing 253 3V43eUrUZ 75011 TJAXX9 17336 zpRJ5w8ixT,success
1778883087,create record thing 993 bxY4a4 67755 d5doyoZ 48623 iGNO,success
1778883087,create record thing 272 qaHh1KK 21614 Xobw 3054 qjm6UJRw,success
1778883087,create record thing 147 gOlydSAi7v 64618 PpqN7c 37464 ILQ5nfINh,success
1778883087,create record thing 470 Kvvn20Vy 53234 1LQjE 64886 tza8,success
1778883087,create record thing 659 gAiHbaB 83931 U3ziv 8242 FbxmaB,success
1778883087,create record thing 406 T6AYtdGJx 23493 smKtJd 49201 TwgYR9,success
1778883087,create record thing 512 KtCJTV5 83522 GAUsSKAy 16129 o2SEMIy7,success
1778883087,create record thing 672 QdlpUD 62134 THpaNIkLAo 24858 YQLDWiJ1rc,success
1778883087,create record thing 218 IiokyX7x1O 33854 B4MRn 70112 uiiQbfQaAl,success
1778883087,create record thing 323 XGsnsOLG3a 88167 utf0Qhy 58007 BQMm7h,success
1778883087,create record thing 736 Syrp 88268 lV9Sj 16814 BCme2F7,success
1778883087,create record thing 581 ysD5Bmw 31200 XutMXir 95410 cDRTiEbOAW,success
1778883087,create record thing 217 FAAx50 56321 j0pzXPw0Yz 34389 TrBtEKg,success
1778883087,create record thing 68 8RJEJ 70999 r9Wp4FcT3 41101 1LXm,success
1778883087,create record thing 275 z2shU8pxij 71834 R2Xe1gMI 44490 paeQB,success
1778883087,create record thing 411 92ilKG46s 83489 vSURd 67291 Fi7mGHDuH0,success
1778883087,create record thing 324 ydR9 26205 SJwsUJH1q 3211 QFQMJXlQoa,success
1778883087,create record thing 825 1BmXdHJi 10967 yazwtBF 36409 E56tUw,success
1778883087,create record thing 983 v9kDrax 58511 GYY1sd 9344 xpgkpse,success
1778883087,create record thing 842 KDsi0mG4 55810 FotD 5491 dbpm2s6jn,success
1778883087,create record thing 235 zkXudLHbL 36435 eqJKAeLK1 75478 iq9IgwL,success
1778883087,create record thing 58 atcmUxQs 66773 JENn 32927 buZVcOAkM,success
1778883087,create record thing 795 j21X8v 69526 8iGL2D0j 29800 IBCr,success
1778883087,create record thing 787 CL7htFA 35036 GjaGS0tN2 91269 XrJjOn8A,success
1778883087,create record thing 864 NSxMrCZsG 12931 8lay0n74ff 69419 VDFsjxwvtM,success
1778883087,create record thing 333 Z55oCiOh 81877 6bjkDZdR 99996 tqXHNd3,success
1778883087,create record thing 702 Y9KReX 55144 tmG92HM 5215 CnFveEdKw9,success
1778883087,create record thing 225 SyzIFIBmbj 2214 DeoyghNPb 43743 f2HjJWGxO,success
1778883087,create record thing 571 gVYbZayS0K 15521 CiDj 72723 yLorR,success
1778883087,create record thing 705 5Bs35ptAu 66982 zGTn8uQa 63810 ogkX3nu,success
1778883087,create record thing 656 NQVB4w 84372 GMPT 67708 SrcwFm,success
1778883087,create record thing 277 ttDd 91954 U68X 6451 y9hMy,success
1778883087,create record thing 389 HecN2BBd2o 39656 WqAszDYbVo 55477 17YenitnE,success
1778883087,create record thing 474 mhKEC4LRj 57564 gyIUS 17918 ZuwRskYo,success
1778883087,create record thing 168 f0TevT 70456 KXbCm 38225 xDpkhUJHO5,success
1778883087,create record thing 995 q55hdaa 21176 ePzIO 37575 oVZP,success
1778883087,create record thing 747 RdKYmEB 3385 9KShzP98V 3758 j7N8UJOxYh,success
1778883087,create record thing 547 zChU9 54245 7a9U4rY 4203 XZiRn,success
1778883087,create record thing 176 Kc3mBAnA 46934 Tf1MuNrz 35959 bkp1ds,success
1778883087,create record thing 908 4At1xdI 32287 UxeKUTN 80260 uKjlQx2Ys,success
1778883087,create record thing 624 b584 71771 alXvT8 35531 rQ2yiHHJsU,success
1778883087,create record thing 74 e5rTR 48993 DJmwhRKGC 41525 d2aat,success
1778883087,create record thing 664 BOAFd 69250 xdgRDptKu6 32790 AHkgX,success
1778883087,create record thing 700 XeCcPNt 39477 uCdNO 301 1YOpY,success
1778883087,create record thing 971 xqRm 52985 dmlF 43940 QuRP4irfr,success
1778883087,create record thing 274 bzctp 96801 Jb8y3mTi 17784 ic9o8iPcxO,success
1778883087,create record thing 687 7TU0 14925 mHmJlNwG7h 28138 pLu1Q,success
1778883087,create record thing 215 hsFsXL 56124 aqFAqUTKwB 59482 PM1pPIMkD,success
1778883087,create record thing 364 wZfQ9 52990 YIeE37 48461 pNd4zgD9nz,success
1778883087,create record thing 380 Rj2W65yS 87414 uIRRz 99862 2J3Ujm4Uy,success
1778883087,create record thing 167 jgDjCN56 97641 Hnq6rIFAP 3425 WyHsDNM,success
1778883087,create record thing 374 3HOzvn6fyW 85954 RfpEm 17144 dQWV6qM,success
1778883087,create record thing 855 DISIiTJh88 52197 mVWBlNZU9N 50934 Rvz4lgi51K,success
1778883087,create record thing 651 ayJFP9 14396 NRxsC 81319 BPz3nuL,success
1778883087,create record thing 465 gykW 74870 hWpL 95863 cUmo8n4z,success
1778883087,create record thing 955 OmQHgcI 90617 fdeALc 32905 fy8JSPfb,success
1778883087,create record thing 948 t3k4jI205z 71341 UeMc 38270 h0mFU,success
1778883087,create record thing 104 sqjdte 8045 D9fZ5g5xe 62986 12Xh,success
1778883087,create record thing 888 WgQ5Y 17741 4Pa8GX 11569 fiH0si,success
1778883087,create record thing 979 5e5nB0w 49881 1leI7c 83512 s8OxW9k,success
1778883087,create record thing 876 jv2eo5ndL 56799 leHYu9kOT 9837 iwEY,success
1778883087,create record thing 82 CHRrG4ALF 78365 8bg9R 44660 B64mwF2,success
1778883087,create record thing 297 9BSCyiOzbx 1047 bcs95gn 49554 O71qWFWg,success
1778883087,create record thing 792 aNYz 78578 P9Xg 17770 iDkFgvXk,success
1778883087,create record thing 234 ijkja 36401 ujl9Ksa 12093 TICX,success
1778883087,create record thing 678 xWR6v 3893 0Wm765kNK5 1003 5rN6wE8LCo,success
1778883087,create record thing 47 5be3g 37709 SusM2hVVfO 37737 IXr2hcf,success
1778883087,create record thing 72 P5nxUE4N 3268 9CKhjnOSS 32844 YyJtu,success
1778883087,create record thing 722 74WKsV 71399 rJTZLANQwj 79657 HaeduCoUx3,success
1778883087,create record thing 197 yiz5 54821 Is3dwNFmS 80735 jLyqCZ1l,success
1778883087,create record thing 592 2arlU3ksab 10487 RtSv6yg 70068 tr75xZ,success
1778883087,create record thing 371 Yarwd9nO 81341 uLw50tHYGo 36639 4iAl,success
1778883087,create record thing 883 MfjE6LZbf 60818 5khQK3xn 649 nhwcn0K,success
1778883087,create record thing 907 cG6wlcfK 13925 opxnLfdd 2841 ROAxl,success
1778883087,create record thing 634 xSrEFw 78604 aB9Yia 45105 XnUfxMCWV,success
1778883087,create record thing 644 urTZBW 15501 sUmM45P8 56086 SvvOOVe,success
1778883087,create record thing 850 WjfR 42094 HzeSdie 14926 DH5bNDA,success
1778883087,create record thing 301 pjQhwj 18095 YGrFz4f 37495 jtbbUCu4JH,success
1778883087,create record thing 566 jpRmqvOFx 80295 hD7Sg 86390 mQzJ2vnG,success
1778883087,create record thing 81 fWPb 50834 vRylBXn3di 23996 tv74EZ,success
1778883087,create record thing 388 y5xDzGFKj 36527 XrwhtMt7J8 54893 x51iP1,success
1778883087,create record thing 128 hBzELotbBW 33738 21eJs1O3l 25674 3C9Q0P,success
1778883087,create record thing 550 a48SC2x1s 85909 CmOG 12269 CQ69ip,success
1778883087,create record thing 471 N2Q5Rqd 51735 yTamNP0 68186 mg92Zb6,success
1778883087,create record thing 748 3SGF 35182 yp7Hm 98662 ABJbW,success
1778883087,create record thing 45 6QLET 11245 mauPLrA4i 73700 4rSd1j,success
1778883087,create record thing 827 w145xZ82 10150 3sgv 69546 QRd2nGFNT,success
1778883087,create record thing 271 rNdd 31718 vxFe 27993 uGOrODCvdc,success
1778883087,create record thing 619 a5Gtrg0Bq 11955 c3WOzLRO 26765 RBgFy8G,success
1778883087,create record thing 353 gJDZBJS 26471 mzDctb8Hx 33499 NevuRH,success
1778883087,create record thing 868 wopOV 66739 ryOf4 91802 ucQHqAH,success
1778883087,create record thing 368 1a2mjFm3 60558 DxKYn 41504 NYSk,success
1778883087,create record thing 100 2wsgo 71351 Y6a45hS 1045 CZISkDDCU,success
1778883087,create record thing 390 h2FihTO5mW 8058 BfeZ 93890 rlPE37vO0Q,success
1778883087,create record thing 95 9fM5SAh 75972 NgwLvyVz 5333 LQGorqbS,success
1778883087,create record thing 991 kZriP 89410 wWM7lZJVp 81758 abQDpdhEN,success
1778883087,create record thing 345 f6cR 5748 yZja 66049 ivJm,success
1778883087,create record thing 782 04L14m 41765 FSw3Lg 74770 Dfpp3Fz,success
1778883087,create record thing 221 yrZYbm66Q 86166 AjGtHq3 21816 EhaYQTOby,success
1778883087,create record thing 160 fPxb 11274 bVrZEh7m 7473 Rmo304xSZ,success
1778883087,create record thing 965 YfdSK 68986 KoIGTYtZ7k 84370 u7dH6,success
1778883087,create record thing 349 lQMo5RNzfV 51630 HNFYi 17970 NGv9VsCRp,success
1778883087,create record thing 984 024n91f 45724 InWp1A5LM 38039 fKhtP,success
1778883087,create record thing 715 o9TwbTzE 62775 1FD1hGYn5 56681 GPwfO2Wk,success
1778883087,create record thing 164 kjAAFQa 91650 mNfyYkINP 93601 7asKYJgu,success
1778883087,create record thing 826 DCA8ZxbZ 73012 7Gt546 38129 Vg6y,success
1778883087,create record thing 778 IleZK6v 51967 XHBO0t 56168 dOVa,success
1778883087,create record thing 7 lqRl6I3v 60693 MNVK 2361 g2va,success
1778883087,create record thing 891 FZcrJ8yNv 23744 olLYN 2054 kcWEm6Y,success
1778883087,create record thing 829 kxSiRJwDXN 3261 YEWfNryPL 53478 WEdx3Wws6,success
1778883087,create record thing 285 pSrO3 70314 Zv2mUqmsT 29968 6vHAjzEAy,success
1778883087,create record thing 604 GobPCw 61734 53sj 85255 VLnZpp8,success
1778883087,create record thing 460 9Q1bbSs 7808 9bkqCT 1073 Cr4V,success
1778883087,create record thing 226 mcCoT40KqW 45266 MQo5diIvv 88681 QNsvO,success
1778883087,create record thing 430 fnoe4KVQ 89724 ZUMZu 10311 S4govb9kw2,success
1778883087,create record thing 987 qI0xlPgdwn 25223 Svs7qU8X 82026 KueP,success
1778883087,create record thing 719 vwUnCb 54772 DHgCp 32791 f00PZxA,success
1778883087,create record thing 666 VUVpgUbph 85852 yaMdJfZ 31522 WoMu,success
1778883087,create record thing 734 BEdu 93359 SYH4hP 94840 BPgkVro,success
1778883087,create record thing 204 GI7tv6OOdw 31757 scQIWop 17368 wxxlLgu,success
1778883087,create record thing 575 brq3GROp 80614 nX2Q1P 76710 DQgajK6,success
1778883087,create record thing 28 LyWvdC1 66746 0iMU 95833 EYjgIy3W,success
1778883087,create record thing 617 nCWhbiF 59142 aNvKMTx 25755 pta9,success
1778883087,create record thing 518 iOUG 73460 Icn6N2k 41446 yVcOcaWW,success
1778883087,create record thing 239 zQQseS 19162 WHfep 72018 ikdUgpxgt,success
1778883087,create record thing 224 aoOkX 22781 VTQe 98600 xhWzzaHPQ,success
1778883087,create record thing 96 6DpxaUKsE 63195 cbipS 6600 4CAqwXX,success
1778883087,create record thing 31 HLgnaxV2K 10551 qNw5ADMv 51050 hlAeBTYQPF,success
1778883087,create record thing 33 iAKyiyZ5Bn 3310 wmgH0D 37551 9kiQ5Vrxes,success
1778883087,create record thing 433 2kATa6g 59910 WQkPxso 78769 9Tm5qbp,success
1778883087,create record thing 605 x8yFDb 49467 I7arnQ5o 95543 Qev8U,success
1778883087,create record thing 90 WR6hN 63249 xLrc 34632 x6if,success
1778883087,create record thing 559 ChjDGbHB 76465 9ydZuBLWTO 75569 3KBLt5i,success
1778883087,create record thing 914 hr0X9wT 72468 Hg68AENQ 92611 zp9mfK,success
1778883087,create record thing 759 ZBl1zz 39988 zEIeJ3GQ 77329 KKy8kcVNa,success
1778883087,create record thing 693 AElQ 22510 yXQA 15798 ZeMGqc0tLd,success
1778883087,create record thing 105 PLUxWFv 55194 1Q4HZj09nN 19070 W3gYeL,success
1778883087,create record thing 755 lI2N04ZZ1 23527 Y9Rz 4891 RyJq,success
1778883087,create record thing 143 gmVpot 28524 dp3XLGTWMO 56183 PwWHirTIU,success
1778883087,create record thing 229 1RCN3u65 54858 Fem7D5C 62681 iDosa5sOO,success
1778883087,create record thing 251 0qQGXSYdP 32195 TAta3 13091 XrkVI0j9b,success
1778883087,create record thing 282 rYUaLBv3f 87596 FO8zqLJgE 25218 HR3CtZi0,success
1778883087,create record thing 760 QMFZ 50533 e3WbmxMlJ9 4618 7oxxK6Akk,success
1778883087,create record thing 26 oHfpZM 71010 ULbMoXhO1s 49616 PFlzmsG,success
1778883087,create record thing 115 oomw6Tx3 33344 cAYYkpIxM 17504 ubqvZJv8,success
1778883087,create record thing 655 I4GMxq9DNa 74621 YL7rmL0 61646 uqhImcK,success
1778883087,range_search thing id 603 777,success
1778883087,range_search thing id 281 420,success
1778883087,range_search thing id 564 824,success
1778883087,range_search thing id 973 987,success
1778883087,range_search thing id 218 499,success
1778883087,range_search thing id 292 917,success
1778883087,range_search thing id 661 866,success
1778883087,range_search thing id 683 876,success
1778883087,range_search thing id 529 751,success
1778883087,range_search thing id 441 901,success
1778883087,range_search thing id 604 879,success
1778883087,range_search thing id 626 922,success
1778883087,range_search thing id 265 732,success
1778883087,range_search thing id 17 435,success
1778883087,range_search thing id 718 772,success
1778883087,range_search thing id 469 491,success
1778883087,range_search thing id 894 949,success
1778883087,range_search thing id 599 625,success
1778883088,range_search thing id 88 954,success
1778883088,range_search thing id 268 904,success
1778883088,range_search thing id 451 535,success
1778883088,range_search thing id 83 109,success
1778883088,range_search thing id 987 999,success
1778883088,range_search thing id 221 757,success
1778883088,range_search thing id 267 1000,success
1778883088,range_search thing id 955 983,success
1778883088,range_search thing id 106 450,success
1778883088,range_search thing id 402 893,success
1778883088,range_search thing id 850 941,success
1778883088,range_search thing id 429 871,success
1778883088,range_search thing id 746 829,success
1778883088,range_search thing id 1 669,success
1778883088,range_search thing id 347 425,success
1778883088,range_search thing id 556 928,success
1778883088,range_search thing id 518 734,success
1778883088,range_search thing id 967 968,success
1778883088,range_search thing id 703 752,success
1778883088,range_search thing id 394 897,success
1778883088,range_search thing id 679 828,success
1778883088,range_search thing id 268 844,success
1778883088,range_search thing id 909 996,success
1778883088,range_search thing id 186 395,success
1778883088,range_search thing id 291 503,success
1778883088,range_search thing id 993 998,success
1778883088,range_search thing id 626 953,success
1778883088,range_search thing id 446 975,success
1778883088,range_search thing id 336 355,success
1778883088,range_search thing id 905 940,success
1778883088,range_search thing id 332 349,success
1778883088,range_search thing id 662 833,success
1778883088,range_search thing id 801 905,success
1778883088,range_search thing id 419 653,success
1778883088,range_search thing id 497 672,success
1778883088,range_search thing id 319 365,success
1778883088,range_search thing id 139 983,success
1778883088,range_search thing id 730 865,success
1778883088,range_search thing id 923 945,success
1778883088,range_search thing id 815 958,success
1778883088,range_search thing id 446 519,success
1778883088,range_search thing id 483 654,success
1778883088,range_search thing id 922 964,success
1778883088,range_search thing id 821 935,success
1778883088,range_search thing id 128 435,success
1778883088,range_search thing id 982 983,success
1778883088,range_search thing id 865 898,success
1778883088,range_search thing id 339 396,success
1778883088,range_search thing id 883 970,success
1778883088,range_search thing id 880 910,success
1778883088,range_search thing id 552 717,success
1778883088,range_search thing id 893 983,success
1778883088,range_search thing id 503 722,success
1778883088,range_search thing id 763 807,success
1778883088,range_search thing id 774 870,success
1778883088,range_search thing id 896 934,success
1778883088,range_search thing id 527 931,success
1778883088,range_search thing id 74 718,success
1778883088,range_search thing id 422 677,success
1778883088,range_search thing id 530 861,success
1778883088,range_search thing id 295 881,success
1778883088,range_search thing id 251 667,success
1778883088,range_search thing id 881 952,success
1778883088,range_search thing id 890 896,success
1778883088,range_search thing id 688 885,success
1778883088,range_search thing id 201 531,success
1778883088,range_search thing id 525 704,success
1778883088,range_search thing id 227 246,success
1778883088,range_search thing id 738 781,success
1778883088,range_search thing id 23 811,success
1778883088,range_search thing id 82 952,success
1778883088,range_search thing id 783 819,success
1778883088,range_search thing id 450 836,success
1778883088,range_search thing id 616 786,success
1778883088,range_search thing id 87 912,success
1778883088,range_search thing id 626 958,success
1778883088,range_search thing id 214 215,success
1778883088,range_search thing id 778 853,success
1778883088,range_search thing id 659 916,success
1778883088,range_search thing id 881 928,success
1778883088,range_search thing id 151 876,success
1778883088,range_search thing id 502 737,success
1778883088,stats,success
1779021044,create type thing 6 1 id int name str score int city str age int note str,success
1779021044,create record thing 777 BKsoRRC 90096 5WMO5 55723 HO4Z,success
1779021044,create record thing 508 dXKZ 37828 hQR6FEe 5224 TLboP1K,success
1779021044,create record thing 896 9Pqc 99125 DO4lK 83202 EfvuP1uRr6,success
1779021044,create record thing 923 VcfphV1Za1 60552 dGMEBdq 17172 BRh8Lo,success
1779021044,create record thing 34 tazn0 14871 6Oj5sRz 63242 pIx5F21,success
1779021044,create record thing 484 V0vWqa 95164 ZJO1BE 43573 Vx518ox1,success
1779021044,create record thing 86 cURYxPY 19936 7h7ug0g 59890 SzOj,success
1779021044,create record thing 751 WqMyeuP 69942 7M3EHMo 89705 9UAgN2,success
1779021044,create record thing 355 ksbudwA 32007 zQlkLxQE 76435 oNCP3,success
1779021044,create record thing 524 3QjBvKN 55615 p0mxDoJJ9 38696 8OrJ,success
1779021044,create record thing 185 W84UZ3WoX 28705 lpUVQigMc 57779 JTfs,success
1779021044,create record thing 810 zmW2wFqk4 63156 s1XDeUnPPy 73048 fyqhwU,success
1779021044,create record thing 419 KY6gob 73584 4ndZ4s 53516 i6sE,success
1779021044,create record thing 616 oHyx 97404 6zUjzgEz6 4288 wB61gQH8w,success
1779021044,create record thing 683 r86ZfnN 2799 WphJ 8992 Vmn1uj3a1i,success
1779021044,create record thing 502 HXg1i 46955 WKaqhAhdBw 77812 CnMT,success
1779021044,create record thing 761 OsNb90AgSB 10589 LerNHu 78301 sFAXhO2I,success
1779021044,create record thing 50 nBovCzfAPx 20006 5eZffTYIK 73608 uhvPU1S8,success
1779021044,create record thing 733 tgFjD0vI 15058 roAIVMPILO 90894 bqV5vl,success
1779021044,create record thing 337 JyiNb 97794 nAvwSWJf 6895 jMPqP,success
1779021044,create record thing 451 LznFvgQ 77743 Gtn9dm6 17987 puaUkxRFZX,success
1779021044,create record thing 791 yUBC 10205 tAzNrz7k6C 90388 f0pKGy,success
1779021044,create record thing 351 UnWeNG 25415 vTYYojmLVO 23218 MCIJQ2N9u8,success
1779021044,create record thing 468 jeBsrd 66497 tCdZ 10057 11MFCIX3B,success
1779021044,create record thing 623 JlLF7BYZ8f 84689 cR9GL 47696 4yWQdN,success
1779021044,create record thing 477 efQrSO 78997 jfP4tOPhRf 73259 NuhR694,success
1779021044,create record thing 615 OAww 23627 vVl9j 38770 WFHTGP2MLj,success
1779021044,create record thing 555 ZVYkB 53852 PoBrUB 69993 tYDZw,success
1779021044,create record thing 366 9CrxG7YX 18140 pN2Ig00rVq 67286 Zf4Y2,success
1779021044,create record thing 771 zyxx 10696 ntgSuj 5020 4DZVDM,success
1779021044,create record thing 631 bnj6 79807 AWohoNMd 65513 HNJSsavJ,success
1779021044,create record thing 941 Pf8eG 66496 9IyDN8pbWv 96068 MVTucHYkW,success
1779021044,create record thing 798 8DliS6c 26422 X2tt 52196 HpUlwW1uhw,success
1779021044,create record thing 497 U3x8EE5 68062 XTeLYH 42101 eOtL,success
1779021044,create record thing 925 kBBT4MA 83816 6eNwXQ7iLW 4561 eWwxJ,success
1779021044,create record thing 370 jBwBeiwt 36528 7blG4 15435 WRnLR9,success
1779021044,create record thing 597 h0C3B 11506 Q0tveH30S5 83584 XFhmi,success
1779021044,create record thing 721 EwJC8i2eyS 62739 zzJhteCG 16821 WNl7A4dhjk,success
1779021044,create record thing 54 5n6Gre 25729 7rMMfNKKk 81851 3u5c1f6Vq,success
1779021044,create record thing 427 VzNEM 37967 7DXQsedBE 26741 LtST18,success
1779021044,create record thing 57 VFgoh 58929 id61z 20932 uJtVEFEtb6,success
1779021044,create record thing 265 CoKdrL0P 37453 agiqwzcd 73638 wrxBI,success
1779021044,create record thing 773 9Qh8yXv6Um 66731 FciuDCL 67568 uMk9T,success
1779021044,create record thing 186 KFFEID 2180 ugzt32 82478 LqO8,success
1779021044,create record thing 467 JSKkMM0j 89224 b6gbt 19848 QzW52Td,success
1779021044,create record thing 790 GI9Dx 22699 4vvVSNQ 79963 lpIn8sr,success
1779021044,create record thing 175 QEDI5 94589 rJH3yv 19198 c7e5OU,success
1779021044,create record thing 151 mH5Ri 80698 KpPGNdzSg 18018 78jO,success
1779021044,create record thing 742 Dm7tO4f 75252 HS64k 23040 9yE6,success
1779021044,create record thing 114 52aJg8r9HE 17589 FqYuTOSaus 88395 lLNzAuyf8D,success
1779021044,create record thing 429 axBqu 76344 JqwoPCjQ5 92216 th4sMnijUL,success
1779021044,create record thing 966 R4UXZVQ 78094 WGGw4gZ3mH 21566 0BQSE3,success
1779021044,create record thing 19 YCFCdCY 94801 yYUJ 5936 vd95e5b,success
1779021044,create record thing 190 liNT7x3 58790 4xe72i1h9y 16691 8ZU8CSAxo,success
1779021044,create record thing 415 vr6SgYz 2050 mgcLR 6380 Tyon1,success
1779021044,create record thing 590 i9o4 75511 JVYo29 68321 zrIKT,success
1779021044,create record thing 667 MAE86 87994 WtzjxUD 29536 1iCdzz,success
1779021044,create record thing 764 ipmO50fS 24966 qPL2 24662 VSID1u7a67,success
1779021044,create record thing 222 UU4R 92244 yotrC 85029 tw2CXS,success
1779021044,create record thing 587 04wzInjq5J 54732 juxZEO 89764 pY7NEk,success
1779021044,create record thing 582 viHl397G0e 87584 Vz0o 92690 aFxMP,success
1779021044,create record thing 300 4OaGzbSH 37576 FRA6 23496 4GoM,success
1779021044,create record thing 639 YqyxzJ 91388 sZe9O 4152 zxDN,success
1779021044,create record thing 387 kEAWJ1fGc 27710 QJq5QrHOl0 2052 KUSye,success
1779021044,create record thing 365 IJ0PH 50311 TXQeUvgoeL 80460 yVbq9Ew6,success
1779021044,create record thing 880 lKxVspe 35123 xWjyw 11995 6BVg,success
1779021044,create record thing 335 lBIz 3442 vfLu 50493 syf3,success
1779021044,create record thing 17 Jkxis 64634 dAAEe 32990 SEMCi,success
1779021044,create record thing 203 6uMX 43193 uY18it6 26326 t78sREJ,success
1779021044,create record thing 2 urWw5 26188 9lVbT6mX 90811 YXzE,success
1779021044,create record thing 39 spjAxBLKH 90663 HXw3HNf 32536 PkLINO7uX,success
1779021044,create record thing 291 aqFG 76089 JByVKFvbg 54522 h6it,success
1779021044,create record thing 494 WGvgSCe 5856 SbvgX5TFIu 55885 ozlNAbM,success
1779021044,create record thing 248 BAanr 92243 XJXHwmhPE7 41078 yyhvCkPX,success
1779021044,create record thing 507 KPtohxiy 78174 JAEH4 22706 krl0M17E,success
1779021044,create record thing 897 Y7FEQ 54477 0EfbVsrHk 59942 UVIhhWZw,success
1779021044,create record thing 714 UVBnATOp2b 34447 1f1hYn 96680 Q1LAMWYX,success
1779021044,create record thing 892 vrHuRrq1 89037 f7W491h1pS 32447 0yiNMxeXVy,success
1779021044,create record thing 77 r6w6uaVTT 60089 PwdHnAnqZ 44270 JJEvQdgW,success
1779021044,create record thing 912 b5jC9A9 17290 s22fwfPOd 81999 TUAffn,success
1779021044,create record thing 793 ioQa 91173 Y9Aiex 95782 gt2iVUi9iG,success
1779021044,create record thing 509 Lkvn 98077 5MBn3 18351 hTvAXpNpLS,success
1779021044,create record thing 178 WQ0OsG 66784 Usd37 64865 gEKG895,success
1779021044,create record thing 843 x0AHk 61736 eKan56yrSV 55518 yNHjfe58j,success
1779021044,create record thing 201 yNZQeR 95677 op5hLdPOka 17984 aEvGYqxU2,success
1779021044,create record thing 766 2VbYqdSJe 59663 wEJwpgJS 29937 Fc1pDxj51,success
1779021044,create record thing 910 XSOnp4tZ 74912 hPdnFc 52550 21Vt,success
1779021044,create record thing 294 IamI 39834 MCKEVm3Vp 835 bHNQauV,success
1779021044,create record thing 539 0TgGoEd 18661 rco0z3CUK 66247 NyKdP,success
1779021044,create record thing 25 oqtXR 96384 tqemWK 20369 kCzH,success
1779021044,create record thing 695 mtqhjQZRcZ 42964 fpwFP 34100 9bzCUpCXia,success
1779021044,create record thing 211 WnmyQ6fK4e 8450 3Bh4Z 43456 cCkJ,success
1779021044,create record thing 425 SExAv4rBjM 80868 OE2Df 50202 zNXp9,success
1779021044,create record thing 529 X9WwHE4F 50905 ltn3Wd 61824 wKojpoHX,success
1779021044,create record thing 35 d9n0Xv00k 77662 XR4bR6 73873 Il92E,success
1779021044,create record thing 929 kcdLbD 43481 miS40ubK 18566 gGweRPKuu8,success
1779021044,create record thing 399 6X7Ok8R5W 29260 KktQhT66y 74381 ltYL,success
1779021044,create record thing 608 J6iUo8k2f 92925 N2Bqpepga 50585 T82ExHg,success
1779021044,create record thing 299 WJVnBXc 2631 qgv3je 12203 KMDb6k,success
1779021044,create record thing 849 jgmlRST 34768 rodJ0jwAs 86772 Lmbksf0ty,success
1779021044,create record thing 669 3qNyxxl 5848 BqZIjR 12675 PYzU,success
1779021044,create record thing 283 I0YzH 62236 2De3SF3X 88805 j6B6knlc,success
1779021044,create record thing 940 9A9M 77994 tTYfII 36202 C2WMGAzj,success
1779021044,create record thing 945 K7ggWW12 53856 xELcri 79777 Rc3uoU53b,success
1779021044,create record thing 607 Xt01Q8osUV 42056 TLfB4z 63499 GxdXeRzWGJ,success
1779021044,create record thing 960 lZZpC 47235 mwCy5QpEB 62204 IvZqZfbd,success
1779021044,create record thing 935 J71OQqzbWV 1166 4OLapXs 92978 r30CnsGMK,success
1779021044,create record thing 732 FP0x 84848 Lsgd9N1q 93204 sjV3XXLOQ,success
1779021044,create record thing 288 bEs4zTK9Y 44979 SQND6wskO 73170 sDTSI,success
1779021044,create record thing 528 63Onn 40250 Wuqs0D1 76490 6e3F1xsd,success
1779021044,create record thing 808 j9v939i1lf 43598 9tdCmVJjW 11539 MNz7x,success
1779021044,create record thing 230 HT63 99201 GbaTo2tgFs 8557 c6CGGAQi9E,success
1779021044,create record thing 437 l64zoTiTKk 48049 Oc2pHd9PO 2587 QzxH,success
1779021044,create record thing 29 RmQaAgG 81631 Rz3FMrWE 79823 WZ8wz,success
1779021044,create record thing 375 cEm5u 358 P4ZP 19548 WeS4,success
1779021044,create record thing 820 o9sCgkcsX 40987 TfVc0Pk 46861 7qTxvhy,success
1779021044,create record thing 317 qx0XOXh 91248 d6jzKXQlx 47002 bQZ8i5hz,success
1779021044,create record thing 561 dOa1 68788 USn72GQMAT 63167 PNjZ3M,success
1779021044,create record thing 242 Nj00 21679 Utur 66444 IxYeB,success
1779021044,create record thing 150 B1BhEOgz 73024 afLMsFmP 44676 ZY0uVL,success
1779021044,create record thing 517 OShVnvZ7s 68417 RckiSS 14019 Ll5yCW,success
1779021044,create record thing 418 uUcNPh3CK 66086 7aTIA 76692 5W4QkYg,success
1779021044,create record thing 661 L2Fx84Vq7 38557 XiL2F0H 41144 TInnSQ5iS,success
1779021044,create record thing 199 FRthv 62963 JPzU0r0Y 68515 bjPm,success
1779021044,create record thing 586 W8QjdWmHwC 80754 PInOyFXRQc 50014 zWQ7dUm,success
1779021044,create record thing 326 W1Z4ROUHLW 25362 B8e7Th 5326 rqj0aC6,success
1779021044,create record thing 824 jud5 80689 PEJwWtnleF 54516 HfnnuwnU,success
1779021044,create record thing 703 DIUOhvoN 81412 7Qt46 50577 Hr4YxX,success
1779021044,create record thing 950 EsOtff8 70513 aePV1AgH 92109 WO6UjCufd,success
1779021044,create record thing 516 peY4zBztyh 773 SdUc0wFrQ 79503 r5xY,success
1779021044,create record thing 865 DHiy 71529 7iP4XT 48906 IIha,success
1779021044,create record thing 837 yHfnTTn4 67181 jnZml 74356 dU9INePpmJ,success
1779021044,create record thing 878 wPorel 63682 uOQjJY7 22103 tWSN,success
1779021044,create record thing 360 0iT2Cw 40038 IkL01iH 34502 2eebFbKzK,success
1779021044,create record thing 595 IH9D 19481 y3K1iF 11869 wao78QU,success
1779021044,create record thing 789 Bl6O7 96458 DwnEdwcm4 47349 DCc8uRG,success
1779021044,create record thing 189 qTJJxxK3ep 29215 zYvX3a2B 30145 Frjj,success
1779021044,create record thing 67 ShoYSDDn 21134 ZbcJjNcJd 33850 Gz8N2,success
1779021044,create record thing 356 PrfB91kZL 76368 VMFkQ5Kexi 2170 G4QZL,success
1779021044,create record thing 800 DMcWF 15403 DiLZ 88940 AA2RA6DVv,success
1779021044,create record thing 903 TVRgiDo1r2 53562 lRWJha 85792 QtwjO,success
1779021044,create record thing 921 qHJL9y 26698 IIlID9J 92470 T1OUBRk,success
1779021044,create record thing 943 FWXMQ 6822 yNXZD 78675 fqwLS5y,success
1779021044,create record thing 331 GSL6YNBmO 67915 mWFRMP 47151 O8fry,success
1779021044,create record thing 728 yKGTefrZ4 45625 7rLm5J 34223 zges6,success
1779021044,create record thing 397 FpHXpBxDpv 60142 CKbheN9Po 41383 7GaZpfP,success
1779021044,create record thing 464 vIltnJlU5l 96614 opqoZ 81080 jg5PPM,success
1779021044,create record thing 394 170xt32Jrl 66995 yUhGA6 4268 v1WChGta,success
1779021044,create record thing 312 nKuLqIoDM 47962 EnRx0 36651 liJogqo,success
1779021044,create record thing 681 1mXTDaA 17625 NHtEp1cgkn 33330 0fUqwIY,success
1779021044,create record thing 745 bh17mJ 85082 kWwPET3x 37555 NikYuNJ,success
1779021044,create record thing 922 4evtOSLy3W 47600 K7zlbTP6R 10494 kgd2I,success
1779021044,create record thing 462 VG9g 81015 f5yoT 58085 hGkcw41C1,success
1779021044,create record thing 523 Ii6HKC 98161 2ANH4Doft 54028 jaGVir,success
1779021044,create record thing 632 a56DaAso 946 xzIykTyx 34469 AoV4,success
1779021044,create record thing 491 RqOGqleigC 59345 REtj8b 13405 qSTojE,success
1779021044,create record thing 196 AWExRb 10515 UjqyHl3pxa 93674 x8p9m,success
1779021044,create record thing 257 VG8DQtuNc 72034 hDswdP8o 56906 aXKyp8,success
1779021044,create record thing 694 WDKxfjfM 99557 dwjHgEtIN 45523 3TbxSpcRIH,success
1779021044,create record thing 741 llvTrZ4 72682 ejsqw 94 Nxlb1WoSOH,success
1779021044,create record thing 578 lQVjrzt 12616 Oc6lbglb 84115 yEMKdnSa5O,success
1779021044,create record thing 158 eXdI6zwRZq 5328 es67gSGlG 32605 MlUzgNwC,success
1779021044,create record thing 613 AgXIFOHL5 41307 9uxVATLI 28039 V5p7ByT,success
1779021044,create record thing 393 KG9ssn 41275 V6Y4 67013 JJfCjq3p,success
1779021044,create record thing 970 Yfy4TS 63246 E3RYf 84181 cYxW5u,success
1779021044,create record thing 689 A5hVU05NNd 68731 tJuR 20079 P98U,success
1779021044,create record thing 362 FnryifJd 52322 fFViiI 63944 OmMTpeW,success
1779021044,create record thing 817 QJgzwl 45157 OVkvYXMB 30603 QjTfT,success
1779021044,create record thing 402 651Ya 90937 gBbmHmGqDT 18526 RbKPckrWM,success
1779021044,create record thing 93 C6eO 86898 4wgs2x8FS4 63525 Lfm7ISc5sE,success
1779021044,create record thing 918 jvvMo8FYM 50747 966nvyiTGQ 81988 ooj84uHmi,success
1779021044,create record thing 490 QmiQ34A4 19025 54tI6ht2T 41771 7sUYNTj,success
1779021044,create record thing 452 glVLq 74323 ooQwQDFL 93325 x0EilbVaq,success
1779021044,create record thing 252 nPmmk7B 80879 Q13AWLZ 94398 y6JHNR,success
1779021044,create record thing 654 GBZc 32207 H8cyV7lB 39918 ZCAMdGiZCS,success
1779021044,create record thing 770 lK3H 51520 ubC332f 42477 OSkTfRNfR,success
1779021044,create record thing 671 XF6xxV4JO 19672 1lSAt 58491 MhimMp,success
1779021044,create record thing 130 EEYLEnO 59472 BLa2rMY 27215 ldvj,success
1779021044,create record thing 638 PZs5 6426 zlPL 90638 KWkCJ5fsw,success
1779021044,create record thing 992 YV0eDh1 43150 znmdJ8Gf 94905 LWRA0qJM5,success
1779021044,create record thing 343 IGNElLR8 207 bMh0 80649 zuINamr,success
1779021044,create record thing 309 esIVhuyJ7Z 25430 Z5DDci 20366 C13CY5dGJ,success
1779021044,create record thing 137 tHmQX3v8r 4085 8M0JyK 98505 RtbzEo,success
1779021044,create record thing 89 ZsGkxcm 12137 FX4jvD2 40679 uVg8G9mcy1,success
1779021044,create record thing 328 a5QK 11413 CcGOtJ 40913 3tlrtBhjq,success
1779021044,create record thing 476 7IgH 72006 q6XJkt 44399 BiDPgdAl,success
1779021044,create record thing 982 3NQBwumV 69924 8UCi 91566 gtNVD6i,success
1779021044,create record thing 851 pwl4u1uE 8567 gD0rvJF 53174 SgIesCKopj,success
1779021044,create record thing 893 xvYKWAW 71372 oPe5JEKCI 58355 tzLQK,success
1779021044,create record thing 376 xEOfY34Naj 19558 GyJmQtJ 89071 46S49K,success
1779021044,create record thing 179 9zhswIdR 47086 11oR 51677 txxHPDlx5,success
1779021044,create record thing 27 zr2haOi2O8 17796 iX13 91146 5MCAYxnA,success
1779021044,create record thing 350 J0oF 53849 JccDwJ7e 95706 G1UrGGLpN,success
1779021044,create record thing 500 7eNXtdvWD 67195 Juv8skR 78333 sWqNJJOsT,success
1779021044,create record thing 475 rfF0 36418 ir1agk 77564 jBYqREX1v,success
1779021044,create record thing 618 7KYZ 98665 VoBNnTv 84182 UhkysU,success
1779021044,create record thing 698 5oQyqGArXx 41377 Qc4N7A41 43904 qgOyVU,success
1779021044,create record thing 51 PVGQ9taae 53903 GQvS 33016 cMdK3,success
1779021044,create record thing 212 6NRh1 17027 O3J73Rp 61204 6N5rA4Vuk,success
1779021044,create record thing 382 rdy9 33847 qBE5LlEiVn 84323 4Sge,success
1779021044,create record thing 884 TWbEOacy 19871 uyaRVDzTY 9188 oxQWhH9u,success
1779021044,create record thing 174 yN7fH7 10545 CVOkcxlR3N 47089 fNTilSK,success
1779021044,create record thing 148 yXNE7Y7 2151 vuSz 27745 OG61HToeTE,success
1779021044,create record thing 420 D4cR 17109 kdtX 59793 kKYgEXnX,success
1779021044,create record thing 962 uZTyhQH 42151 7nckdqUkwk 31934 cg0LWaEa,success
1779021044,create record thing 149 5RKrQ 62391 hiqBokQKS 80222 MWva,success
1779021044,create record thing 976 l98M1 70742 nVOrmXQ8 62182 kPcNrAu,success
1779021044,create record thing 80 3CgdHjbFeo 58303 JzU3ogoo 54079 m3eKdBnLlx,success
1779021044,create record thing 776 SN8mhQd 17891 0Ckv 38687 jX74JIoz,success
1779021044,create record thing 303 E9KZrTTp 42899 J3KjJa8 5250 TFAyYRg,success
1779021044,create record thing 996 oIaT6is 84887 aPkC 74760 K8CiRl2MR,success
1779021044,create record thing 526 1e3u 4287 Aq6HXW 10611 2Td6P3gw,success
1779021044,create record thing 775 cwORIViu 70730 OTU2 92123 UVt3F,success
1779021044,create record thing 232 rdvEGhS 88907 HsMX6Y6e3C 10508 3r7grRE,success
1779021044,create record thing 626 m7bzQ5DATb 24780 bXZG 44024 JOWEPGI,success
1779021044,create record thing 801 siWkqE8 6202 vCk5S 37387 80QPj,success
1779021044,create record thing 562 h9JBw 26890 RP8jB8Hh 3266 5V65j8H,success
1779021044,create record thing 510 uRDr68Jj 74086 4BQT3iIty 28883 wuLmGWV,success
1779021044,create record thing 841 bHBPf 67081 mtL64wj 56051 xavtBI,success
1779021044,create record thing 495 TB9Xr 95420 TzZLis9 68852 e7Ufz4,success
1779021044,create record thing 120 kCJ4mZr 64302 ZsKE 96974 nXjsNNh,success
1779021044,create record thing 478 3zEQphr9e 97722 KJ1MDR 15674 FJ0kdt,success
1779021044,create record thing 145 ikqA4wrG6 67353 VlfUH 41446 0XqRwHviir,success
1779021044,create record thing 30 Ev4gjnl3MZ 68898 GIUhCeY5Dt 47522 Y3LVv,success
1779021044,create record thing 911 sUhhRQtn8 55680 VgbEAmcOK 61483 4csa,success
1779021044,create record thing 122 W5m3 24219 vf066vjFT 31696 JgJanlr3,success
1779021044,create record thing 606 aS550DRl 88280 lvxn 29825 g9hgiVR,success
1779021044,create record thing 62 SfExCTQ0 29605 z9A13X6w 1675 EgBOfiyKg,success
1779021044,create record thing 872 e8uK9 16090 ZSrSK 35779 WNyDLzErVg,success
1779021044,create record thing 573 Eo6bTZ 65291 blLusMVOG 64512 CsEFHYHbV9,success
1779021044,create record thing 6 xtxC 4306 I1sRE 17627 SEgPOQ,success
1779021044,create record thing 927 DIjdqKxP 37281 dKhwYK 81940 xA9zdp,success
1779021044,create record thing 640 OK4es 44249 buC1J 55203 bDbtJt,success
1779021044,create record thing 440 YgPu 65898 VvMwBE0W0H 37664 c9yoUf,success
1779021044,create record thing 730 JKqJGAveZF 39309 PtzpFPH 2438 R1Jn7UC6H,success
1779021044,create record thing 194 045TdmCo 97836 V0z14N0qr 21048 QoojbX,success
1779021044,create record thing 753 CIBOcj 17882 qXOk 5535 Eb1fL13zw,success
1779021044,create record thing 627 2y00oJFhP 76076 5p2ohYuKyU 30924 ngnrz1d,success
1779021044,create record thing 572 x6tAQ726 47578 SYb7L0P 7166 4PpxNR3QH,success
1779021044,create record thing 18 1y4y8 33493 fZon34 82752 2Vzc1Z,success
1779021044,create record thing 743 Dz0S2YZ 91551 FvLYTC 3584 dNNXiyMtfj,success
1779021044,create record thing 915 SVOiKz6B 96360 qQZXm 54328 l262n6,success
1779021044,create record thing 511 OM48mRky 56217 qfw6hSA5 59468 PhSl1WrEi1,success
1779021044,create record thing 574 nZTllXb8 30865 BpKOfD28 52108 nxALeId5D,success
1779021044,create record thing 139 967LUc 33247 Msyw8IJq 66027 52itGih,success
1779021044,create record thing 192 8E8r 47263 r2MVqt3 41358 9Vj0OXdjo,success
1779021044,create record thing 5 DkCh 64868 B9IC 14744 SjvmrZUYIP,success
1779021044,create record thing 444 K8GJz 10070 VP3bQ 89212 yK6Z,success
1779021044,create record thing 21 bCRDM 35300 OucMC694 74600 ndNud,success
1779021044,create record thing 214 HLfp 31467 1f0kWrUOhE 56670 XtQiPZFE2,success
1779021044,create record thing 65 qLfAwlN 12182 F8PO 93537 5GOfD,success
1779021044,create record thing 412 4Djh 39375 pAJI4FFzCS 33211 pfFhPl,success
1779021044,create record thing 302 0czRt 94908 UBYv4Yn 10252 8qPAbyaOC,success
1779021044,create record thing 334 17LEM8w 88316 PXfilYRlb 63060 io01HfVjA,success
1779021044,create record thing 193 kjR7 61799 1KmJ 51345 ug0A,success
1779021044,create record thing 665 0TKIsEE 77468 LQYESGAtd 84974 3hMOBBk,success
1779021044,create record thing 263 lvon4vL0O 17191 Syz6Ow 61908 8kmQfDkjEX,success
1779021044,create record thing 648 smcb2wj 65991 Yuho 73660 E9WVV,success
1779021044,create record thing 811 qjQFPR5B 59917 U8WL1gIFkh 26920 jsBFTg,success
1779021044,create record thing 233 wYhm8VaZD 37585 kqSzNpUG 29908 XzzC0,success
1779021044,create record thing 796 Q6BVSGeuyV 56894 yc5j 75308 88X2,success
1779021044,create record thing 682 z2R2St 45109 Z3Lj 52944 N3MMBvY,success
1779021044,create record thing 805 zmscuSTh9 37214 fIGUj 3655 HqZsAFT0qF,success
1779021044,create record thing 483 cOhs 96581 C8X9 74133 3MHKvrWSP,success
1779021044,create record thing 361 xTgGlWCjA 54008 fAin 10233 PyIW2K,success
1779021044,create record thing 839 AB5E8ZihS 16958 FGRCcjI5h 53558 hJcj,success
1779021044,create record thing 237 sxsbiW 55280 6srl 96948 aHecDtC,success
1779021044,create record thing 628 WDSLVF 60415 BB1uXPzoyH 87876 TO1RJXR,success
1779021044,create record thing 958 NNf7HU7G 98377 FbOG7rm 92486 3BYLyc1bBz,success
1779021044,create record thing 583 Gxf8HrlVj7 88946 d7lSs 12942 i3p63d,success
1779021044,create record thing 273 UKEUx 15083 dCzEzo 2440 IKgVOh,success
1779021044,create record thing 202 zfNm8x9W 70455 7IcY7MO 21939 d5qp,success
1779021044,create record thing 14 xvNKFcTIs 51813 hiIrAL7tQ 44909 qUCp8vCLa,success
1779021044,create record thing 428 i5LaakIRE 51483 f2OH3YBh 49332 Lx0Y8hwlaU,success
1779021044,create record thing 240 r5wfMsSoEw 36799 4RmmYy1 74593 EIOJQJeh,success
1779021044,create record thing 85 h512 95538 r0b8QMQ2aA 88224 d6A9qQCwV,success
1779021044,create record thing 533 nrABamfJb 96658 8Aepk 40737 MfDY,success
1779021044,create record thing 173 X50pD7ZY 68114 oeLBfBh84x 90880 WdXd,success
1779021044,create record thing 290 MeQIsxfU 30554 LOaxX2Mv6W 59516 ulgKeWmJ,success
1779021044,create record thing 486 FwDMlichK 67256 Ut2Wjtvwa 76865 QdFZ1Amm4,success
1779021044,create record thing 330 elDQCQ0Jus 43072 g24E5 83724 QCnDV,success
1779021044,create record thing 684 uTml9webhs 25480 KVcbmk2Sv 72680 lb04b,success
1779021044,create record thing 319 iO2unCwxk 69065 922ei5Xlxx 78584 8pcMlHW,success
1779021044,create record thing 455 pNrhFK 64092 TWXMk 50871 2UxGlSGD7D,success
1779021044,create record thing 250 y5Kcnm1y 40107 3J6xIif 58262 vKCMACzX,success
1779021044,create record thing 847 qbBqe3 38603 FHerohwHuP 32771 UV0lLi,success
1779021044,create record thing 280 UT4asYWzzJ 85892 DFVj 52101 oUDFW,success
1779021044,create record thing 456 DYvf0A6zB0 3945 i2sTEO 46486 nAUVQs,success
1779021044,create record thing 902 bW5j7uNL 79670 18myHlgJ 59183 3fgIbQEle,success
1779021044,create record thing 762 roOedGk 53852 jgHDe71 17030 mARDL6KFQr,success
1779021044,create record thing 548 9BZL 32353 uJECcfO4 45453 0XyZ0zlMA,success
1779021044,create record thing 181 4lJy6o1 35884 HPeT34zVh 48330 UFWz,success
1779021044,create record thing 558 pFCeR 98269 xU1yah4 42875 UEeIp6iY0,success
1779021044,create record thing 629 ZLkhT 22079 PaqB 23322 S3HBc,success
1779021044,create record thing 424 YNS3ytdaV 26442 xofA9 44186 lPn2XZkkzg,success
1779021044,create record thing 844 uMM5yA 30462 guaOa 27887 nOrMc2z,success
1779021044,create record thing 11 L8gH90k7L8 91267 Q8RuN2t 87342 eb4BFTF,success
1779021044,create record thing 200 9oM3tTUMd 49089 sjmc5L6 96895 itWcXz,success
1779021044,create record thing 426 rb0upH4PpQ 94306 LxtBa 64440 7d96,success
1779021044,create record thing 535 fKZ5o 10245 StSpkpr 58755 m1D6wxDAL,success
1779021044,create record thing 32 VYXbx0V 39351 HIkxsrID 43677 Sm4a1,success
1779021044,create record thing 580 SE568xENK 53580 9h5k 57186 VUvRNw,success
1779021044,create record thing 405 O5Tp 4522 wRbPjL6jpJ 86848 khfSxR8e42,success
1779021044,create record thing 278 Zps7O 50172 tz2TfNWv 18705 U5yt9Y,success
1779021044,create record thing 445 gVzz 37793 AkliEFgJn 26337 UYl8,success
1779021044,create record thing 772 zMM1ksxrvK 62638 PgdUaK9 12693 GaL9V,success
1779021044,create record thing 373 DuAw39Y 47344 yL82Xa1yZ 18201 L1rR,success
1779021044,create record thing 723 pCQ1FOaN6t 83070 28TQoE 96889 Xv66DORg,success
1779021044,create record thing 401 smiGJ1F 16759 XsPI2kB 15162 PonUOfA,success
1779021044,create record thing 79 b5uxrSP6P 87225 5NEXu 29334 VLNxSTxN,success
1779021044,create record thing 538 7BoqsgvK 24662 6JhtxTtKl 50875 twQXGLn,success
1779021044,create record thing 576 a0tYsnQ 19323 rU0ZctFQ 35841 RDZERx8uZn,success
1779021044,create record thing 549 5nT5W1TsY 20865 HuQ9 99315 yGrRm1y,success
1779021044,create record thing 711 uX1d5 39855 OJBD3nX 25644 Ow1gW1x8Q,success
1779021044,create record thing 42 5f8ld 67559 uAjSphysK 22608 UW9PfCYxN,success
1779021044,create record thing 886 whfEPFb 75101 DRfKx9Rs 16414 uS1H,success
1779021044,create record thing 633 YbIHYEG 76640 SWhU73lL 23584 IXhh,success
1779021044,create record thing 859 OfpUf 16346 s7k8Opc6 38456 HiEt49LFQ,success
1779021044,create record thing 140 YolsZ7Lnw 16841 Mepx4yfpA 91031 HeT9R,success
1779021044,create record thing 386 SIOFk 20118 9AbLeh 14416 HeNwuq1na,success
1779021044,create record thing 457 8n7WhG2 77178 YfvJrqgctU 23681 XQWI2y,success
1779021044,create record thing 933 haFjhxTd 95082 8RpLRl9XF 36152 GS5oNfs,success
1779021044,create record thing 814 tfeT6kdUIE 1401 P5iEQPH 16343 alZaAHv,success
1779021044,create record thing 141 O596QcBk5 68618 kwivd 64947 k8uQZ01,success
1779021044,create record thing 625 ssnTJn 39953 F3530daCs 14046 vSya,success
1779021044,create record thing 321 EfFjhEj 86066 oysAlY 14246 OBiUa2R,success
1779021044,create record thing 709 lcyU 4142 P678h 64103 EQhUWyTT,success
1779021044,create record thing 458 yggbjFVoQv 78261 aDrfAMTlr 15075 qRPADWgTLl,success
1779021044,create record thing 874 KNoic95AMf 6678 zsNouDF 84393 sqrv,success
1779021044,create record thing 327 p3laOtr 36721 gl6wsgaI 17079 wYUKLo,success
1779021044,create record thing 127 nx3iUh 76881 YlBg6MsDV 69934 jhzS3V0Iv,success
1779021044,create record thing 133 BS4ez5 66043 bLRhcJXRTy 89744 18kUxWyq,success
1779021044,create record thing 818 aJKa5 67213 FSq0sqh 29350 HsN6,success
1779021044,create record thing 398 5qXNpZ 70070 avLw 10911 2qi3s9Maw,success
1779021044,create record thing 916 7k8H8WWgU 50067 pMLmBumN1 51834 BTAjD,success
1779021044,create record thing 994 ll1lETO 2758 klyLee 32145 48gGTYL,success
1779021044,create record thing 416 xgaZ5iV 35082 6LXaX 71089 Y0fiV3YtD,success
1779021044,create record thing 596 dQMhZ 13476 sFZi4bAj 85899 o2x2Zg,success
1779021044,create record thing 259 9n7re 43741 w5fc 19805 AulA3,success
1779021044,create record thing 314 sYvg4P5YS 10009 a5jOtySWDe 75739 7rf9lxt,success
1779021044,create record thing 410 D8LNi65 50224 IHEHofS 69067 WYnfwm0w,success
1779021044,create record thing 163 75dv01Y 38626 i084pZd 18061 7Rxb,success
1779021044,create record thing 305 xRPeZ1b 47873 eeJYj 23910 UURszuW,success
1779021044,create record thing 287 agdNLkjyA 59545 SpJso5qf 49487 UydyY,success
1779021044,create record thing 645 LeQDOzxd 48690 AqgwWuokg 27775 a4lm5ofJ,success
1779021044,create record thing 636 IWct 40449 8U7F 41218 ywiPu3FFWb,success
1779021044,create record thing 354 xK0rjC2fS2 89320 iS9F9LGVB 17196 sM6cSQ,success
1779021044,create record thing 69 mLejM 65211 Xi1H 11425 ft5krwf,success
1779021044,create record thing 679 SC98V 57939 568EwrzMQ 57780 FMtfzB,success
1779021044,create record thing 834 c8dXRIjgx 74728 0n2PvDH 60929 fT45,success
1779021044,create record thing 936 AydvLnThCH 61599 NtbLx 47381 ADd17QqNfe,success
1779021044,create record thing 680 f2BAn3l 7044 3A7s 26031 6DHW7B,success
1779021044,create record thing 720 JZI3mSJiP 96253 ZTa35EtXP 34446 S961NNJc,success
1779021044,create record thing 238 8AHkxv78J 1883 Yb3F1R 85054 zvZA8u5,success
1779021044,create record thing 266 AkKHx0Q 57343 rM519XgOM 53907 EU5g,success
1779021044,create record thing 91 FXP0nWI 15007 16vXC 84523 Wy6WFqOt3,success
1779021044,create record thing 836 Pa4cbX0 68021 TtkJAIyMyd 75740 hN8k4GB,success
1779021044,create record thing 863 ShhJ 51381 V4ZjtfbaVj 81015 H8JbT8NWl,success
1779021044,create record thing 55 3sHpWWVOr 18844 b91g5hiql 10142 04mgXzE,success
1779021044,create record thing 658 eQxt4Ylal 74356 Lb89EMHjT 15937 LHGVn,success
1779021044,create record thing 944 hnunT6 35073 D7vIsU 64985 FylkQ3r,success
1779021044,create record thing 407 gXKkmSA 58478 Kqtgxmv 82929 dkcFKsZN7v,success
1779021044,create record thing 381 hYAl 32154 nxit 1262 QSnJto,success
1779021044,create record thing 125 xLGg 36444 L21e3AUtt 25837 XE9A,success
1779021044,create record thing 492 CLKo 2787 bWJaCi 52797 34cN,success
1779021044,create record thing 803 DZzs 41574 veWEcs9EN4 49008 gnZi91So,success
1779021044,create record thing 901 l3w3 647 1qWg6euLY 35377 kiCh1U37z,success
1779021044,create record thing 431 PGoDErV 63269 fVSvZ 31768 O1ReEnPDx,success
1779021044,create record thing 946 gmKG1Vt 59509 jF4nw81FW 24635 rkt1,success
1779021044,create record thing 704 gCggbCqDG 46131 hIvnyA 43743 Bwdx,success
1779021044,create record thing 295 mlkrLGg 6536 pgh3JoGr2 91686 zynZQEkmN,success
1779021044,create record thing 879 KTfFRDs4o 41302 el3iaDulq 10089 Q0K8K,success
1779021044,create record thing 213 2DcbQso 65948 UWgXu 64312 vHPpCZsuG,success
1779021044,create record thing 919 13KgQTb81 86424 wbJRA 27041 f5xgqMH49,success
1779021044,create record thing 38 k4vuK6rl 75958 RZhXJXvg 1092 5jQGrIk,success
1779021044,create record thing 861 rXacrKd 40084 AOap 45903 WF7I7S,success
1779021044,create record thing 899 9mKfn 62020 pQxy43 39586 tIQtJQmi,success
1779021044,create record thing 126 mss5ClWZ 12588 GRFQw 46424 C7C4bVf,success
1779021044,create record thing 24 MspFh 71207 2d0hPCVG 7123 dZOu,success
1779021044,create record thing 840 YJQ1 15917 KFSRGI7i3 83842 jMS6XMmej2,success
1779021044,create record thing 977 gmDZBdhz 24123 o0qLBOhjbi 97596 oFRmDrgKw,success
1779021044,create record thing 102 yRgzAb 59910 IasN 86139 B4vi2Caj,success
1779021044,create record thing 116 1FvRydOv 94268 vSWrVsy4 84559 xDOJ5WG,success
1779021044,create record thing 436 RKKKZ 8856 bToP 65461 DV8YTo3k3,success
1779021044,create record thing 951 85dpcUBxNb 22815 gBiNIm 64369 QnUAGWf,success
1779021044,create record thing 121 NPmY 686 WJ1vQ7 95457 GlmZFw30X,success
1779021044,create record thing 385 AxeeWsh 30221 Lun6 32949 Re28eJ0,success
1779021044,create record thing 48 FydRgD4q 3929 uquV 18256 HT5P2,success
1779021044,create record thing 172 EXILZ 4634 86LLeI 16969 SgEnvD,success
1779021044,create record thing 318 08bdVYH1QT 72416 dVRAAiB 80694 vv4ofa,success
1779021044,create record thing 325 U3XJ9aS 7455 dBrt 78959 39iyOOe6m,success
1779021044,create record thing 881 Tw4nS6WsO 69054 tHgvz6 63728 e40GsI,success
1779021044,create record thing 264 xYi8 91533 OChEcrx 11074 rLE1,success
1779021044,create record thing 146 BnxOHOb 45587 4UuZ 34410 UnbSM1W5UY,success
1779021044,create record thing 44 ySQ16CJJ 68014 kxU5ia 89469 fpHuyM,success
1779021044,create record thing 505 qpOVat 86609 Z0Bbac 47018 NIzJe3I,success
1779021044,create record thing 87 BpWq 64871 ok2Oo 85799 lFBt,success
1779021044,create record thing 377 SdSqpQ1v 94151 LveB 66982 ouxZ,success
1779021044,create record thing 531 eArbLw8 85456 D8Mjc5 77493 gntS,success
1779021044,create record thing 985 FKvnZcTx9 10281 79J9 82617 THh2XLOG,success
1779021044,create record thing 852 qZsppV 47443 CUhoT 53729 eIewEo,success
1779021044,create record thing 346 zJZhHWzKiq 37602 tfA8JN 25965 2ahqI,success
1779021044,create record thing 404 UhcAQ9i 69377 4vyISh3 44124 LgSe564N,success
1779021044,create record thing 227 ZrDilV46f 1020 KPCtkSrV 30443 EcGGF5,success
1779021044,create record thing 988 utliYT 95811 Ar2tv 21704 rEnk,success
1779021044,create record thing 165 9U5Pim 66676 kLc3HmEYwr 74863 TGZsgR0,success
1779021044,create record thing 336 3EfirP8 10363 XTuFrNFWR 41262 A5Xt,success
1779021044,create record thing 601 IZM6MpK2nm 61618 ElEiN 11627 1UaeImlz,success
1779021044,create record thing 917 MNovG7 39334 osEXywDfg2 98954 r8uPhCthRR,success
1779021044,create record thing 473 201LQbqn0z 73696 uPzYAqdEnN 5980 Bn2HWg,success
1779021044,create record thing 448 LiH6bxWu 46229 VddnH9ZySr 21155 unT6cb,success
1779021044,create record thing 108 gyEjsoVp 35711 hWOiTqfeS 99927 zaZLjTXmL,success
1779021044,create record thing 857 WAUsCg 85989 Dsf7ID4H 32062 bEyxHgn,success
1779021044,create record thing 156 yowI 84255 uY8fk1 64200 piMDSJoV,success
1779021044,create record thing 459 zTZcQL 730 QUXHtO 42183 RF19fgR,success
1779021044,create record thing 281 haGhm1h 55598 kXEUHys 57079 S2qt3I,success
1779021044,create record thing 208 iGmMS 68076 pC65S0iG 62111 tlD9,success
1779021044,create record thing 155 tlRH 43389 dDjv 73289 valr4,success
1779021044,create record thing 588 KsMzpHO 10154 jTrqgXKV 43274 VKrY2PDk,success
1779021044,create record thing 758 on5MiDae8i 57630 PuFhIxx 62190 tGG207,success
1779021044,create record thing 986 ZS0IEWQIA 45636 bwCPT 28020 I96xlUaB,success
1779021044,create record thing 384 mKu44Faq 84832 Ny9Rqd 74996 bSDLCkUOHg,success
1779021044,create record thing 802 b3jT1i 54994 0dNdgH8mMb 88079 33k9SwaPzP,success
1779021044,create record thing 649 eZFT 11005 BrmFk 97888 ZaqvvJRJCh,success
1779021044,create record thing 807 lftM 2635 kaNC26tQ61 97964 TtxrrJzZqm,success
1779021044,create record thing 537 qBfwwV 68556 ZQk6KjJ 92037 vYXmRFZ,success
1779021044,create record thing 504 qFnnq5GNDC 42335 IO3tgw 1035 AuOg4,success
1779021044,create record thing 738 kHUBMK 91029 TDpSLDy 5259 V3FAV,success
1779021044,create record thing 560 ybF5276m 74447 iPWdfXivyC 86325 mktl1,success
1779021044,create record thing 545 fpQ0xDv 61708 QR4PZRVf 16843 ViV3YT,success
1779021044,create record thing 357 LHvP8b2 23351 owFaLyeoEc 39575 fxljtPD,success
1779021044,create record thing 207 7AkQZC 10831 Qg1Xat 75324 xCE7yVsq,success
1779021044,create record thing 889 hY4FWS08g 23440 GxPju5K 25901 YTCdrhEw,success
1779021044,create record thing 612 QpusYHlw 2296 uNKwcTp 11016 fTNAr8Qp,success
1779021044,create record thing 712 45YJcucLSY 13254 FSuNsyl 97880 SUe47X,success
1779021044,create record thing 532 qsF0pXxD 99708 rQlFcyl 37344 amWOrC,success
1779021044,create record thing 260 8tnbudrSZK 83200 uy5avvBC 97330 nRPpc07,success
1779021044,create record thing 154 E9fUGsUBC 20434 KMJzVUrU 30765 5iL0gn9,success
1779021044,create record thing 853 r1V98Ivn 78544 twg27V 41651 Hy1ECZB5,success
1779021044,create record thing 64 yaZVO 89568 xO8z 83416 MiM9,success
1779021044,create record thing 435 JzbLkMQ7 2977 LWyFl4CSo 61888 5us3mCpL9,success
1779021044,create record thing 340 kCNXZ24pSe 98121 QzGD 50504 W72H,success
1779021044,create record thing 514 WOHbDTsyY 5230 y5NBWg 34406 ZUgkzv4Xng,success
1779021044,create record thing 749 RCRUUvQuB 33806 rciGb2IS 40194 jNDBsURjs,success
1779021044,create record thing 488 po0Kjaw 66662 1GD38NKFG 49542 5O1DExPenm,success
1779021044,create record thing 525 rWWOw 60204 4400WGom 87063 ygue,success
1779021044,create record thing 894 70HeXBGp 96919 QOpQC 5273 qrUT44is,success
1779021044,create record thing 953 oKKCH 6695 WeDBDg 77250 LsaA4,success
1779021044,create record thing 187 2WmXMCaUL 64566 kFF6s1prI 40475 B86Et8Dke,success
1779021044,create record thing 674 Pf1vQYm 14249 otsVDQ5nPu 25153 ykjPuGDKzT,success
1779021044,create record thing 344 5D1si 43741 vUBAyzVz8 46348 X8VbRmSsx,success
1779021044,create record thing 378 AxITXM 57685 qejS6K76Wy 92600 p9KddvH,success
1779021044,create record thing 904 5giUuWz 19893 jsmfpJVqGs 2864 VeWSt,success
1779021044,create record thing 369 wVUntowm8q 79117 5iNAXXZd9 48952 J972,success
1779021044,create record thing 569 WEJNTJ 73176 gjF0JDOleQ 36289 B2TOeOv,success
1779021044,create record thing 276 WT63ysMy 1119 tj1KV 69778 OmY53SJ,success
1779021044,create record thing 691 VmlbL 5171 hve15Omk9o 28473 wi3BZxBUTx,success
1779021044,create record thing 267 BmVKh8F 75799 Gkm6Tw9zn 11900 FDF6bxA7gw,success
1779021044,create record thing 783 ZA0s9f 84355 yD6rOuipJh 20415 RVdX1,success
1779021044,create record thing 938 sMZzkGjYP 47850 Wbmz 48913 qtWu3c24cx,success
1779021044,create record thing 534 SkgvnAe8 60874 1HiLNtD 33667 uH7Pf,success
1779021044,create record thing 23 U0mni6n 10772 fz2golOu8 87602 GJ2ViAOJ,success
1779021044,create record thing 543 c4xcmlicXk 42274 JDvM 75654 CnMHhrV,success
1779021044,create record thing 98 u3pYEI 86933 PvGd 47896 N7hoCgI,success
1779021044,create record thing 296 hvCI67 66155 y69m0 29079 bTvLj1GXwo,success
1779021044,create record thing 461 kjQN1o5S 70886 Amd8yyGA 62461 tSseRPm,success
1779021044,create record thing 198 M7dziYVY6 31780 WOylZe7 36204 3hT6j,success
1779021044,create record thing 708 iruNGGV 78439 oBYHLj2 98861 vq9x3gCK2,success
1779021044,create record thing 262 1EsGfT71o 87151 Z7AN1rS 36158 NuPpwa,success
1779021044,create record thing 311 XpEKPgWRI 74136 L1PcgZN 12920 f7oJRLYS,success
1779021044,create record thing 980 vW0J 68519 6YMW 87696 nlNu,success
1779021044,create record thing 161 5XT0pY 45095 8pBcC9 34494 XmVHtyvY01,success
1779021044,create record thing 403 vHX7ts 94626 NtEl 50160 qRvX3,success
1779021044,create record thing 540 jkaltFNsIl 81064 efS4P0jvv 17436 g7Y3sJf,success
1779021044,create record thing 177 BcHPq 64814 Z8poO 28307 apbLZ,success
1779021044,create record thing 727 I9llGyJ 50738 qXwXAw5oH 10097 i19pHh8WF,success
1779021044,create record thing 794 HgZovR8 29355 qZCBKe9 2898 BO3DRdv7,success
1779021044,create record thing 819 J6TSER 17479 nCHPuJ2 53364 V8K18,success
1779021044,create record thing 779 Swh8 80458 GTTp 78843 VllOEhf6J6,success
1779021044,create record thing 757 XxD0ltk 56408 Elyo9N 44527 UGbL8dx,success
1779021044,create record thing 298 a9aus 74459 xekNEH8g 89545 LJ3R2,success
1779021044,create record thing 92 FYBM5 15765 55gQKkgljM 44223 5HyBhIu,success
1779021044,create record thing 930 i7EXcd 62970 0OUK0fO4IR 68376 UNriVsM,success
1779021044,create record thing 450 AfbgILs 37643 QdZlf3UJkt 6285 b7xvHZQA,success
1779021044,create record thing 646 GlwR4g63 93377 emmNa5 27004 hs4O4ukyo,success
1779021044,create record thing 15 yjLMq5QS3t 85634 4zaZx0lWp 1367 QcVhQehjX,success
1779021044,create record thing 481 lu6p 89247 5yHrJghZ2 11338 0mGcDgcy,success
1779021044,create record thing 997 VXoM 57423 iLc5VlntJ 20016 1pkC3d,success
1779021044,create record thing 869 jsdlmOB 57741 0Lrj 71712 dQzHMk,success
1779021044,create record thing 432 wigoxI 50793 J1VcHbZDJx 89864 x4oEp8ND,success
1779021044,create record thing 696 C2nrT 50915 2wbXiC 93151 09hMmz2C,success
1779021044,create record thing 503 BywuySm 28437 lm2OM3HVz 84410 nigOsZ,success
1779021044,create record thing 261 1zmu3O6A6b 27060 Jk8QVNJ 25927 zD1i5,success
1779021044,create record thing 329 LVGMcg 8566 b51u 11789 5wU7te,success
1779021044,create record thing 180 4KZDRrgI 19925 zHMjI 61547 8Q48PjBUi,success
1779021044,create record thing 565 DDVK9wB 74961 BbEPv 44535 2eis,success
1779021044,create record thing 396 4g57mNs 10888 LXa3zk 33123 F84bt,success
1779021044,create record thing 496 dotBA 5302 UVCeIi 81811 Tbx4,success
1779021044,create record thing 36 yRqxwF9 55641 Rivqlrf 58965 fPtFhYXge,success
1779021044,create record thing 443 eJofeS 96534 v4eK78NuPL 7361 i45lSfAQn,success
1779021044,create record thing 928 etGDm9Llr 88625 1dlakmiH 24817 hVl0UoyZs,success
1779021044,create record thing 660 FrAZTGO 89591 rjdE3d 99044 AP3B8PtV4R,success
1779021044,create record thing 637 Qeq0BUDE 64105 HUokQz 60508 508C3C,success
1779021044,create record thing 99 Tx62W 49998 NyaXPkKlfy 19647 ubys7I,success
1779021044,create record thing 338 lLEA0 63876 d7euDro6X 54571 atjNQAh,success
1779021044,create record thing 13 GvxQh 74098 dBzmuo2 40964 48WIJumht,success
1779021044,create record thing 685 J4RLYpI3t 12528 UMfEL37 34866 BWXr,success
1779021044,create record thing 117 wWDna 46683 MIW7Et2mYl 78326 hTTmXrXA,success
1779021044,create record thing 447 0smsbNAwW9 58547 xjBt6CmLr 76871 ubduD,success
1779021044,create record thing 408 tSIMO 51843 uZcrJ 74518 2dSi,success
1779021044,create record thing 816 5igk 93566 fwwfv 9119 ydzWRHf,success
1779021044,create record thing 313 Bh4qo 84509 Id0ncnoj1 65612 uUPbVE,success
1779021044,create record thing 359 SzemcoEve 48249 3knH4UrI 66962 jmLuuqh,success
1779021044,create record thing 472 CB7PVm 14770 yg5m 99583 TsQnKsCO,success
1779021044,create record thing 205 J2pFt 28367 luESSCyU5D 78215 XP6ega,success
1779021044,create record thing 228 M165 39773 xJjdnlA 48866 rOsc,success
1779021044,create record thing 482 sq53 26825 5UQb 62456 afo1J,success
1779021044,create record thing 40 qbIdQnyx 4870 ACka3O7 36808 rDXbq2oBa,success
1779021044,create record thing 392 cI1IRXSUr 11588 wYHx3THt 83796 zJx8Vj,success
1779021044,create record thing 111 UEHwAL2uw 61152 U1kcF1M 78484 HZjXiY,success
1779021044,create record thing 833 ZyZ29 71302 GJpI 21587 oSuhTXIyO,success
1779021044,create record thing 813 nvzUgNC 90956 laXFgie6oz 27426 N6lbsmZQ,success
1779021044,create record thing 963 p6Aw 52822 Rsym 56167 KDMcEbtb,success
1779021044,create record thing 422 DXUVAK26Q 3581 cE4DHfS 93796 5CUo9ctW0,success
1779021044,create record thing 341 MfQKP 3700 BFCRy5Od 76763 RE3s,success
1779021044,create record thing 184 cLAQ8 10069 DpyUO 23151 xsn1KESY6h,success
1779021044,create record thing 998 iT6IB 48060 RbGRNgDrIA 8542 q6wy,success
1779021044,create record thing 423 42hkJ 87115 B9xqe 86017 Khcms,success
1779021044,create record thing 182 RadWgPKa2 17964 51XlDD 12982 yNHXj,success
1779021044,create record thing 905 1jVD9 9514 kMzM6ZzU 5624 tylTxBZn4D,success
1779021044,create record thing 862 Fz2NoGEeLz 73621 RWVc 36357 rO9vZL4,success
1779021044,create record thing 650 6Fx2QR5LOJ 61515 fEvGNp 35155 2Ko5uo,success
1779021044,create record thing 746 vsZGz 34591 AOV3iVsQ 47380 HtXKkS2Nm,success
1779021044,create record thing 701 Nu3YxyS5Cv 33387 ehxIyeYp 64887 5IYFAq8,success
1779021044,create record thing 106 8KDxhlwXd 9211 gHhfUA 5234 JauMrAoMJ,success
1779021044,create record thing 920 5vobKV 22523 7xHbjJM8Yh 32269 zpL34raPA1,success
1779021044,create record thing 652 xngfSBTxMx 70944 q2EWGtEMZL 48884 RLRxW,success
1779021044,create record thing 367 nvqS3 49734 27QIOeSb 74928 wbBBAB,success
1779021044,create record thing 620 ow9Dk0 84542 LY08wVf4 12108 Rde5Cs1r,success
1779021044,create record thing 906 otGof 6834 OW76kH63 30965 YmSe,success
1779021044,create record thing 316 qWHW 72540 wlHlWukqYF 7451 icji1ZJ,success
1779021044,create record thing 43 CCSSkL 5540 8irG 64219 UIT3COGWJ,success
1779021044,create record thing 131 UUGzFEXmLw 39117 Lzxx 41228 maBNj1X,success
1779021044,create record thing 441 iXyi34pyS 48702 Czd63 13275 xv422e,success
1779021044,create record thing 152 vFD51D 46200 l5k9jS 35338 bnGb,success
1779021044,create record thing 589 uMvuwXK 57461 EVcWTJe85x 86588 BSqi4fxyc,success
1779021044,create record thing 37 aizmX2 55956 J9n9kcTW 28717 4kPhPYv,success
1779021044,create record thing 153 807qI3YuP 69036 PZKQX 32151 YAq6s,success
1779021044,create record thing 677 9dKXpZI0n 32602 45RFzyJ 39201 pM6P,success
1779021044,create record thing 961 t3BYjDb6ho 64469 Kz0rLkj 42879 xffXaHEf,success
1779021044,create record thing 602 YO9ali8wQZ 46825 Jc3ucK9MY 25198 ky9gKMGZre,success
1779021044,create record thing 438 0jWFEnry 44388 kDC7sOYz5 40543 uojjeKhgB,success
1779021044,create record thing 453 Sruto 63123 z5PPTsR 62026 cjleb0plE,success
1779021044,create record thing 786 7W1BYURO7 98502 1l1kpf2u 5508 oL74S,success
1779021044,create record thing 269 cawvMug 65677 nuOTF 69582 39LLA6X,success
1779021044,create record thing 134 7Kr9Crb 77243 7dZzC2J5Z 29215 q30YPJy,success
1779021044,create record thing 342 Gc7B 52032 A7Xq 71636 b1TVWVP,success
1779021044,create record thing 804 9nOrho9 73499 uHmQeO6bi 98226 qOPz4mkg5,success
1779021044,create record thing 46 9QNejh 436 eVVql 59151 hVWChP,success
1779021044,create record thing 284 WwfkYH 32804 b4XXfdjjY 70098 D5Nb0,success
1779021044,create record thing 653 UgFYnlNVUe 97602 Z5WIC 42233 w3clJbPxv,success
1779021044,create record thing 949 Z81f0KIhi 64794 9TvMcZtt 55789 cg6P9R,success
1779021044,create record thing 53 xjvzeGetsb 37375 lfiGLg 14860 8Vth,success
1779021044,create record thing 822 nXor0IH1 93429 51H4Ogz5 40880 fuTif6a,success
1779021044,create record thing 780 cYzgj63 32450 ul4R 13614 YDThTYQoz,success
1779021044,create record thing 978 GqXWlHdnP 25227 GvzK4rp1hA 84978 E8zlphlN,success
1779021044,create record thing 600 7pSo 32767 cey7rgang 91255 zvBj,success
1779021044,create record thing 209 W1uzOQBmN 27103 v11PE6B 33044 AjWZ,success
1779021044,create record thing 352 Crz2irAaW 69414 KvNB 90234 rDyjn4boEn,success
1779021044,create record thing 216 F5gSGQqO 40660 zd7g3pp75 80425 XGlEGjbV,success
1779021044,create record thing 289 IJalgsVpXK 82424 P7JwxM3 42561 1wVH,success
1779021044,create record thing 279 o7beJiz 5751 CHTg9 71901 SnnwcaK,success
1779021044,create record thing 954 9N33 12252 5LfpLU 99734 cQHOR,success
1779021044,create record thing 821 5E9X 43351 fK5r 55981 vwCRbgMbr,success
1779021044,create record thing 110 YoclZ 25905 sdBMb 95124 mM2sQjd3D,success
1779021044,create record thing 119 kck0 55096 fjez 56966 RkSS2,success
1779021044,create record thing 942 653492j9 69841 J7ALXrqnT 2625 zxH52,success
1779021044,create record thing 138 XhdT 69932 hD4KTiGHoh 6652 1HeHfGfq,success
1779021044,create record thing 107 ilA0mXnN 67889 MeSHT 42184 kr0bVWW,success
1779021044,create record thing 307 bYbtUYKfl 12879 WHxWULS 46312 xh4OUq,success
1779021044,create record thing 973 HjPH 37641 GVjZrMc 49734 cAbLaqp,success
1779021044,create record thing 9 NfSrjx 16114 zXF9w 6422 tkJTIc,success
1779021044,create record thing 823 dmz1IMW 2227 MN65ldqchy 69281 34Tq,success
1779021044,create record thing 310 q1l6E5FxV 69248 dqjeRMskJ 87752 TzjpASwSG,success
1779021044,create record thing 557 g7pCc 51142 6Nj6xs 5546 zoPvQ,success
1779021044,create record thing 744 l1TPDt 36672 sJYF4VTwIF 23390 8u8CZdQcQd,success
1779021044,create record thing 635 smn8ZmGK2h 95479 YXfSC 61138 2hc8ofQEi,success
1779021044,create record thing 292 un20S74LF 99404 9f71WS 68743 alY9,success
1779021044,create record thing 379 KuzI 78275 5pxDRqr8 15689 442QyLv2e,success
1779021044,create record thing 890 ehGVrHoy 62566 ZKUzkS 28257 Ljoruepc,success
1779021044,create record thing 630 1sGzUZNWu 64536 A7UGfUA 2355 62d2,success
1779021044,create record thing 358 y2f2bj 59720 tUgk 28652 3wYFlJ,success
1779021044,create record thing 713 MEVNinG 34574 Ucp3aG 58645 msDPI3icox,success
1779021044,create record thing 621 hgwQbYF9K 8498 rJ5SCpYyLJ 82046 VJxWsIL,success
1779021044,create record thing 519 UPV0fGjW 75927 NJjJsV3 74643 X173g0Yn,success
1779021044,create record thing 663 i8zI6zR9Dy 15429 V8bBUt6 94948 GnPLw,success
1779021044,create record thing 551 3GOIb 37316 avzP83JAbX 19299 KwPAqWx,success
1779021044,create record thing 76 vN5nIYg 89872 VYtu5 15753 0WyjKV,success
1779021044,create record thing 103 FMcb7Dna0A 51206 ddZVFeP 80201 ZZb6xd,success
1779021044,create record thing 577 rsL1tCV1G 76344 NMdwNq3 57756 Lyd62TV,success
1779021044,create record thing 858 PKvIf2S 62146 58J5eWb 68679 Hemmo67tS,success
1779021044,create record thing 10 m4yC5 60850 m94Q 10301 kxnAZ8tC,success
1779021044,create record thing 75 JvhnePsq 6446 71uiyF8fr 6933 CQZyH,success
1779021044,create record thing 952 4TEF4 9853 ZN23 77200 ZglG8kHT,success
1779021044,create record thing 469 WQBU1oY 31854 0kQt 3821 oU7bWK,success
1779021044,create record thing 308 Ny5hDd1E3 67931 Y1aVxiOknv 88327 fy2wW,success
1779021044,create record thing 135 96QzjeO6 9535 iJ8U7IHQ 30830 MHW17h4,success
1779021044,create record thing 860 ucLTPH8LQF 38255 i2uTFNOrC 71524 CY4RBwl3,success
1779021044,create record thing 885 BDH8l5C 49866 eMSPCLEH1J 57208 E0ZiFm9c,success
1779021044,create record thing 245 GQaNQXwR2 86975 w9xMQJbhrH 97841 0qlGCy,success
1779021044,create record thing 642 vYsNN 17445 HJqy11m75 13513 zqQ4lV,success
1779021044,create record thing 210 9D4vkJzK1 29133 GWwn9F 73391 yw7Eqx0uL,success
1779021044,create record thing 268 EQZnmMhPFJ 14836 LkmZuoX 11273 wyfsgZmnkM,success
1779021044,create record thing 871 YD0Go 55869 0c7q0RN 14300 6XcvCM,success
1779021044,create record thing 536 RGIL 17253 Dqi0G1vkiu 56118 duVFXBB,success
1779021044,create record thing 579 1iRF83 36649 NTAw1W0r 65802 sMhfQ,success
1779021044,create record thing 846 b5acjt 83776 K2eoN 15169 utmuDGNATQ,success
1779021044,create record thing 969 s0GxK9 64307 E09nB 83535 B6NjawFTkw,success
1779021044,create record thing 84 6enYR 13875 iZhL2NMMd 96769 2GzE,success
1779021044,create record thing 41 SCbkD 67984 fCW3DtUwM 63417 x16uM,success
1779021044,create record thing 609 Y1TxOogd 23809 BhDdQmWT5 85904 775ukJJM,success
1779021044,create record thing 593 zkgAu0esI 18857 3uw7W 70800 t6qhS,success
1779021044,create record thing 854 T2nYr6J 34214 pYWLSlBZ1B 24483 kedp3DGE,success
1779021044,create record thing 584 nRYi 73179 pjYUgXyX 7115 lccVEYQC,success
1779021044,create record thing 123 FJvnTRxF 24203 NydZU 5300 b8oyf,success
1779021044,create record thing 414 1JgeZknT 12264 WNk5 76923 vbsDOTlLm,success
1779021044,create record thing 241 J9fQ 65518 LhyN 95912 hj157,success
1779021044,create record thing 724 COdLUfg 52782 ilhS 58522 SP5V5,success
1779021044,create record thing 610 5Unsl 49844 malOPs 68287 jWkf,success
1779021044,create record thing 767 WQMi 44191 aP8jrh0KRw 45871 xXYTa5SJv,success
1779021044,create record thing 191 REbg8hrAwu 48062 t5nb63W 3361 95Awk,success
1779021044,create record thing 83 IrkMB 94574 A1bo 16578 rO3vq1ZQNn,success
1779021044,create record thing 521 1cdbw47IV 59175 AWMwKW 45617 r06p0i,success
1779021044,create record thing 877 pAgIVXFcb4 54076 oBr6EAca 12770 TwgK1gvdfF,success
1779021044,create record thing 806 CpCoec1 47332 7EmyhmbA 45735 1PBRKEmI,success
1779021044,create record thing 784 mP2myZ 57603 Z3Bjvd 31529 i0bdqzg7Mb,success
1779021044,create record thing 515 XdKP 16295 cUqoVI 93703 U1Nqap9e,success
1779021044,create record thing 489 kpLcKOLE4W 69361 NOmKQYx 72947 szxgnrdDq,success
1779021044,create record thing 848 ZVBnQ 67552 KrJhLYeYq 56464 9ObCFYHkfd,success
1779021044,create record thing 673 OONOq 71532 fwRMFF9K33 10944 7THM75F,success
1779021044,create record thing 59 YeHyqHjh62 68412 To88x5Hd 3367 HztPZl,success
1779021044,create record thing 322 xfKfO 11014 FEYqk 87872 IFCUJ95,success
1779021044,create record thing 692 PdcvSqX 76149 gAEIpEP 90561 Iuxg5K1O,success
1779021044,create record thing 556 yscLANZxH 94418 6AqFjB 20047 uxj5JpNr,success
1779021044,create record thing 594 hFJWnHHF 80488 2iqD 98683 BJAMdsnZ,success
1779021044,create record thing 838 39pO9NkY 26813 zoDzalp4t 66983 yWR4,success
1779021044,create record thing 223 4rsihg 41665 blrbJydUE 97979 VhqH,success
1779021044,create record thing 304 HcH4ayZjqB 54224 0goulyxq 55336 PM4RKRIt,success
1779021044,create record thing 717 xt3fvqtO 14502 MSQd 90105 DwRxRveeQd,success
1779021044,create record thing 159 KUIyAp8OgJ 42946 LxabOJ 17810 GJlsxx,success
1779021044,create record thing 499 q31MAzuBkY 40729 AwUv3J 40438 tnWXbi1wX2,success
1779021044,create record thing 570 iNVurgNLv5 1200 5A1hjlVC7 62700 Otiteber8,success
1779021044,create record thing 898 x8F7 69914 GydV8aDGyS 73246 meJ2w,success
1779021044,create record thing 293 35qiSX0NAj 14536 dGoVD 29881 vKxUcI8,success
1779021044,create record thing 466 k86khPRou 33189 X8qb6p 85566 rCT10e,success
1779021044,create record thing 989 6jSBV 80580 T8QMYfBVVp 38465 NUEb1Ixke,success
1779021044,create record thing 400 vaHXeW7 5466 uNcLXo 94265 FiMo02a1,success
1779021044,create record thing 3 RNge2BFFeA 22577 p47qAZ 27559 HweLnRIaQU,success
1779021044,create record thing 887 TtNhH7FpHx 81539 J9GW2VLs 41222 JiDrBix,success
1779021044,create record thing 169 Y19H 49982 pq4ZOKkoJ 13527 89OEy,success
1779021044,create record thing 726 j2nk15SInj 5869 hlkadGCxcb 82756 PIXDxafs,success
1779021044,create record thing 870 xfdS3r 41854 p6KUWrWVI 18121 tz8tP,success
1779021044,create record thing 219 cmVb 98513 4aYruUx 9769 bQB8PA,success
1779021044,create record thing 493 e4yx 11343 f09nrYHgM 77526 VDGaVV,success
1779021044,create record thing 716 AmIxSJz 50910 CaoAI3JD 89407 NWebXAw0J,success
1779021044,create record thing 752 bKh6i2V 46990 0NJZla8 72521 a63wieCut7,success
1779021044,create record thing 171 EsfUExl 9781 HXNi 12045 SyiqkLDF,success
1779021044,create record thing 243 BY24 34646 TqiZvsEZt 66295 aJh1E,success
1779021044,create record thing 981 SbTd 52336 53z6C 27691 i0DlkIuSWa,success
1779021044,create record thing 16 EO4G 21091 qCf9e6H5V 818 eW6NUdh,success
1779021044,create record thing 554 8L02gY 11294 lf2UoY 57748 YicC,success
1779021044,create record thing 668 Ata7pR9fFW 73632 usYiJDKJ1 54018 ip7VzT,success
1779021044,create record thing 52 XFiDXYf3 95073 epcvILnlDs 95469 BG2p2j,success
1779021044,create record thing 990 d18AUBKn 94076 35FH7t 29864 5XN0zic,success
1779021044,create record thing 564 dY5RyB 43982 e7jJTa 4458 63ucMtb9,success
1779021044,create record thing 454 3gfg 66520 f9bus6Q 7075 RkbSwoY5R,success
1779021044,create record thing 78 Q93P 23886 3W3w7a1 99555 Rdtu154vXQ,success
1779021044,create record thing 256 qNMbr7EV 92298 0CI5R 77317 wboUeay7M,success
1779021044,create record thing 913 VaQJav 4119 AFRVd 71140 M479uM,success
1779021044,create record thing 718 7wVpx 74328 jwed7J 75708 NyA4,success
1779021044,create record thing 188 HexBqW39FR 16424 3nm0tR91b 51462 CV0uajv,success
1779021044,create record thing 830 enxp 51270 rCpKM 86703 RjWt1eTb,success
1779021044,create record thing 144 N30c 32018 N7Iz 33197 a2hxB,success
1779021044,create record thing 967 i5rQ75CU9I 71176 uJlkTVt 51805 o0zX,success
1779021044,create record thing 815 X2iwG 10189 CCbKaB 11905 vkSIlA7gXS,success
1779021044,create record thing 706 e4GhJ 64072 awfggBHuI 95725 2JC8kQxG,success
1779021044,create record thing 924 d9voHYLnH 49209 6FK3Xr7t 7001 fFkUkdIMH,success
1779021044,create record thing 255 58i6dfr9O 95832 51Ue8 47173 LmahMacm,success
1779021044,create record thing 112 rSj0 17115 Bw5Rgxm3V 65973 z2zy,success
1779021044,create record thing 348 QZvX 30252 BCyKLnVQO9 11751 QY8es1c,success
1779021044,create record thing 413 K7n6b 32498 7HrMyjf16A 1833 dz28z8y7,success
1779021044,create record thing 63 xR5f 67127 ywsrVpOBA8 89765 LlnzaO,success
1779021044,create record thing 101 kl0xAZf 19248 nziZvO 91150 qjQ0N7,success
1779021044,create record thing 662 T6KQgMzN 94942 4SOJxn 73361 X3S7rC,success
1779021044,create record thing 670 3Pwop 26516 cQeRwPEb8q 61198 T4IquCK3Xq,success
1779021044,create record thing 690 64um7BI9qx 95437 WxYA4hkr 2900 Rau0M6FY,success
1779021044,create record thing 56 VKu6J 52045 0l0oC8 17918 wS9qx,success
1779021044,create record thing 479 r97OKp36Ys 41515 nYCzOC 13664 4bOTEGwk5,success
1779021044,create record thing 421 wIf5 36811 jw8r3A 66255 CqQ3Egm715,success
1779021044,create record thing 756 bGX2YnBCJ 52468 ulDg4OcVR 19988 BHb6uG9c5D,success
1779021044,create record thing 363 lhttP6hbs 75191 XVnyXREkc 15941 xvRGy,success
1779021044,create record thing 442 bNJNEphxM 86412 nokNVBRlG 79681 awDQ3,success
1779021044,create record thing 675 nviAfvcy4I 60177 FyE7 66278 j0xgEjgN78,success
1779021044,create record thing 947 3II7R 64617 XN5VHqymB 34426 i8788,success
1779021044,create record thing 97 75FNU 38277 9v91JS 87163 NlTvdl39u,success
1779021044,create record thing 195 O3p3XD 32065 1hdy 64458 goEt16,success
1779021044,create record thing 417 hIj3eWkOFr 52336 JSOxt 36287 DwpekMef8q,success
1779021044,create record thing 710 J4vA 2216 5fSKntHw 24230 Daip,success
1779021044,create record thing 249 8Pe1EiP 19617 empS4M 60654 JCc7DeA3,success
1779021044,create record thing 485 eLViO 88467 b7R7HDHv06 82701 J4QmLNxtb,success
1779021044,create record thing 591 PWNlhche 3082 vYqrNXradi 73565 ytPAyJK,success
1779021044,create record thing 585 2fYxvQ 4426 1czvRD 4932 T8JM7BgN,success
1779021044,create record thing 136 wJxtdwCaw 14433 GCPAo 10271 trG00VLvrO,success
1779021044,create record thing 754 suq35 97691 tpe3L 51841 5KUpR1rB,success
1779021044,create record thing 220 JqzbV 86164 IjcuALD59 87688 HVG1qpga3J,success
1779021044,create record thing 768 dk1VD 39499 GlNWwDK1hp 5624 rAs5jL,success
1779021044,create record thing 686 db32gWm1 43688 ywRyuuQDa6 10339 L6qwsquy,success
1779021044,create record thing 286 e5Ic 26830 3lz5Tc 32592 tsqmg,success
1779021044,create record thing 244 oBJFQX 51936 YZcX9OS3Jr 98731 7jXfPE3d,success
1779021044,create record thing 527 lcmtjH 48052 kYLr 51228 lUTUVm,success
1779021044,create record thing 729 GjXab 43278 Jgmabmz 57799 Th3W,success
1779021044,create record thing 339 5a1iDL 98422 t3drwd6koK 33857 EonS6ihse8,success
1779021044,create record thing 873 YX4bCkkX 38361 2dYS 33940 2CWg4NQtq,success
1779021044,create record thing 70 MZ6l 34564 xNo2 57764 WDjF5,success
1779021044,create record thing 875 jLXKQ 50499 VrpFT6E 82208 BVeli,success
1779021044,create record thing 61 8hCF 30894 vQz4MP33C 6485 ZscNnjg8MR,success
1779021044,create record thing 647 LT3gg 23003 46UpI 23827 b1jhk,success
1779021044,create record thing 725 tYKO0lmTQ 25624 8sB4b 65824 GFJuqbk1Mx,success
1779021044,create record thing 73 QeVtWBpR 23810 AOj2Tzq 59290 DXjwjz2,success
1779021044,create record thing 8 HiLbwS 20665 Kht15 53806 cKtPK,success
1779021044,create record thing 968 BCSjz 81582 sVlAePMbP 44517 mSnH,success
1779021044,create record thing 735 cqH0RjYf0f 22661 eUF4gxjAzE 52620 3gKGqH,success
1779021044,create record thing 236 tsiZaXl 65860 BGptuTy 52655 6ytUKS,success
1779021044,create record thing 568 slLSB 18983 elsdr 80181 GXgT64,success
1779021044,create record thing 603 VRgDMjVK 77864 rQfjRgId 56621 zTURdvm,success
1779021044,create record thing 22 Hly2a 82812 ulpG 30794 S5IkzYkW,success
1779021044,create record thing 347 LdyRkCBpo0 27106 F3P2mYzUFN 82720 4UVkCpI7,success
1779021044,create record thing 828 aejF 20558 3SjP0 95825 vlTTd,success
1779021044,create record thing 231 u6TRz3E 12448 cUSZkN5G1 34917 VMCBz,success
1779021044,create record thing 254 4RvKJHp 90803 vETbST 91946 xRYHVLv,success
1779021044,create record thing 124 fumMK3kuLP 82349 aBsi1bqDV 54002 K9dBMEI,success
1779021044,create record thing 463 WCQEIQ0r 36149 7lLF 39618 zp0G,success
1779021044,create record thing 530 vyKYgxWHq 41423 XkNX 1299 7h3by7,success
1779021044,create record thing 449 yrLd 71350 qZwgn 72912 JlPcDPHo,success
1779021044,create record thing 832 Tq09Iz1a 58599 waacvyQg3W 46647 m46ygqJZ8,success
1779021044,create record thing 972 09AJFDSbh 61879 zNchU 56063 3ho4s8,success
1779021044,create record thing 688 L6yrv 55304 3y4k6xWh 42415 LBDtAl,success
1779021044,create record thing 845 lLunNOBbED 50960 HQuLLu 12633 ZonaZ8rTnk,success
1779021044,create record thing 320 1Kaphlf15W 31041 NNCjVHHpvt 88487 IkKsQv,success
1779021044,create record thing 731 1ghFEMBd4 69349 NwLqCqownV 39002 2T0sZ0h,success
1779021044,create record thing 206 sXJmr3mu 64006 HnhnfWQo 84450 48AcDHk4,success
1779021044,create record thing 707 vkHm 37387 IlQthQzZnu 29678 YWdF1wQ,success
1779021044,create record thing 939 s1ETB 49663 Ky59n 51911 KJ3NA,success
1779021044,create record thing 785 dKKbcc 78063 vob4ZQvf 11139 KPsrOyTF,success
1779021044,create record thing 867 sU3PSKBI 48619 WENJUhGgKl 9366 UCHOPNe,success
1779021044,create record thing 434 sHN4C 10741 auJs75Y 34848 5AVj98glnb,success
1779021044,create record thing 622 FU0hfp9E 70617 r4J3 2970 XO10J0ZBJ,success
1779021044,create record thing 541 tIAAmZ 48977 MOUH 2708 S7aZthyUhJ,success
1779021044,create record thing 856 Ka7H09tOth 94831 cdGZX1S 5598 u2sSme,success
1779021044,create record thing 170 5XGmUi 57654 nvSy 32157 vXdau,success
1779021044,create record thing 563 880Aw7 59029 pO1YoElv2 13272 ryQciFo,success
1779021045,create record thing 487 lbjK9Oz 44972 sGxpe 92378 zcg9C6NmH,success
1779021045,create record thing 676 NsZcxhlIaE 28048 qEmi 66730 gNPCGJKX5J,success
1779021045,create record thing 132 XzyR1OL7 471 kFVrMCqt 45954 1oZu,success
1779021045,create record thing 129 3iEC3b8X7 15704 gxZqSZm6KV 8520 EHBU7noz,success
1779021045,create record thing 546 Dapoaa46vF 83481 zbHyvW85e0 30493 LSwC,success
1779021045,create record thing 71 qrbR 64847 KRgnq9oIe 81446 St75ir7,success
1779021045,create record thing 498 KTDU 33522 5zlx90XlaZ 90950 PkgHMcsGg,success
1779021045,create record thing 750 nDjyRk5 19850 cKWo3ziJm7 76466 aCLb,success
1779021045,create record thing 88 Ei7I 1615 XnCl 4536 BjgHxcF2O,success
1779021045,create record thing 934 ihXp1Sr 53413 gEJH9eZCsz 18966 ns15iwfyil,success
1779021045,create record thing 866 qf74PbqT 58468 02xbPAMtni 53605 OLsI,success
1779021045,create record thing 247 i6ZwHgcgJ 14475 7H5fXH 53032 RTX2pIX4FA,success
1779021045,create record thing 60 C94Fq 59793 bUBO88 14357 cs0iBczT,success
1779021045,create record thing 246 GZ38y7MZW8 36516 qBB6FhJG 41754 Aj1k9m,success
1779021045,create record thing 315 E6ja3amnd 2382 GpsSzoga 67653 JW9hhXb7,success
1779021045,create record thing 372 fJTjoQmCZP 75650 CScaXuH0f 71776 Dppd5Y8,success
1779021045,create record thing 809 rnA3SpB5 68601 tPIw 33965 FV7t8l,success
1779021045,create record thing 20 XPemVr 53885 BxJL 37143 3qzBSfIq,success
1779021045,create record thing 501 SYRHfF5OF 78179 ra7ycv3EQ4 61285 Ww8zj,success
1779021045,create record thing 332 vCafM 73402 IuIQ6 82358 W8vbP,success
1779021045,create record thing 614 hbCkdAb 11174 IGCbS 97732 m4J9M,success
1779021045,create record thing 1 vhOq 69776 xEAUnY34U 40901 S8sliB9,success
1779021045,create record thing 544 Nx7gfowSX8 95930 EjoIAE 53717 k6UUhC7y,success
1779021045,create record thing 553 F0Ry 46017 W71re522z 71536 F0WsCej,success
1779021045,create record thing 166 Nwc8 14267 FFDsjo1Ytt 54955 UH6juN0LU,success
1779021045,create record thing 799 wJk8O 36229 rYVgSEmIGC 330 PonPWF1XSG,success
1779021045,create record thing 383 KAbzqV 45523 ggcfYxmUfT 32392 bRdL6AZoiS,success
1779021045,create record thing 835 2x9mdRgBZ 81644 4dfr6n4D 15306 gQUKC,success
1779021045,create record thing 974 IcU2U2j9v 93754 89SqKr8C 68666 15Me7v,success
1779021045,create record thing 895 GRb5IP 58148 UDWLdogz 55935 IFWD,success
1779021045,create record thing 797 j3P2K9pEhm 44413 oBz13aXHPS 48016 v1FaOPsXi2,success
1779021045,create record thing 1000 kZyc9 78966 VI0qPbXQw 57269 Qp04wU2i,success
1779021045,create record thing 306 dhzsje 62959 nw87 85036 V3j0RRM1,success
1779021045,create record thing 641 iHsebsgA 9777 a1cg4xSVS9 91525 zXo1Mu,success
1779021045,create record thing 109 IfuY2r 65361 q9EYKA7 41950 puU4gHe,success
1779021045,create record thing 520 4ugoxIF 44743 qx6cPL 21073 TbssV,success
1779021045,create record thing 183 9VACiwBbmZ 60797 wXUD 84045 oPdgt8GW3s,success
1779021045,create record thing 781 0FuC 23732 dIuVyG8 59096 IZ9BA,success
1779021045,create record thing 513 aOxmD 8860 ZmuT7yziLn 69338 SZLzPbq,success
1779021045,create record thing 931 9Koduwoa 3329 GZVDJU7u0 56238 WtQTzd,success
1779021045,create record thing 737 F2EvpBe 92335 bZGjlnyZCm 7816 k6jgVZZOE,success
1779021045,create record thing 740 hEAdsMHh 35154 IJox6Z7aKY 24534 3U99,success
1779021045,create record thing 4 If8qQqZdH1 59058 2V5Xe5B 5156 Q6smlZ,success
1779021045,create record thing 909 prJ01 57746 IWAoI 70769 7cy5q,success
1779021045,create record thing 162 2ML9u 91603 nLhR9EHf 75050 YnOs,success
1779021045,create record thing 446 IAhAAyuk1I 39809 8KqUKb 94737 FHsa,success
1779021045,create record thing 932 Ewz2kHP5J 22512 clexZsYM 36633 H4Kkj7,success
1779021045,create record thing 999 makwc 49052 Xv8h2ouuS 4376 1KYYr,success
1779021045,create record thing 956 mmWlk0ykAa 70438 vUHN 16049 ZWUf2,success
1779021045,create record thing 657 BuLt 80180 M6hpEmDt 48718 j4xK1N,success
1779021045,create record thing 788 mBMXKlBR 13090 xShA6Dj 66675 4pg4R3ABV,success
1779021045,create record thing 900 aKO2 35203 2qlRdQ 43498 afnVgN,success
1779021045,create record thing 769 o0GB4C 18305 C8xT1j 12245 HRpXt5XK,success
1779021045,create record thing 937 5aVDcExJ7 30733 kKIvwMdvSP 56792 dGNWwG,success
1779021045,create record thing 699 ZH8tB 62629 zkTqD 86305 Ww51NtxW,success
1779021045,create record thing 118 kjlvUHv 86990 zU9BIlV2O 11880 6XpqrJKWLO,success
1779021045,create record thing 739 kRcza43 6896 wmeZOboe 96642 fnwmMisCfK,success
1779021045,create record thing 831 0RAbGCO 41991 rgQz0DB 17013 rRSvauC,success
1779021045,create record thing 12 qfZO1 88250 m1mz 1629 6MrfAimgv,success
1779021045,create record thing 567 r4mlD3GDA4 4147 1mpsMcr 56173 euvFB9ZEMl,success
1779021045,create record thing 258 RckIBq 35038 VkqA 43940 mZJBVawsHU,success
1779021045,create record thing 542 0iIcQkF 96199 qO8avFu2D 35116 fToWL,success
1779021045,create record thing 480 XKnHqAs0NT 38482 C7GrC 51928 xHBO12pzC,success
1779021045,create record thing 964 2Uz53WwsR 68087 YUJ6jD 91197 JgWtc,success
1779021045,create record thing 391 OZxroz2 4360 3opqAF 27692 yNPb,success
1779021045,create record thing 395 DX4HiTA 62308 NWMVCOAn 99605 PYcDmz,success
1779021045,create record thing 66 QkFM0U 52403 Tt9u 2871 PsiZRdOIVV,success
1779021045,create record thing 611 1QBzm0Vy 21346 5P2D6JkZ 80702 PJHj,success
1779021045,create record thing 957 Izu2 26748 XCC4aAZLkK 20674 mRH7,success
1779021045,create record thing 697 8fV7s 83851 QhwJ8B9L 8324 vHlw9G7q,success
1779021045,create record thing 812 4UrWYRWR 97043 CHzF 731 N7qnh2G,success
1779021045,create record thing 959 U3dx02KSi0 66978 umBc 62384 68zs,success
1779021045,create record thing 643 2mFHG37 8597 jjk6IOV 39209 GUb0CGO76l,success
1779021045,create record thing 157 CreHAKgL3 14441 XziIG 2194 MCNX9,success
1779021045,create record thing 113 m3qquKN 24101 p9Q23faUY 86212 sOxzb,success
1779021045,create record thing 49 6jnw 1173 IqBZ5 7706 LOBiU,success
1779021045,create record thing 774 xiVQc 46512 RAFeH 57621 w6Q82Zq2Fj,success
1779021045,create record thing 94 2J9pw6 52437 jmhAxYL 81910 zKiKJE43,success
1779021045,create record thing 506 idpLx 21729 Ihxy76J 53501 lvLK3,success
1779021045,create record thing 522 Oj4L6HnU 96312 1yFSBl4 56862 spGd,success
1779021045,create record thing 142 Y3YfmGlVf9 52750 b3rd 86274 Cy0S67sOo,success
1779021045,create record thing 882 1TIn 15493 mYEj 83305 HiKHNZxjW6,success
1779021045,create record thing 926 saMRj 67972 oZb59 56112 6g6IMh66,success
1779021045,create record thing 409 W58c9wH2fO 32244 5BzgGJ8jV 96015 7s0tXtpSt,success
1779021045,create record thing 598 ODM0 12705 dEmk 65054 dzUVlc,success
1779021045,create record thing 439 uMZLemEnc 39094 ls9rBIaqA 58186 7zhn952QD,success
1779021045,create record thing 599 eUeDc4 73054 WwDoO1Kevl 33527 LeXF,success
1779021045,create record thing 765 vUTYtZ 34153 SMPpP5 6146 EDdapZat3,success
1779021045,create record thing 270 H99p 93302 jfHQKyj6 95864 oxYI,success
1779021045,create record thing 552 6MQbBHjtL 44295 8xQR 27085 moSidl9s0F,success
1779021045,create record thing 975 3V0EF7I9 5578 k8SLMHSQ 36981 nfQ4YxfHII,success
1779021045,create record thing 763 kylhKz 38701 XPjbo4Q 62396 7wrDRW1,success
1779021045,create record thing 253 3V43eUrUZ 75011 TJAXX9 17336 zpRJ5w8ixT,success
1779021045,create record thing 993 bxY4a4 67755 d5doyoZ 48623 iGNO,success
1779021045,create record thing 272 qaHh1KK 21614 Xobw 3054 qjm6UJRw,success
1779021045,create record thing 147 gOlydSAi7v 64618 PpqN7c 37464 ILQ5nfINh,success
1779021045,create record thing 470 Kvvn20Vy 53234 1LQjE 64886 tza8,success
1779021045,create record thing 659 gAiHbaB 83931 U3ziv 8242 FbxmaB,success
1779021045,create record thing 406 T6AYtdGJx 23493 smKtJd 49201 TwgYR9,success
1779021045,create record thing 512 KtCJTV5 83522 GAUsSKAy 16129 o2SEMIy7,success
1779021045,create record thing 672 QdlpUD 62134 THpaNIkLAo 24858 YQLDWiJ1rc,success
1779021045,create record thing 218 IiokyX7x1O 33854 B4MRn 70112 uiiQbfQaAl,success
1779021045,create record thing 323 XGsnsOLG3a 88167 utf0Qhy 58007 BQMm7h,success
1779021045,create record thing 736 Syrp 88268 lV9Sj 16814 BCme2F7,success
1779021045,create record thing 581 ysD5Bmw 31200 XutMXir 95410 cDRTiEbOAW,success
1779021045,create record thing 217 FAAx50 56321 j0pzXPw0Yz 34389 TrBtEKg,success
1779021045,create record thing 68 8RJEJ 70999 r9Wp4FcT3 41101 1LXm,success
1779021045,create record thing 275 z2shU8pxij 71834 R2Xe1gMI 44490 paeQB,success
1779021045,create record thing 411 92ilKG46s 83489 vSURd 67291 Fi7mGHDuH0,success
1779021045,create record thing 324 ydR9 26205 SJwsUJH1q 3211 QFQMJXlQoa,success
1779021045,create record thing 825 1BmXdHJi 10967 yazwtBF 36409 E56tUw,success
1779021045,create record thing 983 v9kDrax 58511 GYY1sd 9344 xpgkpse,success
1779021045,create record thing 842 KDsi0mG4 55810 FotD 5491 dbpm2s6jn,success
1779021045,create record thing 235 zkXudLHbL 36435 eqJKAeLK1 75478 iq9IgwL,success
1779021045,create record thing 58 atcmUxQs 66773 JENn 32927 buZVcOAkM,success
1779021045,create record thing 795 j21X8v 69526 8iGL2D0j 29800 IBCr,success
1779021045,create record thing 787 CL7htFA 35036 GjaGS0tN2 91269 XrJjOn8A,success
1779021045,create record thing 864 NSxMrCZsG 12931 8lay0n74ff 69419 VDFsjxwvtM,success
1779021045,create record thing 333 Z55oCiOh 81877 6bjkDZdR 99996 tqXHNd3,success
1779021045,create record thing 702 Y9KReX 55144 tmG92HM 5215 CnFveEdKw9,success
1779021045,create record thing 225 SyzIFIBmbj 2214 DeoyghNPb 43743 f2HjJWGxO,success
1779021045,create record thing 571 gVYbZayS0K 15521 CiDj 72723 yLorR,success
1779021045,create record thing 705 5Bs35ptAu 66982 zGTn8uQa 63810 ogkX3nu,success
1779021045,create record thing 656 NQVB4w 84372 GMPT 67708 SrcwFm,success
1779021045,create record thing 277 ttDd 91954 U68X 6451 y9hMy,success
1779021045,create record thing 389 HecN2BBd2o 39656 WqAszDYbVo 55477 17YenitnE,success
1779021045,create record thing 474 mhKEC4LRj 57564 gyIUS 17918 ZuwRskYo,success
1779021045,create record thing 168 f0TevT 70456 KXbCm 38225 xDpkhUJHO5,success
1779021045,create record thing 995 q55hdaa 21176 ePzIO 37575 oVZP,success
1779021045,create record thing 747 RdKYmEB 3385 9KShzP98V 3758 j7N8UJOxYh,success
1779021045,create record thing 547 zChU9 54245 7a9U4rY 4203 XZiRn,success
1779021045,create record thing 176 Kc3mBAnA 46934 Tf1MuNrz 35959 bkp1ds,success
1779021045,create record thing 908 4At1xdI 32287 UxeKUTN 80260 uKjlQx2Ys,success
1779021045,create record thing 624 b584 71771 alXvT8 35531 rQ2yiHHJsU,success
1779021045,create record thing 74 e5rTR 48993 DJmwhRKGC 41525 d2aat,success
1779021045,create record thing 664 BOAFd 69250 xdgRDptKu6 32790 AHkgX,success
1779021045,create record thing 700 XeCcPNt 39477 uCdNO 301 1YOpY,success
1779021045,create record thing 971 xqRm 52985 dmlF 43940 QuRP4irfr,success
1779021045,create record thing 274 bzctp 96801 Jb8y3mTi 17784 ic9o8iPcxO,success
1779021045,create record thing 687 7TU0 14925 mHmJlNwG7h 28138 pLu1Q,success
1779021045,create record thing 215 hsFsXL 56124 aqFAqUTKwB 59482 PM1pPIMkD,success
1779021045,create record thing 364 wZfQ9 52990 YIeE37 48461 pNd4zgD9nz,success
1779021045,create record thing 380 Rj2W65yS 87414 uIRRz 99862 2J3Ujm4Uy,success
1779021045,create record thing 167 jgDjCN56 97641 Hnq6rIFAP 3425 WyHsDNM,success
1779021045,create record thing 374 3HOzvn6fyW 85954 RfpEm 17144 dQWV6qM,success
1779021045,create record thing 855 DISIiTJh88 52197 mVWBlNZU9N 50934 Rvz4lgi51K,success
1779021045,create record thing 651 ayJFP9 14396 NRxsC 81319 BPz3nuL,success
1779021045,create record thing 465 gykW 74870 hWpL 95863 cUmo8n4z,success
1779021045,create record thing 955 OmQHgcI 90617 fdeALc 32905 fy8JSPfb,success
1779021045,create record thing 948 t3k4jI205z 71341 UeMc 38270 h0mFU,success
1779021045,create record thing 104 sqjdte 8045 D9fZ5g5xe 62986 12Xh,success
1779021045,create record thing 888 WgQ5Y 17741 4Pa8GX 11569 fiH0si,success
1779021045,create record thing 979 5e5nB0w 49881 1leI7c 83512 s8OxW9k,success
1779021045,create record thing 876 jv2eo5ndL 56799 leHYu9kOT 9837 iwEY,success
1779021045,create record thing 82 CHRrG4ALF 78365 8bg9R 44660 B64mwF2,success
1779021045,create record thing 297 9BSCyiOzbx 1047 bcs95gn 49554 O71qWFWg,success
1779021045,create record thing 792 aNYz 78578 P9Xg 17770 iDkFgvXk,success
1779021045,create record thing 234 ijkja 36401 ujl9Ksa 12093 TICX,success
1779021045,create record thing 678 xWR6v 3893 0Wm765kNK5 1003 5rN6wE8LCo,success
1779021045,create record thing 47 5be3g 37709 SusM2hVVfO 37737 IXr2hcf,success
1779021045,create record thing 72 P5nxUE4N 3268 9CKhjnOSS 32844 YyJtu,success
1779021045,create record thing 722 74WKsV 71399 rJTZLANQwj 79657 HaeduCoUx3,success
1779021045,create record thing 197 yiz5 54821 Is3dwNFmS 80735 jLyqCZ1l,success
1779021045,create record thing 592 2arlU3ksab 10487 RtSv6yg 70068 tr75xZ,success
1779021045,create record thing 371 Yarwd9nO 81341 uLw50tHYGo 36639 4iAl,success
1779021045,create record thing 883 MfjE6LZbf 60818 5khQK3xn 649 nhwcn0K,success
1779021045,create record thing 907 cG6wlcfK 13925 opxnLfdd 2841 ROAxl,success
1779021045,create record thing 634 xSrEFw 78604 aB9Yia 45105 XnUfxMCWV,success
1779021045,create record thing 644 urTZBW 15501 sUmM45P8 56086 SvvOOVe,success
1779021045,create record thing 850 WjfR 42094 HzeSdie 14926 DH5bNDA,success
1779021045,create record thing 301 pjQhwj 18095 YGrFz4f 37495 jtbbUCu4JH,success
1779021045,create record thing 566 jpRmqvOFx 80295 hD7Sg 86390 mQzJ2vnG,success
1779021045,create record thing 81 fWPb 50834 vRylBXn3di 23996 tv74EZ,success
1779021045,create record thing 388 y5xDzGFKj 36527 XrwhtMt7J8 54893 x51iP1,success
1779021045,create record thing 128 hBzELotbBW 33738 21eJs1O3l 25674 3C9Q0P,success
1779021045,create record thing 550 a48SC2x1s 85909 CmOG 12269 CQ69ip,success
1779021045,create record thing 471 N2Q5Rqd 51735 yTamNP0 68186 mg92Zb6,success
1779021045,create record thing 748 3SGF 35182 yp7Hm 98662 ABJbW,success
1779021045,create record thing 45 6QLET 11245 mauPLrA4i 73700 4rSd1j,success
1779021045,create record thing 827 w145xZ82 10150 3sgv 69546 QRd2nGFNT,success
1779021045,create record thing 271 rNdd 31718 vxFe 27993 uGOrODCvdc,success
1779021045,create record thing 619 a5Gtrg0Bq 11955 c3WOzLRO 26765 RBgFy8G,success
1779021045,create record thing 353 gJDZBJS 26471 mzDctb8Hx 33499 NevuRH,success
1779021045,create record thing 868 wopOV 66739 ryOf4 91802 ucQHqAH,success
1779021045,create record thing 368 1a2mjFm3 60558 DxKYn 41504 NYSk,success
1779021045,create record thing 100 2wsgo 71351 Y6a45hS 1045 CZISkDDCU,success
1779021045,create record thing 390 h2FihTO5mW 8058 BfeZ 93890 rlPE37vO0Q,success
1779021045,create record thing 95 9fM5SAh 75972 NgwLvyVz 5333 LQGorqbS,success
1779021045,create record thing 991 kZriP 89410 wWM7lZJVp 81758 abQDpdhEN,success
1779021045,create record thing 345 f6cR 5748 yZja 66049 ivJm,success
1779021045,create record thing 782 04L14m 41765 FSw3Lg 74770 Dfpp3Fz,success
1779021045,create record thing 221 yrZYbm66Q 86166 AjGtHq3 21816 EhaYQTOby,success
1779021045,create record thing 160 fPxb 11274 bVrZEh7m 7473 Rmo304xSZ,success
1779021045,create record thing 965 YfdSK 68986 KoIGTYtZ7k 84370 u7dH6,success
1779021045,create record thing 349 lQMo5RNzfV 51630 HNFYi 17970 NGv9VsCRp,success
1779021045,create record thing 984 024n91f 45724 InWp1A5LM 38039 fKhtP,success
1779021045,create record thing 715 o9TwbTzE 62775 1FD1hGYn5 56681 GPwfO2Wk,success
1779021045,create record thing 164 kjAAFQa 91650 mNfyYkINP 93601 7asKYJgu,success
1779021045,create record thing 826 DCA8ZxbZ 73012 7Gt546 38129 Vg6y,success
1779021045,create record thing 778 IleZK6v 51967 XHBO0t 56168 dOVa,success
1779021045,create record thing 7 lqRl6I3v 60693 MNVK 2361 g2va,success
1779021045,create record thing 891 FZcrJ8yNv 23744 olLYN 2054 kcWEm6Y,success
1779021045,create record thing 829 kxSiRJwDXN 3261 YEWfNryPL 53478 WEdx3Wws6,success
1779021045,create record thing 285 pSrO3 70314 Zv2mUqmsT 29968 6vHAjzEAy,success
1779021045,create record thing 604 GobPCw 61734 53sj 85255 VLnZpp8,success
1779021045,create record thing 460 9Q1bbSs 7808 9bkqCT 1073 Cr4V,success
1779021045,create record thing 226 mcCoT40KqW 45266 MQo5diIvv 88681 QNsvO,success
1779021045,create record thing 430 fnoe4KVQ 89724 ZUMZu 10311 S4govb9kw2,success
1779021045,create record thing 987 qI0xlPgdwn 25223 Svs7qU8X 82026 KueP,success
1779021045,create record thing 719 vwUnCb 54772 DHgCp 32791 f00PZxA,success
1779021045,create record thing 666 VUVpgUbph 85852 yaMdJfZ 31522 WoMu,success
1779021045,create record thing 734 BEdu 93359 SYH4hP 94840 BPgkVro,success
1779021045,create record thing 204 GI7tv6OOdw 31757 scQIWop 17368 wxxlLgu,success
1779021045,create record thing 575 brq3GROp 80614 nX2Q1P 76710 DQgajK6,success
1779021045,create record thing 28 LyWvdC1 66746 0iMU 95833 EYjgIy3W,success
1779021045,create record thing 617 nCWhbiF 59142 aNvKMTx 25755 pta9,success
1779021045,create record thing 518 iOUG 73460 Icn6N2k 41446 yVcOcaWW,success
1779021045,create record thing 239 zQQseS 19162 WHfep 72018 ikdUgpxgt,success
1779021045,create record thing 224 aoOkX 22781 VTQe 98600 xhWzzaHPQ,success
1779021045,create record thing 96 6DpxaUKsE 63195 cbipS 6600 4CAqwXX,success
1779021045,create record thing 31 HLgnaxV2K 10551 qNw5ADMv 51050 hlAeBTYQPF,success
1779021045,create record thing 33 iAKyiyZ5Bn 3310 wmgH0D 37551 9kiQ5Vrxes,success
1779021045,create record thing 433 2kATa6g 59910 WQkPxso 78769 9Tm5qbp,success
1779021045,create record thing 605 x8yFDb 49467 I7arnQ5o 95543 Qev8U,success
1779021045,create record thing 90 WR6hN 63249 xLrc 34632 x6if,success
1779021045,create record thing 559 ChjDGbHB 76465 9ydZuBLWTO 75569 3KBLt5i,success
1779021045,create record thing 914 hr0X9wT 72468 Hg68AENQ 92611 zp9mfK,success
1779021045,create record thing 759 ZBl1zz 39988 zEIeJ3GQ 77329 KKy8kcVNa,success
1779021045,create record thing 693 AElQ 22510 yXQA 15798 ZeMGqc0tLd,success
1779021045,create record thing 105 PLUxWFv 55194 1Q4HZj09nN 19070 W3gYeL,success
1779021045,create record thing 755 lI2N04ZZ1 23527 Y9Rz 4891 RyJq,success
1779021045,create record thing 143 gmVpot 28524 dp3XLGTWMO 56183 PwWHirTIU,success
1779021045,create record thing 229 1RCN3u65 54858 Fem7D5C 62681 iDosa5sOO,success
1779021045,create record thing 251 0qQGXSYdP 32195 TAta3 13091 XrkVI0j9b,success
1779021045,create record thing 282 rYUaLBv3f 87596 FO8zqLJgE 25218 HR3CtZi0,success
1779021045,create record thing 760 QMFZ 50533 e3WbmxMlJ9 4618 7oxxK6Akk,success
1779021045,create record thing 26 oHfpZM 71010 ULbMoXhO1s 49616 PFlzmsG,success
1779021045,create record thing 115 oomw6Tx3 33344 cAYYkpIxM 17504 ubqvZJv8,success
1779021045,create record thing 655 I4GMxq9DNa 74621 YL7rmL0 61646 uqhImcK,success
1779021045,range_search thing id 603 777,success
1779021045,range_search thing id 281 420,success
1779021045,range_search thing id 564 824,success
1779021045,range_search thing id 973 987,success
1779021045,range_search thing id 218 499,success
1779021045,range_search thing id 292 917,success
1779021045,range_search thing id 661 866,success
1779021045,range_search thing id 683 876,success
1779021045,range_search thing id 529 751,success
1779021045,range_search thing id 441 901,success
1779021045,range_search thing id 604 879,success
1779021045,range_search thing id 626 922,success
1779021045,range_search thing id 265 732,success
1779021045,range_search thing id 17 435,success
1779021045,range_search thing id 718 772,success
1779021045,range_search thing id 469 491,success
1779021045,range_search thing id 894 949,success
1779021045,range_search thing id 599 625,success
1779021045,range_search thing id 88 954,success
1779021045,range_search thing id 268 904,success
1779021045,range_search thing id 451 535,success
1779021045,range_search thing id 83 109,success
1779021045,range_search thing id 987 999,success
1779021045,range_search thing id 221 757,success
1779021045,range_search thing id 267 1000,success
1779021045,range_search thing id 955 983,success
1779021045,range_search thing id 106 450,success
1779021045,range_search thing id 402 893,success
1779021045,range_search thing id 850 941,success
1779021045,range_search thing id 429 871,success
1779021045,range_search thing id 746 829,success
1779021045,range_search thing id 1 669,success
1779021045,range_search thing id 347 425,success
1779021045,range_search thing id 556 928,success
1779021045,range_search thing id 518 734,success
1779021045,range_search thing id 967 968,success
1779021045,range_search thing id 703 752,success
1779021045,range_search thing id 394 897,success
1779021045,range_search thing id 679 828,success
1779021045,range_search thing id 268 844,success
1779021045,range_search thing id 909 996,success
1779021045,range_search thing id 186 395,success
1779021045,range_search thing id 291 503,success
1779021045,range_search thing id 993 998,success
1779021045,range_search thing id 626 953,success
1779021045,range_search thing id 446 975,success
1779021045,range_search thing id 336 355,success
1779021045,range_search thing id 905 940,success
1779021045,range_search thing id 332 349,success
1779021045,range_search thing id 662 833,success
1779021045,range_search thing id 801 905,success
1779021045,range_search thing id 419 653,success
1779021045,range_search thing id 497 672,success
1779021045,range_search thing id 319 365,success
1779021045,range_search thing id 139 983,success
1779021045,range_search thing id 730 865,success
1779021045,range_search thing id 923 945,success
1779021045,range_search thing id 815 958,success
1779021045,range_search thing id 446 519,success
1779021045,range_search thing id 483 654,success
1779021045,range_search thing id 922 964,success
1779021045,range_search thing id 821 935,success
1779021045,range_search thing id 128 435,success
1779021045,range_search thing id 982 983,success
1779021045,range_search thing id 865 898,success
1779021045,range_search thing id 339 396,success
1779021045,range_search thing id 883 970,success
1779021045,range_search thing id 880 910,success
1779021045,range_search thing id 552 717,success
1779021045,range_search thing id 893 983,success
1779021045,range_search thing id 503 722,success
1779021045,range_search thing id 763 807,success
1779021045,range_search thing id 774 870,success
1779021045,range_search thing id 896 934,success
1779021045,range_search thing id 527 931,success
1779021045,range_search thing id 74 718,success
1779021045,range_search thing id 422 677,success
1779021045,range_search thing id 530 861,success
1779021046,range_search thing id 295 881,success
1779021046,range_search thing id 251 667,success
1779021046,range_search thing id 881 952,success
1779021046,range_search thing id 890 896,success
1779021046,range_search thing id 688 885,success
1779021046,range_search thing id 201 531,success
1779021046,range_search thing id 525 704,success
1779021046,range_search thing id 227 246,success
1779021046,range_search thing id 738 781,success
1779021046,range_search thing id 23 811,success
1779021046,range_search thing id 82 952,success
1779021046,range_search thing id 783 819,success
1779021046,range_search thing id 450 836,success
1779021046,range_search thing id 616 786,success
1779021046,range_search thing id 87 912,success
1779021046,range_search thing id 626 958,success
1779021046,range_search thing id 214 215,success
1779021046,range_search thing id 778 853,success
1779021046,range_search thing id 659 916,success
1779021046,range_search thing id 881 928,success
1779021046,range_search thing id 151 876,success
1779021046,range_search thing id 502 737,success
1779021046,stats,success
1779021067,create type thing 6 1 id int name str score int city str age int note str,failure
1779021067,create record thing 777 BKsoRRC 90096 5WMO5 55723 HO4Z,failure
1779021067,create record thing 508 dXKZ 37828 hQR6FEe 5224 TLboP1K,failure
1779021067,create record thing 896 9Pqc 99125 DO4lK 83202 EfvuP1uRr6,failure
1779021067,create record thing 923 VcfphV1Za1 60552 dGMEBdq 17172 BRh8Lo,failure
1779021067,create record thing 34 tazn0 14871 6Oj5sRz 63242 pIx5F21,failure
1779021067,create record thing 484 V0vWqa 95164 ZJO1BE 43573 Vx518ox1,failure
1779021067,create record thing 86 cURYxPY 19936 7h7ug0g 59890 SzOj,failure
1779021067,create record thing 751 WqMyeuP 69942 7M3EHMo 89705 9UAgN2,failure
1779021067,create record thing 355 ksbudwA 32007 zQlkLxQE 76435 oNCP3,failure
1779021067,create record thing 524 3QjBvKN 55615 p0mxDoJJ9 38696 8OrJ,failure
1779021067,create record thing 185 W84UZ3WoX 28705 lpUVQigMc 57779 JTfs,failure
1779021067,create record thing 810 zmW2wFqk4 63156 s1XDeUnPPy 73048 fyqhwU,failure
1779021067,create record thing 419 KY6gob 73584 4ndZ4s 53516 i6sE,failure
1779021067,create record thing 616 oHyx 97404 6zUjzgEz6 4288 wB61gQH8w,failure
1779021067,create record thing 683 r86ZfnN 2799 WphJ 8992 Vmn1uj3a1i,failure
1779021067,create record thing 502 HXg1i 46955 WKaqhAhdBw 77812 CnMT,failure
1779021067,create record thing 761 OsNb90AgSB 10589 LerNHu 78301 sFAXhO2I,failure
1779021067,create record thing 50 nBovCzfAPx 20006 5eZffTYIK 73608 uhvPU1S8,failure
1779021067,create record thing 733 tgFjD0vI 15058 roAIVMPILO 90894 bqV5vl,failure
1779021067,create record thing 337 JyiNb 97794 nAvwSWJf 6895 jMPqP,failure
1779021067,create record thing 451 LznFvgQ 77743 Gtn9dm6 17987 puaUkxRFZX,failure
1779021067,create record thing 791 yUBC 10205 tAzNrz7k6C 90388 f0pKGy,failure
1779021067,create record thing 351 UnWeNG 25415 vTYYojmLVO 23218 MCIJQ2N9u8,failure
1779021067,create record thing 468 jeBsrd 66497 tCdZ 10057 11MFCIX3B,failure
1779021067,create record thing 623 JlLF7BYZ8f 84689 cR9GL 47696 4yWQdN,failure
1779021067,create record thing 477 efQrSO 78997 jfP4tOPhRf 73259 NuhR694,failure
1779021067,create record thing 615 OAww 23627 vVl9j 38770 WFHTGP2MLj,failure
1779021067,create record thing 555 ZVYkB 53852 PoBrUB 69993 tYDZw,failure
1779021067,create record thing 366 9CrxG7YX 18140 pN2Ig00rVq 67286 Zf4Y2,failure
1779021067,create record thing 771 zyxx 10696 ntgSuj 5020 4DZVDM,failure
1779021067,create record thing 631 bnj6 79807 AWohoNMd 65513 HNJSsavJ,failure
1779021067,create record thing 941 Pf8eG 66496 9IyDN8pbWv 96068 MVTucHYkW,failure
1779021067,create record thing 798 8DliS6c 26422 X2tt 52196 HpUlwW1uhw,failure
1779021067,create record thing 497 U3x8EE5 68062 XTeLYH 42101 eOtL,failure
1779021067,create record thing 925 kBBT4MA 83816 6eNwXQ7iLW 4561 eWwxJ,failure
1779021067,create record thing 370 jBwBeiwt 36528 7blG4 15435 WRnLR9,failure
1779021067,create record thing 597 h0C3B 11506 Q0tveH30S5 83584 XFhmi,failure
1779021067,create record thing 721 EwJC8i2eyS 62739 zzJhteCG 16821 WNl7A4dhjk,failure
1779021067,create record thing 54 5n6Gre 25729 7rMMfNKKk 81851 3u5c1f6Vq,failure
1779021067,create record thing 427 VzNEM 37967 7DXQsedBE 26741 LtST18,failure
1779021067,create record thing 57 VFgoh 58929 id61z 20932 uJtVEFEtb6,failure
1779021067,create record thing 265 CoKdrL0P 37453 agiqwzcd 73638 wrxBI,failure
1779021067,create record thing 773 9Qh8yXv6Um 66731 FciuDCL 67568 uMk9T,failure
1779021067,create record thing 186 KFFEID 2180 ugzt32 82478 LqO8,failure
1779021067,create record thing 467 JSKkMM0j 89224 b6gbt 19848 QzW52Td,failure
1779021067,create record thing 790 GI9Dx 22699 4vvVSNQ 79963 lpIn8sr,failure
1779021067,create record thing 175 QEDI5 94589 rJH3yv 19198 c7e5OU,failure
1779021067,create record thing 151 mH5Ri 80698 KpPGNdzSg 18018 78jO,failure
1779021067,create record thing 742 Dm7tO4f 75252 HS64k 23040 9yE6,failure
1779021067,create record thing 114 52aJg8r9HE 17589 FqYuTOSaus 88395 lLNzAuyf8D,failure
1779021067,create record thing 429 axBqu 76344 JqwoPCjQ5 92216 th4sMnijUL,failure
1779021067,create record thing 966 R4UXZVQ 78094 WGGw4gZ3mH 21566 0BQSE3,failure
1779021067,create record thing 19 YCFCdCY 94801 yYUJ 5936 vd95e5b,failure
1779021067,create record thing 190 liNT7x3 58790 4xe72i1h9y 16691 8ZU8CSAxo,failure
1779021067,create record thing 415 vr6SgYz 2050 mgcLR 6380 Tyon1,failure
1779021067,create record thing 590 i9o4 75511 JVYo29 68321 zrIKT,failure
1779021067,create record thing 667 MAE86 87994 WtzjxUD 29536 1iCdzz,failure
1779021067,create record thing 764 ipmO50fS 24966 qPL2 24662 VSID1u7a67,failure
1779021067,create record thing 222 UU4R 92244 yotrC 85029 tw2CXS,failure
1779021067,create record thing 587 04wzInjq5J 54732 juxZEO 89764 pY7NEk,failure
1779021067,create record thing 582 viHl397G0e 87584 Vz0o 92690 aFxMP,failure
1779021067,create record thing 300 4OaGzbSH 37576 FRA6 23496 4GoM,failure
1779021067,create record thing 639 YqyxzJ 91388 sZe9O 4152 zxDN,failure
1779021067,create record thing 387 kEAWJ1fGc 27710 QJq5QrHOl0 2052 KUSye,failure
1779021067,create record thing 365 IJ0PH 50311 TXQeUvgoeL 80460 yVbq9Ew6,failure
1779021067,create record thing 880 lKxVspe 35123 xWjyw 11995 6BVg,failure
1779021067,create record thing 335 lBIz 3442 vfLu 50493 syf3,failure
1779021067,create record thing 17 Jkxis 64634 dAAEe 32990 SEMCi,failure
1779021067,create record thing 203 6uMX 43193 uY18it6 26326 t78sREJ,failure
1779021067,create record thing 2 urWw5 26188 9lVbT6mX 90811 YXzE,failure
1779021067,create record thing 39 spjAxBLKH 90663 HXw3HNf 32536 PkLINO7uX,failure
1779021067,create record thing 291 aqFG 76089 JByVKFvbg 54522 h6it,failure
1779021067,create record thing 494 WGvgSCe 5856 SbvgX5TFIu 55885 ozlNAbM,failure
1779021067,create record thing 248 BAanr 92243 XJXHwmhPE7 41078 yyhvCkPX,failure
1779021067,create record thing 507 KPtohxiy 78174 JAEH4 22706 krl0M17E,failure
1779021067,create record thing 897 Y7FEQ 54477 0EfbVsrHk 59942 UVIhhWZw,failure
1779021067,create record thing 714 UVBnATOp2b 34447 1f1hYn 96680 Q1LAMWYX,failure
1779021067,create record thing 892 vrHuRrq1 89037 f7W491h1pS 32447 0yiNMxeXVy,failure
1779021067,create record thing 77 r6w6uaVTT 60089 PwdHnAnqZ 44270 JJEvQdgW,failure
1779021067,create record thing 912 b5jC9A9 17290 s22fwfPOd 81999 TUAffn,failure
1779021067,create record thing 793 ioQa 91173 Y9Aiex 95782 gt2iVUi9iG,failure
1779021067,create record thing 509 Lkvn 98077 5MBn3 18351 hTvAXpNpLS,failure
1779021067,create record thing 178 WQ0OsG 66784 Usd37 64865 gEKG895,failure
1779021067,create record thing 843 x0AHk 61736 eKan56yrSV 55518 yNHjfe58j,failure
1779021067,create record thing 201 yNZQeR 95677 op5hLdPOka 17984 aEvGYqxU2,failure
1779021067,create record thing 766 2VbYqdSJe 59663 wEJwpgJS 29937 Fc1pDxj51,failure
1779021067,create record thing 910 XSOnp4tZ 74912 hPdnFc 52550 21Vt,failure
1779021067,create record thing 294 IamI 39834 MCKEVm3Vp 835 bHNQauV,failure
1779021067,create record thing 539 0TgGoEd 18661 rco0z3CUK 66247 NyKdP,failure
1779021067,create record thing 25 oqtXR 96384 tqemWK 20369 kCzH,failure
1779021067,create record thing 695 mtqhjQZRcZ 42964 fpwFP 34100 9bzCUpCXia,failure
1779021067,create record thing 211 WnmyQ6fK4e 8450 3Bh4Z 43456 cCkJ,failure
1779021067,create record thing 425 SExAv4rBjM 80868 OE2Df 50202 zNXp9,failure
1779021067,create record thing 529 X9WwHE4F 50905 ltn3Wd 61824 wKojpoHX,failure
1779021067,create record thing 35 d9n0Xv00k 77662 XR4bR6 73873 Il92E,failure
1779021067,create record thing 929 kcdLbD 43481 miS40ubK 18566 gGweRPKuu8,failure
1779021067,create record thing 399 6X7Ok8R5W 29260 KktQhT66y 74381 ltYL,failure
1779021067,create record thing 608 J6iUo8k2f 92925 N2Bqpepga 50585 T82ExHg,failure
1779021067,create record thing 299 WJVnBXc 2631 qgv3je 12203 KMDb6k,failure
1779021067,create record thing 849 jgmlRST 34768 rodJ0jwAs 86772 Lmbksf0ty,failure
1779021067,create record thing 669 3qNyxxl 5848 BqZIjR 12675 PYzU,failure
1779021067,create record thing 283 I0YzH 62236 2De3SF3X 88805 j6B6knlc,failure
1779021067,create record thing 940 9A9M 77994 tTYfII 36202 C2WMGAzj,failure
1779021067,create record thing 945 K7ggWW12 53856 xELcri 79777 Rc3uoU53b,failure
1779021067,create record thing 607 Xt01Q8osUV 42056 TLfB4z 63499 GxdXeRzWGJ,failure
1779021067,create record thing 960 lZZpC 47235 mwCy5QpEB 62204 IvZqZfbd,failure
1779021067,create record thing 935 J71OQqzbWV 1166 4OLapXs 92978 r30CnsGMK,failure
1779021067,create record thing 732 FP0x 84848 Lsgd9N1q 93204 sjV3XXLOQ,failure
1779021067,create record thing 288 bEs4zTK9Y 44979 SQND6wskO 73170 sDTSI,failure
1779021067,create record thing 528 63Onn 40250 Wuqs0D1 76490 6e3F1xsd,failure
1779021067,create record thing 808 j9v939i1lf 43598 9tdCmVJjW 11539 MNz7x,failure
1779021067,create record thing 230 HT63 99201 GbaTo2tgFs 8557 c6CGGAQi9E,failure
1779021067,create record thing 437 l64zoTiTKk 48049 Oc2pHd9PO 2587 QzxH,failure
1779021067,create record thing 29 RmQaAgG 81631 Rz3FMrWE 79823 WZ8wz,failure
1779021067,create record thing 375 cEm5u 358 P4ZP 19548 WeS4,failure
1779021067,create record thing 820 o9sCgkcsX 40987 TfVc0Pk 46861 7qTxvhy,failure
1779021067,create record thing 317 qx0XOXh 91248 d6jzKXQlx 47002 bQZ8i5hz,failure
1779021067,create record thing 561 dOa1 68788 USn72GQMAT 63167 PNjZ3M,failure
1779021067,create record thing 242 Nj00 21679 Utur 66444 IxYeB,failure
1779021067,create record thing 150 B1BhEOgz 73024 afLMsFmP 44676 ZY0uVL,failure
1779021067,create record thing 517 OShVnvZ7s 68417 RckiSS 14019 Ll5yCW,failure
1779021067,create record thing 418 uUcNPh3CK 66086 7aTIA 76692 5W4QkYg,failure
1779021067,create record thing 661 L2Fx84Vq7 38557 XiL2F0H 41144 TInnSQ5iS,failure
1779021067,create record thing 199 FRthv 62963 JPzU0r0Y 68515 bjPm,failure
1779021067,create record thing 586 W8QjdWmHwC 80754 PInOyFXRQc 50014 zWQ7dUm,failure
1779021067,create record thing 326 W1Z4ROUHLW 25362 B8e7Th 5326 rqj0aC6,failure
1779021067,create record thing 824 jud5 80689 PEJwWtnleF 54516 HfnnuwnU,failure
1779021067,create record thing 703 DIUOhvoN 81412 7Qt46 50577 Hr4YxX,failure
1779021067,create record thing 950 EsOtff8 70513 aePV1AgH 92109 WO6UjCufd,failure
1779021067,create record thing 516 peY4zBztyh 773 SdUc0wFrQ 79503 r5xY,failure
1779021067,create record thing 865 DHiy 71529 7iP4XT 48906 IIha,failure
1779021067,create record thing 837 yHfnTTn4 67181 jnZml 74356 dU9INePpmJ,failure
1779021067,create record thing 878 wPorel 63682 uOQjJY7 22103 tWSN,failure
1779021067,create record thing 360 0iT2Cw 40038 IkL01iH 34502 2eebFbKzK,failure
1779021067,create record thing 595 IH9D 19481 y3K1iF 11869 wao78QU,failure
1779021067,create record thing 789 Bl6O7 96458 DwnEdwcm4 47349 DCc8uRG,failure
1779021067,create record thing 189 qTJJxxK3ep 29215 zYvX3a2B 30145 Frjj,failure
1779021067,create record thing 67 ShoYSDDn 21134 ZbcJjNcJd 33850 Gz8N2,failure
1779021067,create record thing 356 PrfB91kZL 76368 VMFkQ5Kexi 2170 G4QZL,failure
1779021067,create record thing 800 DMcWF 15403 DiLZ 88940 AA2RA6DVv,failure
1779021067,create record thing 903 TVRgiDo1r2 53562 lRWJha 85792 QtwjO,failure
1779021067,create record thing 921 qHJL9y 26698 IIlID9J 92470 T1OUBRk,failure
1779021067,create record thing 943 FWXMQ 6822 yNXZD 78675 fqwLS5y,failure
1779021067,create record thing 331 GSL6YNBmO 67915 mWFRMP 47151 O8fry,failure
1779021067,create record thing 728 yKGTefrZ4 45625 7rLm5J 34223 zges6,failure
1779021067,create record thing 397 FpHXpBxDpv 60142 CKbheN9Po 41383 7GaZpfP,failure
1779021067,create record thing 464 vIltnJlU5l 96614 opqoZ 81080 jg5PPM,failure
1779021067,create record thing 394 170xt32Jrl 66995 yUhGA6 4268 v1WChGta,failure
1779021067,create record thing 312 nKuLqIoDM 47962 EnRx0 36651 liJogqo,failure
1779021067,create record thing 681 1mXTDaA 17625 NHtEp1cgkn 33330 0fUqwIY,failure
1779021067,create record thing 745 bh17mJ 85082 kWwPET3x 37555 NikYuNJ,failure
1779021067,create record thing 922 4evtOSLy3W 47600 K7zlbTP6R 10494 kgd2I,failure
1779021067,create record thing 462 VG9g 81015 f5yoT 58085 hGkcw41C1,failure
1779021067,create record thing 523 Ii6HKC 98161 2ANH4Doft 54028 jaGVir,failure
1779021067,create record thing 632 a56DaAso 946 xzIykTyx 34469 AoV4,failure
1779021067,create record thing 491 RqOGqleigC 59345 REtj8b 13405 qSTojE,failure
1779021067,create record thing 196 AWExRb 10515 UjqyHl3pxa 93674 x8p9m,failure
1779021067,create record thing 257 VG8DQtuNc 72034 hDswdP8o 56906 aXKyp8,failure
1779021067,create record thing 694 WDKxfjfM 99557 dwjHgEtIN 45523 3TbxSpcRIH,failure
1779021067,create record thing 741 llvTrZ4 72682 ejsqw 94 Nxlb1WoSOH,failure
1779021067,create record thing 578 lQVjrzt 12616 Oc6lbglb 84115 yEMKdnSa5O,failure
1779021067,create record thing 158 eXdI6zwRZq 5328 es67gSGlG 32605 MlUzgNwC,failure
1779021067,create record thing 613 AgXIFOHL5 41307 9uxVATLI 28039 V5p7ByT,failure
1779021067,create record thing 393 KG9ssn 41275 V6Y4 67013 JJfCjq3p,failure
1779021067,create record thing 970 Yfy4TS 63246 E3RYf 84181 cYxW5u,failure
1779021067,create record thing 689 A5hVU05NNd 68731 tJuR 20079 P98U,failure
1779021067,create record thing 362 FnryifJd 52322 fFViiI 63944 OmMTpeW,failure
1779021067,create record thing 817 QJgzwl 45157 OVkvYXMB 30603 QjTfT,failure
1779021067,create record thing 402 651Ya 90937 gBbmHmGqDT 18526 RbKPckrWM,failure
1779021067,create record thing 93 C6eO 86898 4wgs2x8FS4 63525 Lfm7ISc5sE,failure
1779021067,create record thing 918 jvvMo8FYM 50747 966nvyiTGQ 81988 ooj84uHmi,failure
1779021067,create record thing 490 QmiQ34A4 19025 54tI6ht2T 41771 7sUYNTj,failure
1779021067,create record thing 452 glVLq 74323 ooQwQDFL 93325 x0EilbVaq,failure
1779021067,create record thing 252 nPmmk7B 80879 Q13AWLZ 94398 y6JHNR,failure
1779021067,create record thing 654 GBZc 32207 H8cyV7lB 39918 ZCAMdGiZCS,failure
1779021067,create record thing 770 lK3H 51520 ubC332f 42477 OSkTfRNfR,failure
1779021067,create record thing 671 XF6xxV4JO 19672 1lSAt 58491 MhimMp,failure
1779021067,create record thing 130 EEYLEnO 59472 BLa2rMY 27215 ldvj,failure
1779021067,create record thing 638 PZs5 6426 zlPL 90638 KWkCJ5fsw,failure
1779021067,create record thing 992 YV0eDh1 43150 znmdJ8Gf 94905 LWRA0qJM5,failure
1779021067,create record thing 343 IGNElLR8 207 bMh0 80649 zuINamr,failure
1779021067,create record thing 309 esIVhuyJ7Z 25430 Z5DDci 20366 C13CY5dGJ,failure
1779021067,create record thing 137 tHmQX3v8r 4085 8M0JyK 98505 RtbzEo,failure
1779021067,create record thing 89 ZsGkxcm 12137 FX4jvD2 40679 uVg8G9mcy1,failure
1779021067,create record thing 328 a5QK 11413 CcGOtJ 40913 3tlrtBhjq,failure
1779021067,create record thing 476 7IgH 72006 q6XJkt 44399 BiDPgdAl,failure
1779021067,create record thing 982 3NQBwumV 69924 8UCi 91566 gtNVD6i,failure
1779021067,create record thing 851 pwl4u1uE 8567 gD0rvJF 53174 SgIesCKopj,failure
1779021067,create record thing 893 xvYKWAW 71372 oPe5JEKCI 58355 tzLQK,failure
1779021067,create record thing 376 xEOfY34Naj 19558 GyJmQtJ 89071 46S49K,failure
1779021067,create record thing 179 9zhswIdR 47086 11oR 51677 txxHPDlx5,failure
1779021067,create record thing 27 zr2haOi2O8 17796 iX13 91146 5MCAYxnA,failure
1779021067,create record thing 350 J0oF 53849 JccDwJ7e 95706 G1UrGGLpN,failure
1779021067,create record thing 500 7eNXtdvWD 67195 Juv8skR 78333 sWqNJJOsT,failure
1779021067,create record thing 475 rfF0 36418 ir1agk 77564 jBYqREX1v,failure
1779021067,create record thing 618 7KYZ 98665 VoBNnTv 84182 UhkysU,failure
1779021067,create record thing 698 5oQyqGArXx 41377 Qc4N7A41 43904 qgOyVU,failure
1779021067,create record thing 51 PVGQ9taae 53903 GQvS 33016 cMdK3,failure
1779021067,create record thing 212 6NRh1 17027 O3J73Rp 61204 6N5rA4Vuk,failure
1779021067,create record thing 382 rdy9 33847 qBE5LlEiVn 84323 4Sge,failure
1779021067,create record thing 884 TWbEOacy 19871 uyaRVDzTY 9188 oxQWhH9u,failure
1779021067,create record thing 174 yN7fH7 10545 CVOkcxlR3N 47089 fNTilSK,failure
1779021067,create record thing 148 yXNE7Y7 2151 vuSz 27745 OG61HToeTE,failure
1779021067,create record thing 420 D4cR 17109 kdtX 59793 kKYgEXnX,failure
1779021067,create record thing 962 uZTyhQH 42151 7nckdqUkwk 31934 cg0LWaEa,failure
1779021067,create record thing 149 5RKrQ 62391 hiqBokQKS 80222 MWva,failure
1779021067,create record thing 976 l98M1 70742 nVOrmXQ8 62182 kPcNrAu,failure
1779021067,create record thing 80 3CgdHjbFeo 58303 JzU3ogoo 54079 m3eKdBnLlx,failure
1779021067,create record thing 776 SN8mhQd 17891 0Ckv 38687 jX74JIoz,failure
1779021067,create record thing 303 E9KZrTTp 42899 J3KjJa8 5250 TFAyYRg,failure
1779021067,create record thing 996 oIaT6is 84887 aPkC 74760 K8CiRl2MR,failure
1779021067,create record thing 526 1e3u 4287 Aq6HXW 10611 2Td6P3gw,failure
1779021067,create record thing 775 cwORIViu 70730 OTU2 92123 UVt3F,failure
1779021067,create record thing 232 rdvEGhS 88907 HsMX6Y6e3C 10508 3r7grRE,failure
1779021067,create record thing 626 m7bzQ5DATb 24780 bXZG 44024 JOWEPGI,failure
1779021067,create record thing 801 siWkqE8 6202 vCk5S 37387 80QPj,failure
1779021067,create record thing 562 h9JBw 26890 RP8jB8Hh 3266 5V65j8H,failure
1779021067,create record thing 510 uRDr68Jj 74086 4BQT3iIty 28883 wuLmGWV,failure
1779021067,create record thing 841 bHBPf 67081 mtL64wj 56051 xavtBI,failure
1779021067,create record thing 495 TB9Xr 95420 TzZLis9 68852 e7Ufz4,failure
1779021067,create record thing 120 kCJ4mZr 64302 ZsKE 96974 nXjsNNh,failure
1779021067,create record thing 478 3zEQphr9e 97722 KJ1MDR 15674 FJ0kdt,failure
1779021067,create record thing 145 ikqA4wrG6 67353 VlfUH 41446 0XqRwHviir,failure
1779021067,create record thing 30 Ev4gjnl3MZ 68898 GIUhCeY5Dt 47522 Y3LVv,failure
1779021067,create record thing 911 sUhhRQtn8 55680 VgbEAmcOK 61483 4csa,failure
1779021067,create record thing 122 W5m3 24219 vf066vjFT 31696 JgJanlr3,failure
1779021067,create record thing 606 aS550DRl 88280 lvxn 29825 g9hgiVR,failure
1779021067,create record thing 62 SfExCTQ0 29605 z9A13X6w 1675 EgBOfiyKg,failure
1779021067,create record thing 872 e8uK9 16090 ZSrSK 35779 WNyDLzErVg,failure
1779021067,create record thing 573 Eo6bTZ 65291 blLusMVOG 64512 CsEFHYHbV9,failure
1779021067,create record thing 6 xtxC 4306 I1sRE 17627 SEgPOQ,failure
1779021067,create record thing 927 DIjdqKxP 37281 dKhwYK 81940 xA9zdp,failure
1779021067,create record thing 640 OK4es 44249 buC1J 55203 bDbtJt,failure
1779021067,create record thing 440 YgPu 65898 VvMwBE0W0H 37664 c9yoUf,failure
1779021067,create record thing 730 JKqJGAveZF 39309 PtzpFPH 2438 R1Jn7UC6H,failure
1779021067,create record thing 194 045TdmCo 97836 V0z14N0qr 21048 QoojbX,failure
1779021067,create record thing 753 CIBOcj 17882 qXOk 5535 Eb1fL13zw,failure
1779021067,create record thing 627 2y00oJFhP 76076 5p2ohYuKyU 30924 ngnrz1d,failure
1779021067,create record thing 572 x6tAQ726 47578 SYb7L0P 7166 4PpxNR3QH,failure
1779021067,create record thing 18 1y4y8 33493 fZon34 82752 2Vzc1Z,failure
1779021067,create record thing 743 Dz0S2YZ 91551 FvLYTC 3584 dNNXiyMtfj,failure
1779021067,create record thing 915 SVOiKz6B 96360 qQZXm 54328 l262n6,failure
1779021067,create record thing 511 OM48mRky 56217 qfw6hSA5 59468 PhSl1WrEi1,failure
1779021067,create record thing 574 nZTllXb8 30865 BpKOfD28 52108 nxALeId5D,failure
1779021067,create record thing 139 967LUc 33247 Msyw8IJq 66027 52itGih,failure
1779021067,create record thing 192 8E8r 47263 r2MVqt3 41358 9Vj0OXdjo,failure
1779021067,create record thing 5 DkCh 64868 B9IC 14744 SjvmrZUYIP,failure
1779021067,create record thing 444 K8GJz 10070 VP3bQ 89212 yK6Z,failure
1779021067,create record thing 21 bCRDM 35300 OucMC694 74600 ndNud,failure
1779021067,create record thing 214 HLfp 31467 1f0kWrUOhE 56670 XtQiPZFE2,failure
1779021067,create record thing 65 qLfAwlN 12182 F8PO 93537 5GOfD,failure
1779021067,create record thing 412 4Djh 39375 pAJI4FFzCS 33211 pfFhPl,failure
1779021067,create record thing 302 0czRt 94908 UBYv4Yn 10252 8qPAbyaOC,failure
1779021067,create record thing 334 17LEM8w 88316 PXfilYRlb 63060 io01HfVjA,failure
1779021067,create record thing 193 kjR7 61799 1KmJ 51345 ug0A,failure
1779021067,create record thing 665 0TKIsEE 77468 LQYESGAtd 84974 3hMOBBk,failure
1779021067,create record thing 263 lvon4vL0O 17191 Syz6Ow 61908 8kmQfDkjEX,failure
1779021067,create record thing 648 smcb2wj 65991 Yuho 73660 E9WVV,failure
1779021067,create record thing 811 qjQFPR5B 59917 U8WL1gIFkh 26920 jsBFTg,failure
1779021067,create record thing 233 wYhm8VaZD 37585 kqSzNpUG 29908 XzzC0,failure
1779021067,create record thing 796 Q6BVSGeuyV 56894 yc5j 75308 88X2,failure
1779021067,create record thing 682 z2R2St 45109 Z3Lj 52944 N3MMBvY,failure
1779021067,create record thing 805 zmscuSTh9 37214 fIGUj 3655 HqZsAFT0qF,failure
1779021067,create record thing 483 cOhs 96581 C8X9 74133 3MHKvrWSP,failure
1779021067,create record thing 361 xTgGlWCjA 54008 fAin 10233 PyIW2K,failure
1779021068,create record thing 839 AB5E8ZihS 16958 FGRCcjI5h 53558 hJcj,failure
1779021068,create record thing 237 sxsbiW 55280 6srl 96948 aHecDtC,failure
1779021068,create record thing 628 WDSLVF 60415 BB1uXPzoyH 87876 TO1RJXR,failure
1779021068,create record thing 958 NNf7HU7G 98377 FbOG7rm 92486 3BYLyc1bBz,failure
1779021068,create record thing 583 Gxf8HrlVj7 88946 d7lSs 12942 i3p63d,failure
1779021068,create record thing 273 UKEUx 15083 dCzEzo 2440 IKgVOh,failure
1779021068,create record thing 202 zfNm8x9W 70455 7IcY7MO 21939 d5qp,failure
1779021068,create record thing 14 xvNKFcTIs 51813 hiIrAL7tQ 44909 qUCp8vCLa,failure
1779021068,create record thing 428 i5LaakIRE 51483 f2OH3YBh 49332 Lx0Y8hwlaU,failure
1779021068,create record thing 240 r5wfMsSoEw 36799 4RmmYy1 74593 EIOJQJeh,failure
1779021068,create record thing 85 h512 95538 r0b8QMQ2aA 88224 d6A9qQCwV,failure
1779021068,create record thing 533 nrABamfJb 96658 8Aepk 40737 MfDY,failure
1779021068,create record thing 173 X50pD7ZY 68114 oeLBfBh84x 90880 WdXd,failure
1779021068,create record thing 290 MeQIsxfU 30554 LOaxX2Mv6W 59516 ulgKeWmJ,failure
1779021068,create record thing 486 FwDMlichK 67256 Ut2Wjtvwa 76865 QdFZ1Amm4,failure
1779021068,create record thing 330 elDQCQ0Jus 43072 g24E5 83724 QCnDV,failure
1779021068,create record thing 684 uTml9webhs 25480 KVcbmk2Sv 72680 lb04b,failure
1779021068,create record thing 319 iO2unCwxk 69065 922ei5Xlxx 78584 8pcMlHW,failure
1779021068,create record thing 455 pNrhFK 64092 TWXMk 50871 2UxGlSGD7D,failure
1779021068,create record thing 250 y5Kcnm1y 40107 3J6xIif 58262 vKCMACzX,failure
1779021068,create record thing 847 qbBqe3 38603 FHerohwHuP 32771 UV0lLi,failure
1779021068,create record thing 280 UT4asYWzzJ 85892 DFVj 52101 oUDFW,failure
1779021068,create record thing 456 DYvf0A6zB0 3945 i2sTEO 46486 nAUVQs,failure
1779021068,create record thing 902 bW5j7uNL 79670 18myHlgJ 59183 3fgIbQEle,failure
1779021068,create record thing 762 roOedGk 53852 jgHDe71 17030 mARDL6KFQr,failure
1779021068,create record thing 548 9BZL 32353 uJECcfO4 45453 0XyZ0zlMA,failure
1779021068,create record thing 181 4lJy6o1 35884 HPeT34zVh 48330 UFWz,failure
1779021068,create record thing 558 pFCeR 98269 xU1yah4 42875 UEeIp6iY0,failure
1779021068,create record thing 629 ZLkhT 22079 PaqB 23322 S3HBc,failure
1779021068,create record thing 424 YNS3ytdaV 26442 xofA9 44186 lPn2XZkkzg,failure
1779021068,create record thing 844 uMM5yA 30462 guaOa 27887 nOrMc2z,failure
1779021068,create record thing 11 L8gH90k7L8 91267 Q8RuN2t 87342 eb4BFTF,failure
1779021068,create record thing 200 9oM3tTUMd 49089 sjmc5L6 96895 itWcXz,failure
1779021068,create record thing 426 rb0upH4PpQ 94306 LxtBa 64440 7d96,failure
1779021068,create record thing 535 fKZ5o 10245 StSpkpr 58755 m1D6wxDAL,failure
1779021068,create record thing 32 VYXbx0V 39351 HIkxsrID 43677 Sm4a1,failure
1779021068,create record thing 580 SE568xENK 53580 9h5k 57186 VUvRNw,failure
1779021068,create record thing 405 O5Tp 4522 wRbPjL6jpJ 86848 khfSxR8e42,failure
1779021068,create record thing 278 Zps7O 50172 tz2TfNWv 18705 U5yt9Y,failure
1779021068,create record thing 445 gVzz 37793 AkliEFgJn 26337 UYl8,failure
1779021068,create record thing 772 zMM1ksxrvK 62638 PgdUaK9 12693 GaL9V,failure
1779021068,create record thing 373 DuAw39Y 47344 yL82Xa1yZ 18201 L1rR,failure
1779021068,create record thing 723 pCQ1FOaN6t 83070 28TQoE 96889 Xv66DORg,failure
1779021068,create record thing 401 smiGJ1F 16759 XsPI2kB 15162 PonUOfA,failure
1779021068,create record thing 79 b5uxrSP6P 87225 5NEXu 29334 VLNxSTxN,failure
1779021068,create record thing 538 7BoqsgvK 24662 6JhtxTtKl 50875 twQXGLn,failure
1779021068,create record thing 576 a0tYsnQ 19323 rU0ZctFQ 35841 RDZERx8uZn,failure
1779021068,create record thing 549 5nT5W1TsY 20865 HuQ9 99315 yGrRm1y,failure
1779021068,create record thing 711 uX1d5 39855 OJBD3nX 25644 Ow1gW1x8Q,failure
1779021068,create record thing 42 5f8ld 67559 uAjSphysK 22608 UW9PfCYxN,failure
1779021068,create record thing 886 whfEPFb 75101 DRfKx9Rs 16414 uS1H,failure
1779021068,create record thing 633 YbIHYEG 76640 SWhU73lL 23584 IXhh,failure
1779021068,create record thing 859 OfpUf 16346 s7k8Opc6 38456 HiEt49LFQ,failure
1779021068,create record thing 140 YolsZ7Lnw 16841 Mepx4yfpA 91031 HeT9R,failure
1779021068,create record thing 386 SIOFk 20118 9AbLeh 14416 HeNwuq1na,failure
1779021068,create record thing 457 8n7WhG2 77178 YfvJrqgctU 23681 XQWI2y,failure
1779021068,create record thing 933 haFjhxTd 95082 8RpLRl9XF 36152 GS5oNfs,failure
1779021068,create record thing 814 tfeT6kdUIE 1401 P5iEQPH 16343 alZaAHv,failure
1779021068,create record thing 141 O596QcBk5 68618 kwivd 64947 k8uQZ01,failure
1779021068,create record thing 625 ssnTJn 39953 F3530daCs 14046 vSya,failure
1779021068,create record thing 321 EfFjhEj 86066 oysAlY 14246 OBiUa2R,failure
1779021068,create record thing 709 lcyU 4142 P678h 64103 EQhUWyTT,failure
1779021068,create record thing 458 yggbjFVoQv 78261 aDrfAMTlr 15075 qRPADWgTLl,failure
1779021068,create record thing 874 KNoic95AMf 6678 zsNouDF 84393 sqrv,failure
1779021068,create record thing 327 p3laOtr 36721 gl6wsgaI 17079 wYUKLo,failure
1779021068,create record thing 127 nx3iUh 76881 YlBg6MsDV 69934 jhzS3V0Iv,failure
1779021068,create record thing 133 BS4ez5 66043 bLRhcJXRTy 89744 18kUxWyq,failure
1779021068,create record thing 818 aJKa5 67213 FSq0sqh 29350 HsN6,failure
1779021068,create record thing 398 5qXNpZ 70070 avLw 10911 2qi3s9Maw,failure
1779021068,create record thing 916 7k8H8WWgU 50067 pMLmBumN1 51834 BTAjD,failure
1779021068,create record thing 994 ll1lETO 2758 klyLee 32145 48gGTYL,failure
1779021068,create record thing 416 xgaZ5iV 35082 6LXaX 71089 Y0fiV3YtD,failure
1779021068,create record thing 596 dQMhZ 13476 sFZi4bAj 85899 o2x2Zg,failure
1779021068,create record thing 259 9n7re 43741 w5fc 19805 AulA3,failure
1779021068,create record thing 314 sYvg4P5YS 10009 a5jOtySWDe 75739 7rf9lxt,failure
1779021068,create record thing 410 D8LNi65 50224 IHEHofS 69067 WYnfwm0w,failure
1779021068,create record thing 163 75dv01Y 38626 i084pZd 18061 7Rxb,failure
1779021068,create record thing 305 xRPeZ1b 47873 eeJYj 23910 UURszuW,failure
1779021068,create record thing 287 agdNLkjyA 59545 SpJso5qf 49487 UydyY,failure
1779021068,create record thing 645 LeQDOzxd 48690 AqgwWuokg 27775 a4lm5ofJ,failure
1779021068,create record thing 636 IWct 40449 8U7F 41218 ywiPu3FFWb,failure
1779021068,create record thing 354 xK0rjC2fS2 89320 iS9F9LGVB 17196 sM6cSQ,failure
1779021068,create record thing 69 mLejM 65211 Xi1H 11425 ft5krwf,failure
1779021068,create record thing 679 SC98V 57939 568EwrzMQ 57780 FMtfzB,failure
1779021068,create record thing 834 c8dXRIjgx 74728 0n2PvDH 60929 fT45,failure
1779021068,create record thing 936 AydvLnThCH 61599 NtbLx 47381 ADd17QqNfe,failure
1779021068,create record thing 680 f2BAn3l 7044 3A7s 26031 6DHW7B,failure
1779021068,create record thing 720 JZI3mSJiP 96253 ZTa35EtXP 34446 S961NNJc,failure
1779021068,create record thing 238 8AHkxv78J 1883 Yb3F1R 85054 zvZA8u5,failure
1779021068,create record thing 266 AkKHx0Q 57343 rM519XgOM 53907 EU5g,failure
1779021068,create record thing 91 FXP0nWI 15007 16vXC 84523 Wy6WFqOt3,failure
1779021068,create record thing 836 Pa4cbX0 68021 TtkJAIyMyd 75740 hN8k4GB,failure
1779021068,create record thing 863 ShhJ 51381 V4ZjtfbaVj 81015 H8JbT8NWl,failure
1779021068,create record thing 55 3sHpWWVOr 18844 b91g5hiql 10142 04mgXzE,failure
1779021068,create record thing 658 eQxt4Ylal 74356 Lb89EMHjT 15937 LHGVn,failure
1779021068,create record thing 944 hnunT6 35073 D7vIsU 64985 FylkQ3r,failure
1779021068,create record thing 407 gXKkmSA 58478 Kqtgxmv 82929 dkcFKsZN7v,failure
1779021068,create record thing 381 hYAl 32154 nxit 1262 QSnJto,failure
1779021068,create record thing 125 xLGg 36444 L21e3AUtt 25837 XE9A,failure
1779021068,create record thing 492 CLKo 2787 bWJaCi 52797 34cN,failure
1779021068,create record thing 803 DZzs 41574 veWEcs9EN4 49008 gnZi91So,failure
1779021068,create record thing 901 l3w3 647 1qWg6euLY 35377 kiCh1U37z,failure
1779021068,create record thing 431 PGoDErV 63269 fVSvZ 31768 O1ReEnPDx,failure
1779021068,create record thing 946 gmKG1Vt 59509 jF4nw81FW 24635 rkt1,failure
1779021068,create record thing 704 gCggbCqDG 46131 hIvnyA 43743 Bwdx,failure
1779021068,create record thing 295 mlkrLGg 6536 pgh3JoGr2 91686 zynZQEkmN,failure
1779021068,create record thing 879 KTfFRDs4o 41302 el3iaDulq 10089 Q0K8K,failure
1779021068,create record thing 213 2DcbQso 65948 UWgXu 64312 vHPpCZsuG,failure
1779021068,create record thing 919 13KgQTb81 86424 wbJRA 27041 f5xgqMH49,failure
1779021068,create record thing 38 k4vuK6rl 75958 RZhXJXvg 1092 5jQGrIk,failure
1779021068,create record thing 861 rXacrKd 40084 AOap 45903 WF7I7S,failure
1779021068,create record thing 899 9mKfn 62020 pQxy43 39586 tIQtJQmi,failure
1779021068,create record thing 126 mss5ClWZ 12588 GRFQw 46424 C7C4bVf,failure
1779021068,create record thing 24 MspFh 71207 2d0hPCVG 7123 dZOu,failure
1779021068,create record thing 840 YJQ1 15917 KFSRGI7i3 83842 jMS6XMmej2,failure
1779021068,create record thing 977 gmDZBdhz 24123 o0qLBOhjbi 97596 oFRmDrgKw,failure
1779021068,create record thing 102 yRgzAb 59910 IasN 86139 B4vi2Caj,failure
1779021068,create record thing 116 1FvRydOv 94268 vSWrVsy4 84559 xDOJ5WG,failure
1779021068,create record thing 436 RKKKZ 8856 bToP 65461 DV8YTo3k3,failure
1779021068,create record thing 951 85dpcUBxNb 22815 gBiNIm 64369 QnUAGWf,failure
1779021068,create record thing 121 NPmY 686 WJ1vQ7 95457 GlmZFw30X,failure
1779021068,create record thing 385 AxeeWsh 30221 Lun6 32949 Re28eJ0,failure
1779021068,create record thing 48 FydRgD4q 3929 uquV 18256 HT5P2,failure
1779021068,create record thing 172 EXILZ 4634 86LLeI 16969 SgEnvD,failure
1779021068,create record thing 318 08bdVYH1QT 72416 dVRAAiB 80694 vv4ofa,failure
1779021068,create record thing 325 U3XJ9aS 7455 dBrt 78959 39iyOOe6m,failure
1779021068,create record thing 881 Tw4nS6WsO 69054 tHgvz6 63728 e40GsI,failure
1779021068,create record thing 264 xYi8 91533 OChEcrx 11074 rLE1,failure
1779021068,create record thing 146 BnxOHOb 45587 4UuZ 34410 UnbSM1W5UY,failure
1779021068,create record thing 44 ySQ16CJJ 68014 kxU5ia 89469 fpHuyM,failure
1779021068,create record thing 505 qpOVat 86609 Z0Bbac 47018 NIzJe3I,failure
1779021068,create record thing 87 BpWq 64871 ok2Oo 85799 lFBt,failure
1779021068,create record thing 377 SdSqpQ1v 94151 LveB 66982 ouxZ,failure
1779021068,create record thing 531 eArbLw8 85456 D8Mjc5 77493 gntS,failure
1779021068,create record thing 985 FKvnZcTx9 10281 79J9 82617 THh2XLOG,failure
1779021068,create record thing 852 qZsppV 47443 CUhoT 53729 eIewEo,failure
1779021068,create record thing 346 zJZhHWzKiq 37602 tfA8JN 25965 2ahqI,failure
1779021068,create record thing 404 UhcAQ9i 69377 4vyISh3 44124 LgSe564N,failure
1779021068,create record thing 227 ZrDilV46f 1020 KPCtkSrV 30443 EcGGF5,failure
1779021068,create record thing 988 utliYT 95811 Ar2tv 21704 rEnk,failure
1779021068,create record thing 165 9U5Pim 66676 kLc3HmEYwr 74863 TGZsgR0,failure
1779021068,create record thing 336 3EfirP8 10363 XTuFrNFWR 41262 A5Xt,failure
1779021068,create record thing 601 IZM6MpK2nm 61618 ElEiN 11627 1UaeImlz,failure
1779021068,create record thing 917 MNovG7 39334 osEXywDfg2 98954 r8uPhCthRR,failure
1779021068,create record thing 473 201LQbqn0z 73696 uPzYAqdEnN 5980 Bn2HWg,failure
1779021068,create record thing 448 LiH6bxWu 46229 VddnH9ZySr 21155 unT6cb,failure
1779021068,create record thing 108 gyEjsoVp 35711 hWOiTqfeS 99927 zaZLjTXmL,failure
1779021068,create record thing 857 WAUsCg 85989 Dsf7ID4H 32062 bEyxHgn,failure
1779021068,create record thing 156 yowI 84255 uY8fk1 64200 piMDSJoV,failure
1779021068,create record thing 459 zTZcQL 730 QUXHtO 42183 RF19fgR,failure
1779021068,create record thing 281 haGhm1h 55598 kXEUHys 57079 S2qt3I,failure
1779021068,create record thing 208 iGmMS 68076 pC65S0iG 62111 tlD9,failure
1779021068,create record thing 155 tlRH 43389 dDjv 73289 valr4,failure
1779021068,create record thing 588 KsMzpHO 10154 jTrqgXKV 43274 VKrY2PDk,failure
1779021068,create record thing 758 on5MiDae8i 57630 PuFhIxx 62190 tGG207,failure
1779021068,create record thing 986 ZS0IEWQIA 45636 bwCPT 28020 I96xlUaB,failure
1779021068,create record thing 384 mKu44Faq 84832 Ny9Rqd 74996 bSDLCkUOHg,failure
1779021068,create record thing 802 b3jT1i 54994 0dNdgH8mMb 88079 33k9SwaPzP,failure
1779021068,create record thing 649 eZFT 11005 BrmFk 97888 ZaqvvJRJCh,failure
1779021068,create record thing 807 lftM 2635 kaNC26tQ61 97964 TtxrrJzZqm,failure
1779021068,create record thing 537 qBfwwV 68556 ZQk6KjJ 92037 vYXmRFZ,failure
1779021068,create record thing 504 qFnnq5GNDC 42335 IO3tgw 1035 AuOg4,failure
1779021068,create record thing 738 kHUBMK 91029 TDpSLDy 5259 V3FAV,failure
1779021068,create record thing 560 ybF5276m 74447 iPWdfXivyC 86325 mktl1,failure
1779021068,create record thing 545 fpQ0xDv 61708 QR4PZRVf 16843 ViV3YT,failure
1779021068,create record thing 357 LHvP8b2 23351 owFaLyeoEc 39575 fxljtPD,failure
1779021068,create record thing 207 7AkQZC 10831 Qg1Xat 75324 xCE7yVsq,failure
1779021068,create record thing 889 hY4FWS08g 23440 GxPju5K 25901 YTCdrhEw,failure
1779021068,create record thing 612 QpusYHlw 2296 uNKwcTp 11016 fTNAr8Qp,failure
1779021068,create record thing 712 45YJcucLSY 13254 FSuNsyl 97880 SUe47X,failure
1779021068,create record thing 532 qsF0pXxD 99708 rQlFcyl 37344 amWOrC,failure
1779021068,create record thing 260 8tnbudrSZK 83200 uy5avvBC 97330 nRPpc07,failure
1779021068,create record thing 154 E9fUGsUBC 20434 KMJzVUrU 30765 5iL0gn9,failure
1779021068,create record thing 853 r1V98Ivn 78544 twg27V 41651 Hy1ECZB5,failure
1779021068,create record thing 64 yaZVO 89568 xO8z 83416 MiM9,failure
1779021068,create record thing 435 JzbLkMQ7 2977 LWyFl4CSo 61888 5us3mCpL9,failure
1779021068,create record thing 340 kCNXZ24pSe 98121 QzGD 50504 W72H,failure
1779021068,create record thing 514 WOHbDTsyY 5230 y5NBWg 34406 ZUgkzv4Xng,failure
1779021068,create record thing 749 RCRUUvQuB 33806 rciGb2IS 40194 jNDBsURjs,failure
1779021068,create record thing 488 po0Kjaw 66662 1GD38NKFG 49542 5O1DExPenm,failure
1779021068,create record thing 525 rWWOw 60204 4400WGom 87063 ygue,failure
1779021068,create record thing 894 70HeXBGp 96919 QOpQC 5273 qrUT44is,failure
1779021068,create record thing 953 oKKCH 6695 WeDBDg 77250 LsaA4,failure
1779021068,create record thing 187 2WmXMCaUL 64566 kFF6s1prI 40475 B86Et8Dke,failure
1779021068,create record thing 674 Pf1vQYm 14249 otsVDQ5nPu 25153 ykjPuGDKzT,failure
1779021068,create record thing 344 5D1si 43741 vUBAyzVz8 46348 X8VbRmSsx,failure
1779021068,create record thing 378 AxITXM 57685 qejS6K76Wy 92600 p9KddvH,failure
1779021068,create record thing 904 5giUuWz 19893 jsmfpJVqGs 2864 VeWSt,failure
1779021068,create record thing 369 wVUntowm8q 79117 5iNAXXZd9 48952 J972,failure
1779021068,create record thing 569 WEJNTJ 73176 gjF0JDOleQ 36289 B2TOeOv,failure
1779021068,create record thing 276 WT63ysMy 1119 tj1KV 69778 OmY53SJ,failure
1779021068,create record thing 691 VmlbL 5171 hve15Omk9o 28473 wi3BZxBUTx,failure
1779021068,create record thing 267 BmVKh8F 75799 Gkm6Tw9zn 11900 FDF6bxA7gw,failure
1779021068,create record thing 783 ZA0s9f 84355 yD6rOuipJh 20415 RVdX1,failure
1779021068,create record thing 938 sMZzkGjYP 47850 Wbmz 48913 qtWu3c24cx,failure
1779021068,create record thing 534 SkgvnAe8 60874 1HiLNtD 33667 uH7Pf,failure
1779021068,create record thing 23 U0mni6n 10772 fz2golOu8 87602 GJ2ViAOJ,failure
1779021068,create record thing 543 c4xcmlicXk 42274 JDvM 75654 CnMHhrV,failure
1779021068,create record thing 98 u3pYEI 86933 PvGd 47896 N7hoCgI,failure
1779021068,create record thing 296 hvCI67 66155 y69m0 29079 bTvLj1GXwo,failure
1779021068,create record thing 461 kjQN1o5S 70886 Amd8yyGA 62461 tSseRPm,failure
1779021068,create record thing 198 M7dziYVY6 31780 WOylZe7 36204 3hT6j,failure
1779021068,create record thing 708 iruNGGV 78439 oBYHLj2 98861 vq9x3gCK2,failure
1779021068,create record thing 262 1EsGfT71o 87151 Z7AN1rS 36158 NuPpwa,failure
1779021068,create record thing 311 XpEKPgWRI 74136 L1PcgZN 12920 f7oJRLYS,failure
1779021068,create record thing 980 vW0J 68519 6YMW 87696 nlNu,failure
1779021068,create record thing 161 5XT0pY 45095 8pBcC9 34494 XmVHtyvY01,failure
1779021068,create record thing 403 vHX7ts 94626 NtEl 50160 qRvX3,failure
1779021068,create record thing 540 jkaltFNsIl 81064 efS4P0jvv 17436 g7Y3sJf,failure
1779021068,create record thing 177 BcHPq 64814 Z8poO 28307 apbLZ,failure
1779021068,create record thing 727 I9llGyJ 50738 qXwXAw5oH 10097 i19pHh8WF,failure
1779021068,create record thing 794 HgZovR8 29355 qZCBKe9 2898 BO3DRdv7,failure
1779021068,create record thing 819 J6TSER 17479 nCHPuJ2 53364 V8K18,failure
1779021068,create record thing 779 Swh8 80458 GTTp 78843 VllOEhf6J6,failure
1779021068,create record thing 757 XxD0ltk 56408 Elyo9N 44527 UGbL8dx,failure
1779021068,create record thing 298 a9aus 74459 xekNEH8g 89545 LJ3R2,failure
1779021068,create record thing 92 FYBM5 15765 55gQKkgljM 44223 5HyBhIu,failure
1779021068,create record thing 930 i7EXcd 62970 0OUK0fO4IR 68376 UNriVsM,failure
1779021068,create record thing 450 AfbgILs 37643 QdZlf3UJkt 6285 b7xvHZQA,failure
1779021068,create record thing 646 GlwR4g63 93377 emmNa5 27004 hs4O4ukyo,failure
1779021068,create record thing 15 yjLMq5QS3t 85634 4zaZx0lWp 1367 QcVhQehjX,failure
1779021068,create record thing 481 lu6p 89247 5yHrJghZ2 11338 0mGcDgcy,failure
1779021068,create record thing 997 VXoM 57423 iLc5VlntJ 20016 1pkC3d,failure
1779021068,create record thing 869 jsdlmOB 57741 0Lrj 71712 dQzHMk,failure
1779021068,create record thing 432 wigoxI 50793 J1VcHbZDJx 89864 x4oEp8ND,failure
1779021068,create record thing 696 C2nrT 50915 2wbXiC 93151 09hMmz2C,failure
1779021068,create record thing 503 BywuySm 28437 lm2OM3HVz 84410 nigOsZ,failure
1779021068,create record thing 261 1zmu3O6A6b 27060 Jk8QVNJ 25927 zD1i5,failure
1779021068,create record thing 329 LVGMcg 8566 b51u 11789 5wU7te,failure
1779021068,create record thing 180 4KZDRrgI 19925 zHMjI 61547 8Q48PjBUi,failure
1779021068,create record thing 565 DDVK9wB 74961 BbEPv 44535 2eis,failure
1779021068,create record thing 396 4g57mNs 10888 LXa3zk 33123 F84bt,failure
1779021068,create record thing 496 dotBA 5302 UVCeIi 81811 Tbx4,failure
1779021068,create record thing 36 yRqxwF9 55641 Rivqlrf 58965 fPtFhYXge,failure
1779021068,create record thing 443 eJofeS 96534 v4eK78NuPL 7361 i45lSfAQn,failure
1779021068,create record thing 928 etGDm9Llr 88625 1dlakmiH 24817 hVl0UoyZs,failure
1779021068,create record thing 660 FrAZTGO 89591 rjdE3d 99044 AP3B8PtV4R,failure
1779021068,create record thing 637 Qeq0BUDE 64105 HUokQz 60508 508C3C,failure
1779021068,create record thing 99 Tx62W 49998 NyaXPkKlfy 19647 ubys7I,failure
1779021068,create record thing 338 lLEA0 63876 d7euDro6X 54571 atjNQAh,failure
1779021068,create record thing 13 GvxQh 74098 dBzmuo2 40964 48WIJumht,failure
1779021068,create record thing 685 J4RLYpI3t 12528 UMfEL37 34866 BWXr,failure
1779021068,create record thing 117 wWDna 46683 MIW7Et2mYl 78326 hTTmXrXA,failure
1779021068,create record thing 447 0smsbNAwW9 58547 xjBt6CmLr 76871 ubduD,failure
1779021068,create record thing 408 tSIMO 51843 uZcrJ 74518 2dSi,failure
1779021068,create record thing 816 5igk 93566 fwwfv 9119 ydzWRHf,failure
1779021068,create record thing 313 Bh4qo 84509 Id0ncnoj1 65612 uUPbVE,failure
1779021068,create record thing 359 SzemcoEve 48249 3knH4UrI 66962 jmLuuqh,failure
1779021068,create record thing 472 CB7PVm 14770 yg5m 99583 TsQnKsCO,failure
1779021068,create record thing 205 J2pFt 28367 luESSCyU5D 78215 XP6ega,failure
1779021068,create record thing 228 M165 39773 xJjdnlA 48866 rOsc,failure
1779021068,create record thing 482 sq53 26825 5UQb 62456 afo1J,failure
1779021068,create record thing 40 qbIdQnyx 4870 ACka3O7 36808 rDXbq2oBa,failure
1779021068,create record thing 392 cI1IRXSUr 11588 wYHx3THt 83796 zJx8Vj,failure
1779021068,create record thing 111 UEHwAL2uw 61152 U1kcF1M 78484 HZjXiY,failure
1779021068,create record thing 833 ZyZ29 71302 GJpI 21587 oSuhTXIyO,failure
1779021068,create record thing 813 nvzUgNC 90956 laXFgie6oz 27426 N6lbsmZQ,failure
1779021068,create record thing 963 p6Aw 52822 Rsym 56167 KDMcEbtb,failure
1779021068,create record thing 422 DXUVAK26Q 3581 cE4DHfS 93796 5CUo9ctW0,failure
1779021068,create record thing 341 MfQKP 3700 BFCRy5Od 76763 RE3s,failure
1779021068,create record thing 184 cLAQ8 10069 DpyUO 23151 xsn1KESY6h,failure
1779021068,create record thing 998 iT6IB 48060 RbGRNgDrIA 8542 q6wy,failure
1779021068,create record thing 423 42hkJ 87115 B9xqe 86017 Khcms,failure
1779021068,create record thing 182 RadWgPKa2 17964 51XlDD 12982 yNHXj,failure
1779021068,create record thing 905 1jVD9 9514 kMzM6ZzU 5624 tylTxBZn4D,failure
1779021068,create record thing 862 Fz2NoGEeLz 73621 RWVc 36357 rO9vZL4,failure
1779021068,create record thing 650 6Fx2QR5LOJ 61515 fEvGNp 35155 2Ko5uo,failure
1779021068,create record thing 746 vsZGz 34591 AOV3iVsQ 47380 HtXKkS2Nm,failure
1779021068,create record thing 701 Nu3YxyS5Cv 33387 ehxIyeYp 64887 5IYFAq8,failure
1779021068,create record thing 106 8KDxhlwXd 9211 gHhfUA 5234 JauMrAoMJ,failure
1779021068,create record thing 920 5vobKV 22523 7xHbjJM8Yh 32269 zpL34raPA1,failure
1779021068,create record thing 652 xngfSBTxMx 70944 q2EWGtEMZL 48884 RLRxW,failure
1779021068,create record thing 367 nvqS3 49734 27QIOeSb 74928 wbBBAB,failure
1779021068,create record thing 620 ow9Dk0 84542 LY08wVf4 12108 Rde5Cs1r,failure
1779021068,create record thing 906 otGof 6834 OW76kH63 30965 YmSe,failure
1779021068,create record thing 316 qWHW 72540 wlHlWukqYF 7451 icji1ZJ,failure
1779021068,create record thing 43 CCSSkL 5540 8irG 64219 UIT3COGWJ,failure
1779021068,create record thing 131 UUGzFEXmLw 39117 Lzxx 41228 maBNj1X,failure
1779021068,create record thing 441 iXyi34pyS 48702 Czd63 13275 xv422e,failure
1779021068,create record thing 152 vFD51D 46200 l5k9jS 35338 bnGb,failure
1779021068,create record thing 589 uMvuwXK 57461 EVcWTJe85x 86588 BSqi4fxyc,failure
1779021068,create record thing 37 aizmX2 55956 J9n9kcTW 28717 4kPhPYv,failure
1779021068,create record thing 153 807qI3YuP 69036 PZKQX 32151 YAq6s,failure
1779021068,create record thing 677 9dKXpZI0n 32602 45RFzyJ 39201 pM6P,failure
1779021068,create record thing 961 t3BYjDb6ho 64469 Kz0rLkj 42879 xffXaHEf,failure
1779021068,create record thing 602 YO9ali8wQZ 46825 Jc3ucK9MY 25198 ky9gKMGZre,failure
1779021068,create record thing 438 0jWFEnry 44388 kDC7sOYz5 40543 uojjeKhgB,failure
1779021068,create record thing 453 Sruto 63123 z5PPTsR 62026 cjleb0plE,failure
1779021068,create record thing 786 7W1BYURO7 98502 1l1kpf2u 5508 oL74S,failure
1779021068,create record thing 269 cawvMug 65677 nuOTF 69582 39LLA6X,failure
1779021068,create record thing 134 7Kr9Crb 77243 7dZzC2J5Z 29215 q30YPJy,failure
1779021068,create record thing 342 Gc7B 52032 A7Xq 71636 b1TVWVP,failure
1779021068,create record thing 804 9nOrho9 73499 uHmQeO6bi 98226 qOPz4mkg5,failure
1779021068,create record thing 46 9QNejh 436 eVVql 59151 hVWChP,failure
1779021068,create record thing 284 WwfkYH 32804 b4XXfdjjY 70098 D5Nb0,failure
1779021068,create record thing 653 UgFYnlNVUe 97602 Z5WIC 42233 w3clJbPxv,failure
1779021068,create record thing 949 Z81f0KIhi 64794 9TvMcZtt 55789 cg6P9R,failure
1779021068,create record thing 53 xjvzeGetsb 37375 lfiGLg 14860 8Vth,failure
1779021068,create record thing 822 nXor0IH1 93429 51H4Ogz5 40880 fuTif6a,failure
1779021068,create record thing 780 cYzgj63 32450 ul4R 13614 YDThTYQoz,failure
1779021068,create record thing 978 GqXWlHdnP 25227 GvzK4rp1hA 84978 E8zlphlN,failure
1779021068,create record thing 600 7pSo 32767 cey7rgang 91255 zvBj,failure
1779021068,create record thing 209 W1uzOQBmN 27103 v11PE6B 33044 AjWZ,failure
1779021068,create record thing 352 Crz2irAaW 69414 KvNB 90234 rDyjn4boEn,failure
1779021068,create record thing 216 F5gSGQqO 40660 zd7g3pp75 80425 XGlEGjbV,failure
1779021068,create record thing 289 IJalgsVpXK 82424 P7JwxM3 42561 1wVH,failure
1779021068,create record thing 279 o7beJiz 5751 CHTg9 71901 SnnwcaK,failure
1779021068,create record thing 954 9N33 12252 5LfpLU 99734 cQHOR,failure
1779021068,create record thing 821 5E9X 43351 fK5r 55981 vwCRbgMbr,failure
1779021068,create record thing 110 YoclZ 25905 sdBMb 95124 mM2sQjd3D,failure
1779021068,create record thing 119 kck0 55096 fjez 56966 RkSS2,failure
1779021068,create record thing 942 653492j9 69841 J7ALXrqnT 2625 zxH52,failure
1779021068,create record thing 138 XhdT 69932 hD4KTiGHoh 6652 1HeHfGfq,failure
1779021068,create record thing 107 ilA0mXnN 67889 MeSHT 42184 kr0bVWW,failure
1779021068,create record thing 307 bYbtUYKfl 12879 WHxWULS 46312 xh4OUq,failure
1779021068,create record thing 973 HjPH 37641 GVjZrMc 49734 cAbLaqp,failure
1779021068,create record thing 9 NfSrjx 16114 zXF9w 6422 tkJTIc,failure
1779021068,create record thing 823 dmz1IMW 2227 MN65ldqchy 69281 34Tq,failure
1779021068,create record thing 310 q1l6E5FxV 69248 dqjeRMskJ 87752 TzjpASwSG,failure
1779021068,create record thing 557 g7pCc 51142 6Nj6xs 5546 zoPvQ,failure
1779021068,create record thing 744 l1TPDt 36672 sJYF4VTwIF 23390 8u8CZdQcQd,failure
1779021068,create record thing 635 smn8ZmGK2h 95479 YXfSC 61138 2hc8ofQEi,failure
1779021068,create record thing 292 un20S74LF 99404 9f71WS 68743 alY9,failure
1779021068,create record thing 379 KuzI 78275 5pxDRqr8 15689 442QyLv2e,failure
1779021068,create record thing 890 ehGVrHoy 62566 ZKUzkS 28257 Ljoruepc,failure
1779021068,create record thing 630 1sGzUZNWu 64536 A7UGfUA 2355 62d2,failure
1779021068,create record thing 358 y2f2bj 59720 tUgk 28652 3wYFlJ,failure
1779021068,create record thing 713 MEVNinG 34574 Ucp3aG 58645 msDPI3icox,failure
1779021068,create record thing 621 hgwQbYF9K 8498 rJ5SCpYyLJ 82046 VJxWsIL,failure
1779021068,create record thing 519 UPV0fGjW 75927 NJjJsV3 74643 X173g0Yn,failure
1779021068,create record thing 663 i8zI6zR9Dy 15429 V8bBUt6 94948 GnPLw,failure
1779021068,create record thing 551 3GOIb 37316 avzP83JAbX 19299 KwPAqWx,failure
1779021068,create record thing 76 vN5nIYg 89872 VYtu5 15753 0WyjKV,failure
1779021068,create record thing 103 FMcb7Dna0A 51206 ddZVFeP 80201 ZZb6xd,failure
1779021068,create record thing 577 rsL1tCV1G 76344 NMdwNq3 57756 Lyd62TV,failure
1779021068,create record thing 858 PKvIf2S 62146 58J5eWb 68679 Hemmo67tS,failure
1779021068,create record thing 10 m4yC5 60850 m94Q 10301 kxnAZ8tC,failure
1779021068,create record thing 75 JvhnePsq 6446 71uiyF8fr 6933 CQZyH,failure
1779021068,create record thing 952 4TEF4 9853 ZN23 77200 ZglG8kHT,failure
1779021068,create record thing 469 WQBU1oY 31854 0kQt 3821 oU7bWK,failure
1779021068,create record thing 308 Ny5hDd1E3 67931 Y1aVxiOknv 88327 fy2wW,failure
1779021068,create record thing 135 96QzjeO6 9535 iJ8U7IHQ 30830 MHW17h4,failure
1779021068,create record thing 860 ucLTPH8LQF 38255 i2uTFNOrC 71524 CY4RBwl3,failure
1779021068,create record thing 885 BDH8l5C 49866 eMSPCLEH1J 57208 E0ZiFm9c,failure
1779021068,create record thing 245 GQaNQXwR2 86975 w9xMQJbhrH 97841 0qlGCy,failure
1779021068,create record thing 642 vYsNN 17445 HJqy11m75 13513 zqQ4lV,failure
1779021068,create record thing 210 9D4vkJzK1 29133 GWwn9F 73391 yw7Eqx0uL,failure
1779021068,create record thing 268 EQZnmMhPFJ 14836 LkmZuoX 11273 wyfsgZmnkM,failure
1779021068,create record thing 871 YD0Go 55869 0c7q0RN 14300 6XcvCM,failure
1779021068,create record thing 536 RGIL 17253 Dqi0G1vkiu 56118 duVFXBB,failure
1779021068,create record thing 579 1iRF83 36649 NTAw1W0r 65802 sMhfQ,failure
1779021068,create record thing 846 b5acjt 83776 K2eoN 15169 utmuDGNATQ,failure
1779021068,create record thing 969 s0GxK9 64307 E09nB 83535 B6NjawFTkw,failure
1779021068,create record thing 84 6enYR 13875 iZhL2NMMd 96769 2GzE,failure
1779021068,create record thing 41 SCbkD 67984 fCW3DtUwM 63417 x16uM,failure
1779021068,create record thing 609 Y1TxOogd 23809 BhDdQmWT5 85904 775ukJJM,failure
1779021068,create record thing 593 zkgAu0esI 18857 3uw7W 70800 t6qhS,failure
1779021068,create record thing 854 T2nYr6J 34214 pYWLSlBZ1B 24483 kedp3DGE,failure
1779021068,create record thing 584 nRYi 73179 pjYUgXyX 7115 lccVEYQC,failure
1779021068,create record thing 123 FJvnTRxF 24203 NydZU 5300 b8oyf,failure
1779021068,create record thing 414 1JgeZknT 12264 WNk5 76923 vbsDOTlLm,failure
1779021068,create record thing 241 J9fQ 65518 LhyN 95912 hj157,failure
1779021068,create record thing 724 COdLUfg 52782 ilhS 58522 SP5V5,failure
1779021068,create record thing 610 5Unsl 49844 malOPs 68287 jWkf,failure
1779021068,create record thing 767 WQMi 44191 aP8jrh0KRw 45871 xXYTa5SJv,failure
1779021068,create record thing 191 REbg8hrAwu 48062 t5nb63W 3361 95Awk,failure
1779021068,create record thing 83 IrkMB 94574 A1bo 16578 rO3vq1ZQNn,failure
1779021068,create record thing 521 1cdbw47IV 59175 AWMwKW 45617 r06p0i,failure
1779021068,create record thing 877 pAgIVXFcb4 54076 oBr6EAca 12770 TwgK1gvdfF,failure
1779021068,create record thing 806 CpCoec1 47332 7EmyhmbA 45735 1PBRKEmI,failure
1779021068,create record thing 784 mP2myZ 57603 Z3Bjvd 31529 i0bdqzg7Mb,failure
1779021068,create record thing 515 XdKP 16295 cUqoVI 93703 U1Nqap9e,failure
1779021068,create record thing 489 kpLcKOLE4W 69361 NOmKQYx 72947 szxgnrdDq,failure
1779021068,create record thing 848 ZVBnQ 67552 KrJhLYeYq 56464 9ObCFYHkfd,failure
1779021068,create record thing 673 OONOq 71532 fwRMFF9K33 10944 7THM75F,failure
1779021068,create record thing 59 YeHyqHjh62 68412 To88x5Hd 3367 HztPZl,failure
1779021068,create record thing 322 xfKfO 11014 FEYqk 87872 IFCUJ95,failure
1779021068,create record thing 692 PdcvSqX 76149 gAEIpEP 90561 Iuxg5K1O,failure
1779021068,create record thing 556 yscLANZxH 94418 6AqFjB 20047 uxj5JpNr,failure
1779021068,create record thing 594 hFJWnHHF 80488 2iqD 98683 BJAMdsnZ,failure
1779021068,create record thing 838 39pO9NkY 26813 zoDzalp4t 66983 yWR4,failure
1779021068,create record thing 223 4rsihg 41665 blrbJydUE 97979 VhqH,failure
1779021068,create record thing 304 HcH4ayZjqB 54224 0goulyxq 55336 PM4RKRIt,failure
1779021068,create record thing 717 xt3fvqtO 14502 MSQd 90105 DwRxRveeQd,failure
1779021068,create record thing 159 KUIyAp8OgJ 42946 LxabOJ 17810 GJlsxx,failure
1779021068,create record thing 499 q31MAzuBkY 40729 AwUv3J 40438 tnWXbi1wX2,failure
1779021068,create record thing 570 iNVurgNLv5 1200 5A1hjlVC7 62700 Otiteber8,failure
1779021068,create record thing 898 x8F7 69914 GydV8aDGyS 73246 meJ2w,failure
1779021068,create record thing 293 35qiSX0NAj 14536 dGoVD 29881 vKxUcI8,failure
1779021068,create record thing 466 k86khPRou 33189 X8qb6p 85566 rCT10e,failure
1779021068,create record thing 989 6jSBV 80580 T8QMYfBVVp 38465 NUEb1Ixke,failure
1779021068,create record thing 400 vaHXeW7 5466 uNcLXo 94265 FiMo02a1,failure
1779021068,create record thing 3 RNge2BFFeA 22577 p47qAZ 27559 HweLnRIaQU,failure
1779021068,create record thing 887 TtNhH7FpHx 81539 J9GW2VLs 41222 JiDrBix,failure
1779021068,create record thing 169 Y19H 49982 pq4ZOKkoJ 13527 89OEy,failure
1779021068,create record thing 726 j2nk15SInj 5869 hlkadGCxcb 82756 PIXDxafs,failure
1779021068,create record thing 870 xfdS3r 41854 p6KUWrWVI 18121 tz8tP,failure
1779021068,create record thing 219 cmVb 98513 4aYruUx 9769 bQB8PA,failure
1779021068,create record thing 493 e4yx 11343 f09nrYHgM 77526 VDGaVV,failure
1779021068,create record thing 716 AmIxSJz 50910 CaoAI3JD 89407 NWebXAw0J,failure
1779021068,create record thing 752 bKh6i2V 46990 0NJZla8 72521 a63wieCut7,failure
1779021068,create record thing 171 EsfUExl 9781 HXNi 12045 SyiqkLDF,failure
1779021068,create record thing 243 BY24 34646 TqiZvsEZt 66295 aJh1E,failure
1779021068,create record thing 981 SbTd 52336 53z6C 27691 i0DlkIuSWa,failure
1779021068,create record thing 16 EO4G 21091 qCf9e6H5V 818 eW6NUdh,failure
1779021068,create record thing 554 8L02gY 11294 lf2UoY 57748 YicC,failure
1779021068,create record thing 668 Ata7pR9fFW 73632 usYiJDKJ1 54018 ip7VzT,failure
1779021068,create record thing 52 XFiDXYf3 95073 epcvILnlDs 95469 BG2p2j,failure
1779021068,create record thing 990 d18AUBKn 94076 35FH7t 29864 5XN0zic,failure
1779021068,create record thing 564 dY5RyB 43982 e7jJTa 4458 63ucMtb9,failure
1779021068,create record thing 454 3gfg 66520 f9bus6Q 7075 RkbSwoY5R,failure
1779021068,create record thing 78 Q93P 23886 3W3w7a1 99555 Rdtu154vXQ,failure
1779021068,create record thing 256 qNMbr7EV 92298 0CI5R 77317 wboUeay7M,failure
1779021068,create record thing 913 VaQJav 4119 AFRVd 71140 M479uM,failure
1779021068,create record thing 718 7wVpx 74328 jwed7J 75708 NyA4,failure
1779021068,create record thing 188 HexBqW39FR 16424 3nm0tR91b 51462 CV0uajv,failure
1779021068,create record thing 830 enxp 51270 rCpKM 86703 RjWt1eTb,failure
1779021068,create record thing 144 N30c 32018 N7Iz 33197 a2hxB,failure
1779021068,create record thing 967 i5rQ75CU9I 71176 uJlkTVt 51805 o0zX,failure
1779021068,create record thing 815 X2iwG 10189 CCbKaB 11905 vkSIlA7gXS,failure
1779021068,create record thing 706 e4GhJ 64072 awfggBHuI 95725 2JC8kQxG,failure
1779021068,create record thing 924 d9voHYLnH 49209 6FK3Xr7t 7001 fFkUkdIMH,failure
1779021068,create record thing 255 58i6dfr9O 95832 51Ue8 47173 LmahMacm,failure
1779021068,create record thing 112 rSj0 17115 Bw5Rgxm3V 65973 z2zy,failure
1779021068,create record thing 348 QZvX 30252 BCyKLnVQO9 11751 QY8es1c,failure
1779021068,create record thing 413 K7n6b 32498 7HrMyjf16A 1833 dz28z8y7,failure
1779021068,create record thing 63 xR5f 67127 ywsrVpOBA8 89765 LlnzaO,failure
1779021068,create record thing 101 kl0xAZf 19248 nziZvO 91150 qjQ0N7,failure
1779021068,create record thing 662 T6KQgMzN 94942 4SOJxn 73361 X3S7rC,failure
1779021068,create record thing 670 3Pwop 26516 cQeRwPEb8q 61198 T4IquCK3Xq,failure
1779021068,create record thing 690 64um7BI9qx 95437 WxYA4hkr 2900 Rau0M6FY,failure
1779021068,create record thing 56 VKu6J 52045 0l0oC8 17918 wS9qx,failure
1779021068,create record thing 479 r97OKp36Ys 41515 nYCzOC 13664 4bOTEGwk5,failure
1779021068,create record thing 421 wIf5 36811 jw8r3A 66255 CqQ3Egm715,failure
1779021068,create record thing 756 bGX2YnBCJ 52468 ulDg4OcVR 19988 BHb6uG9c5D,failure
1779021068,create record thing 363 lhttP6hbs 75191 XVnyXREkc 15941 xvRGy,failure
1779021068,create record thing 442 bNJNEphxM 86412 nokNVBRlG 79681 awDQ3,failure
1779021068,create record thing 675 nviAfvcy4I 60177 FyE7 66278 j0xgEjgN78,failure
1779021068,create record thing 947 3II7R 64617 XN5VHqymB 34426 i8788,failure
1779021068,create record thing 97 75FNU 38277 9v91JS 87163 NlTvdl39u,failure
1779021068,create record thing 195 O3p3XD 32065 1hdy 64458 goEt16,failure
1779021068,create record thing 417 hIj3eWkOFr 52336 JSOxt 36287 DwpekMef8q,failure
1779021068,create record thing 710 J4vA 2216 5fSKntHw 24230 Daip,failure
1779021068,create record thing 249 8Pe1EiP 19617 empS4M 60654 JCc7DeA3,failure
1779021068,create record thing 485 eLViO 88467 b7R7HDHv06 82701 J4QmLNxtb,failure
1779021068,create record thing 591 PWNlhche 3082 vYqrNXradi 73565 ytPAyJK,failure
1779021068,create record thing 585 2fYxvQ 4426 1czvRD 4932 T8JM7BgN,failure
1779021068,create record thing 136 wJxtdwCaw 14433 GCPAo 10271 trG00VLvrO,failure
1779021068,create record thing 754 suq35 97691 tpe3L 51841 5KUpR1rB,failure
1779021068,create record thing 220 JqzbV 86164 IjcuALD59 87688 HVG1qpga3J,failure
1779021068,create record thing 768 dk1VD 39499 GlNWwDK1hp 5624 rAs5jL,failure
1779021068,create record thing 686 db32gWm1 43688 ywRyuuQDa6 10339 L6qwsquy,failure
1779021068,create record thing 286 e5Ic 26830 3lz5Tc 32592 tsqmg,failure
1779021068,create record thing 244 oBJFQX 51936 YZcX9OS3Jr 98731 7jXfPE3d,failure
1779021068,create record thing 527 lcmtjH 48052 kYLr 51228 lUTUVm,failure
1779021068,create record thing 729 GjXab 43278 Jgmabmz 57799 Th3W,failure
1779021068,create record thing 339 5a1iDL 98422 t3drwd6koK 33857 EonS6ihse8,failure
1779021068,create record thing 873 YX4bCkkX 38361 2dYS 33940 2CWg4NQtq,failure
1779021068,create record thing 70 MZ6l 34564 xNo2 57764 WDjF5,failure
1779021068,create record thing 875 jLXKQ 50499 VrpFT6E 82208 BVeli,failure
1779021068,create record thing 61 8hCF 30894 vQz4MP33C 6485 ZscNnjg8MR,failure
1779021068,create record thing 647 LT3gg 23003 46UpI 23827 b1jhk,failure
1779021068,create record thing 725 tYKO0lmTQ 25624 8sB4b 65824 GFJuqbk1Mx,failure
1779021068,create record thing 73 QeVtWBpR 23810 AOj2Tzq 59290 DXjwjz2,failure
1779021068,create record thing 8 HiLbwS 20665 Kht15 53806 cKtPK,failure
1779021068,create record thing 968 BCSjz 81582 sVlAePMbP 44517 mSnH,failure
1779021068,create record thing 735 cqH0RjYf0f 22661 eUF4gxjAzE 52620 3gKGqH,failure
1779021068,create record thing 236 tsiZaXl 65860 BGptuTy 52655 6ytUKS,failure
1779021068,create record thing 568 slLSB 18983 elsdr 80181 GXgT64,failure
1779021068,create record thing 603 VRgDMjVK 77864 rQfjRgId 56621 zTURdvm,failure
1779021068,create record thing 22 Hly2a 82812 ulpG 30794 S5IkzYkW,failure
1779021068,create record thing 347 LdyRkCBpo0 27106 F3P2mYzUFN 82720 4UVkCpI7,failure
1779021068,create record thing 828 aejF 20558 3SjP0 95825 vlTTd,failure
1779021068,create record thing 231 u6TRz3E 12448 cUSZkN5G1 34917 VMCBz,failure
1779021068,create record thing 254 4RvKJHp 90803 vETbST 91946 xRYHVLv,failure
1779021068,create record thing 124 fumMK3kuLP 82349 aBsi1bqDV 54002 K9dBMEI,failure
1779021068,create record thing 463 WCQEIQ0r 36149 7lLF 39618 zp0G,failure
1779021068,create record thing 530 vyKYgxWHq 41423 XkNX 1299 7h3by7,failure
1779021068,create record thing 449 yrLd 71350 qZwgn 72912 JlPcDPHo,failure
1779021068,create record thing 832 Tq09Iz1a 58599 waacvyQg3W 46647 m46ygqJZ8,failure
1779021068,create record thing 972 09AJFDSbh 61879 zNchU 56063 3ho4s8,failure
1779021068,create record thing 688 L6yrv 55304 3y4k6xWh 42415 LBDtAl,failure
1779021068,create record thing 845 lLunNOBbED 50960 HQuLLu 12633 ZonaZ8rTnk,failure
1779021068,create record thing 320 1Kaphlf15W 31041 NNCjVHHpvt 88487 IkKsQv,failure
1779021068,create record thing 731 1ghFEMBd4 69349 NwLqCqownV 39002 2T0sZ0h,failure
1779021068,create record thing 206 sXJmr3mu 64006 HnhnfWQo 84450 48AcDHk4,failure
1779021068,create record thing 707 vkHm 37387 IlQthQzZnu 29678 YWdF1wQ,failure
1779021068,create record thing 939 s1ETB 49663 Ky59n 51911 KJ3NA,failure
1779021068,create record thing 785 dKKbcc 78063 vob4ZQvf 11139 KPsrOyTF,failure
1779021068,create record thing 867 sU3PSKBI 48619 WENJUhGgKl 9366 UCHOPNe,failure
1779021068,create record thing 434 sHN4C 10741 auJs75Y 34848 5AVj98glnb,failure
1779021068,create record thing 622 FU0hfp9E 70617 r4J3 2970 XO10J0ZBJ,failure
1779021068,create record thing 541 tIAAmZ 48977 MOUH 2708 S7aZthyUhJ,failure
1779021068,create record thing 856 Ka7H09tOth 94831 cdGZX1S 5598 u2sSme,failure
1779021068,create record thing 170 5XGmUi 57654 nvSy 32157 vXdau,failure
1779021068,create record thing 563 880Aw7 59029 pO1YoElv2 13272 ryQciFo,failure
1779021068,create record thing 487 lbjK9Oz 44972 sGxpe 92378 zcg9C6NmH,failure
1779021068,create record thing 676 NsZcxhlIaE 28048 qEmi 66730 gNPCGJKX5J,failure
1779021068,create record thing 132 XzyR1OL7 471 kFVrMCqt 45954 1oZu,failure
1779021068,create record thing 129 3iEC3b8X7 15704 gxZqSZm6KV 8520 EHBU7noz,failure
1779021068,create record thing 546 Dapoaa46vF 83481 zbHyvW85e0 30493 LSwC,failure
1779021068,create record thing 71 qrbR 64847 KRgnq9oIe 81446 St75ir7,failure
1779021068,create record thing 498 KTDU 33522 5zlx90XlaZ 90950 PkgHMcsGg,failure
1779021068,create record thing 750 nDjyRk5 19850 cKWo3ziJm7 76466 aCLb,failure
1779021068,create record thing 88 Ei7I 1615 XnCl 4536 BjgHxcF2O,failure
1779021068,create record thing 934 ihXp1Sr 53413 gEJH9eZCsz 18966 ns15iwfyil,failure
1779021068,create record thing 866 qf74PbqT 58468 02xbPAMtni 53605 OLsI,failure
1779021068,create record thing 247 i6ZwHgcgJ 14475 7H5fXH 53032 RTX2pIX4FA,failure
1779021068,create record thing 60 C94Fq 59793 bUBO88 14357 cs0iBczT,failure
1779021068,create record thing 246 GZ38y7MZW8 36516 qBB6FhJG 41754 Aj1k9m,failure
1779021068,create record thing 315 E6ja3amnd 2382 GpsSzoga 67653 JW9hhXb7,failure
1779021068,create record thing 372 fJTjoQmCZP 75650 CScaXuH0f 71776 Dppd5Y8,failure
1779021068,create record thing 809 rnA3SpB5 68601 tPIw 33965 FV7t8l,failure
1779021068,create record thing 20 XPemVr 53885 BxJL 37143 3qzBSfIq,failure
1779021068,create record thing 501 SYRHfF5OF 78179 ra7ycv3EQ4 61285 Ww8zj,failure
1779021068,create record thing 332 vCafM 73402 IuIQ6 82358 W8vbP,failure
1779021068,create record thing 614 hbCkdAb 11174 IGCbS 97732 m4J9M,failure
1779021068,create record thing 1 vhOq 69776 xEAUnY34U 40901 S8sliB9,failure
1779021068,create record thing 544 Nx7gfowSX8 95930 EjoIAE 53717 k6UUhC7y,failure
1779021068,create record thing 553 F0Ry 46017 W71re522z 71536 F0WsCej,failure
1779021068,create record thing 166 Nwc8 14267 FFDsjo1Ytt 54955 UH6juN0LU,failure
1779021068,create record thing 799 wJk8O 36229 rYVgSEmIGC 330 PonPWF1XSG,failure
1779021068,create record thing 383 KAbzqV 45523 ggcfYxmUfT 32392 bRdL6AZoiS,failure
1779021068,create record thing 835 2x9mdRgBZ 81644 4dfr6n4D 15306 gQUKC,failure
1779021068,create record thing 974 IcU2U2j9v 93754 89SqKr8C 68666 15Me7v,failure
1779021068,create record thing 895 GRb5IP 58148 UDWLdogz 55935 IFWD,failure
1779021068,create record thing 797 j3P2K9pEhm 44413 oBz13aXHPS 48016 v1FaOPsXi2,failure
1779021068,create record thing 1000 kZyc9 78966 VI0qPbXQw 57269 Qp04wU2i,failure
1779021068,create record thing 306 dhzsje 62959 nw87 85036 V3j0RRM1,failure
1779021068,create record thing 641 iHsebsgA 9777 a1cg4xSVS9 91525 zXo1Mu,failure
1779021068,create record thing 109 IfuY2r 65361 q9EYKA7 41950 puU4gHe,failure
1779021068,create record thing 520 4ugoxIF 44743 qx6cPL 21073 TbssV,failure
1779021068,create record thing 183 9VACiwBbmZ 60797 wXUD 84045 oPdgt8GW3s,failure
1779021068,create record thing 781 0FuC 23732 dIuVyG8 59096 IZ9BA,failure
1779021068,create record thing 513 aOxmD 8860 ZmuT7yziLn 69338 SZLzPbq,failure
1779021068,create record thing 931 9Koduwoa 3329 GZVDJU7u0 56238 WtQTzd,failure
1779021068,create record thing 737 F2EvpBe 92335 bZGjlnyZCm 7816 k6jgVZZOE,failure
1779021068,create record thing 740 hEAdsMHh 35154 IJox6Z7aKY 24534 3U99,failure
1779021068,create record thing 4 If8qQqZdH1 59058 2V5Xe5B 5156 Q6smlZ,failure
1779021068,create record thing 909 prJ01 57746 IWAoI 70769 7cy5q,failure
1779021068,create record thing 162 2ML9u 91603 nLhR9EHf 75050 YnOs,failure
1779021068,create record thing 446 IAhAAyuk1I 39809 8KqUKb 94737 FHsa,failure
1779021068,create record thing 932 Ewz2kHP5J 22512 clexZsYM 36633 H4Kkj7,failure
1779021068,create record thing 999 makwc 49052 Xv8h2ouuS 4376 1KYYr,failure
1779021068,create record thing 956 mmWlk0ykAa 70438 vUHN 16049 ZWUf2,failure
1779021068,create record thing 657 BuLt 80180 M6hpEmDt 48718 j4xK1N,failure
1779021068,create record thing 788 mBMXKlBR 13090 xShA6Dj 66675 4pg4R3ABV,failure
1779021068,create record thing 900 aKO2 35203 2qlRdQ 43498 afnVgN,failure
1779021068,create record thing 769 o0GB4C 18305 C8xT1j 12245 HRpXt5XK,failure
1779021068,create record thing 937 5aVDcExJ7 30733 kKIvwMdvSP 56792 dGNWwG,failure
1779021068,create record thing 699 ZH8tB 62629 zkTqD 86305 Ww51NtxW,failure
1779021068,create record thing 118 kjlvUHv 86990 zU9BIlV2O 11880 6XpqrJKWLO,failure
1779021068,create record thing 739 kRcza43 6896 wmeZOboe 96642 fnwmMisCfK,failure
1779021068,create record thing 831 0RAbGCO 41991 rgQz0DB 17013 rRSvauC,failure
1779021068,create record thing 12 qfZO1 88250 m1mz 1629 6MrfAimgv,failure
1779021068,create record thing 567 r4mlD3GDA4 4147 1mpsMcr 56173 euvFB9ZEMl,failure
1779021068,create record thing 258 RckIBq 35038 VkqA 43940 mZJBVawsHU,failure
1779021068,create record thing 542 0iIcQkF 96199 qO8avFu2D 35116 fToWL,failure
1779021068,create record thing 480 XKnHqAs0NT 38482 C7GrC 51928 xHBO12pzC,failure
1779021068,create record thing 964 2Uz53WwsR 68087 YUJ6jD 91197 JgWtc,failure
1779021068,create record thing 391 OZxroz2 4360 3opqAF 27692 yNPb,failure
1779021068,create record thing 395 DX4HiTA 62308 NWMVCOAn 99605 PYcDmz,failure
1779021068,create record thing 66 QkFM0U 52403 Tt9u 2871 PsiZRdOIVV,failure
1779021068,create record thing 611 1QBzm0Vy 21346 5P2D6JkZ 80702 PJHj,failure
1779021068,create record thing 957 Izu2 26748 XCC4aAZLkK 20674 mRH7,failure
1779021068,create record thing 697 8fV7s 83851 QhwJ8B9L 8324 vHlw9G7q,failure
1779021068,create record thing 812 4UrWYRWR 97043 CHzF 731 N7qnh2G,failure
1779021068,create record thing 959 U3dx02KSi0 66978 umBc 62384 68zs,failure
1779021068,create record thing 643 2mFHG37 8597 jjk6IOV 39209 GUb0CGO76l,failure
1779021068,create record thing 157 CreHAKgL3 14441 XziIG 2194 MCNX9,failure
1779021068,create record thing 113 m3qquKN 24101 p9Q23faUY 86212 sOxzb,failure
1779021068,create record thing 49 6jnw 1173 IqBZ5 7706 LOBiU,failure
1779021068,create record thing 774 xiVQc 46512 RAFeH 57621 w6Q82Zq2Fj,failure
1779021068,create record thing 94 2J9pw6 52437 jmhAxYL 81910 zKiKJE43,failure
1779021068,create record thing 506 idpLx 21729 Ihxy76J 53501 lvLK3,failure
1779021068,create record thing 522 Oj4L6HnU 96312 1yFSBl4 56862 spGd,failure
1779021068,create record thing 142 Y3YfmGlVf9 52750 b3rd 86274 Cy0S67sOo,failure
1779021068,create record thing 882 1TIn 15493 mYEj 83305 HiKHNZxjW6,failure
1779021068,create record thing 926 saMRj 67972 oZb59 56112 6g6IMh66,failure
1779021068,create record thing 409 W58c9wH2fO 32244 5BzgGJ8jV 96015 7s0tXtpSt,failure
1779021068,create record thing 598 ODM0 12705 dEmk 65054 dzUVlc,failure
1779021068,create record thing 439 uMZLemEnc 39094 ls9rBIaqA 58186 7zhn952QD,failure
1779021068,create record thing 599 eUeDc4 73054 WwDoO1Kevl 33527 LeXF,failure
1779021068,create record thing 765 vUTYtZ 34153 SMPpP5 6146 EDdapZat3,failure
1779021068,create record thing 270 H99p 93302 jfHQKyj6 95864 oxYI,failure
1779021068,create record thing 552 6MQbBHjtL 44295 8xQR 27085 moSidl9s0F,failure
1779021068,create record thing 975 3V0EF7I9 5578 k8SLMHSQ 36981 nfQ4YxfHII,failure
1779021068,create record thing 763 kylhKz 38701 XPjbo4Q 62396 7wrDRW1,failure
1779021068,create record thing 253 3V43eUrUZ 75011 TJAXX9 17336 zpRJ5w8ixT,failure
1779021068,create record thing 993 bxY4a4 67755 d5doyoZ 48623 iGNO,failure
1779021068,create record thing 272 qaHh1KK 21614 Xobw 3054 qjm6UJRw,failure
1779021068,create record thing 147 gOlydSAi7v 64618 PpqN7c 37464 ILQ5nfINh,failure
1779021068,create record thing 470 Kvvn20Vy 53234 1LQjE 64886 tza8,failure
1779021068,create record thing 659 gAiHbaB 83931 U3ziv 8242 FbxmaB,failure
1779021068,create record thing 406 T6AYtdGJx 23493 smKtJd 49201 TwgYR9,failure
1779021068,create record thing 512 KtCJTV5 83522 GAUsSKAy 16129 o2SEMIy7,failure
1779021068,create record thing 672 QdlpUD 62134 THpaNIkLAo 24858 YQLDWiJ1rc,failure
1779021068,create record thing 218 IiokyX7x1O 33854 B4MRn 70112 uiiQbfQaAl,failure
1779021068,create record thing 323 XGsnsOLG3a 88167 utf0Qhy 58007 BQMm7h,failure
1779021068,create record thing 736 Syrp 88268 lV9Sj 16814 BCme2F7,failure
1779021068,create record thing 581 ysD5Bmw 31200 XutMXir 95410 cDRTiEbOAW,failure
1779021068,create record thing 217 FAAx50 56321 j0pzXPw0Yz 34389 TrBtEKg,failure
1779021068,create record thing 68 8RJEJ 70999 r9Wp4FcT3 41101 1LXm,failure
1779021068,create record thing 275 z2shU8pxij 71834 R2Xe1gMI 44490 paeQB,failure
1779021068,create record thing 411 92ilKG46s 83489 vSURd 67291 Fi7mGHDuH0,failure
1779021068,create record thing 324 ydR9 26205 SJwsUJH1q 3211 QFQMJXlQoa,failure
1779021068,create record thing 825 1BmXdHJi 10967 yazwtBF 36409 E56tUw,failure
1779021068,create record thing 983 v9kDrax 58511 GYY1sd 9344 xpgkpse,failure
1779021068,create record thing 842 KDsi0mG4 55810 FotD 5491 dbpm2s6jn,failure
1779021068,create record thing 235 zkXudLHbL 36435 eqJKAeLK1 75478 iq9IgwL,failure
1779021068,create record thing 58 atcmUxQs 66773 JENn 32927 buZVcOAkM,failure
1779021068,create record thing 795 j21X8v 69526 8iGL2D0j 29800 IBCr,failure
1779021068,create record thing 787 CL7htFA 35036 GjaGS0tN2 91269 XrJjOn8A,failure
1779021068,create record thing 864 NSxMrCZsG 12931 8lay0n74ff 69419 VDFsjxwvtM,failure
1779021068,create record thing 333 Z55oCiOh 81877 6bjkDZdR 99996 tqXHNd3,failure
1779021068,create record thing 702 Y9KReX 55144 tmG92HM 5215 CnFveEdKw9,failure
1779021068,create record thing 225 SyzIFIBmbj 2214 DeoyghNPb 43743 f2HjJWGxO,failure
1779021068,create record thing 571 gVYbZayS0K 15521 CiDj 72723 yLorR,failure
1779021068,create record thing 705 5Bs35ptAu 66982 zGTn8uQa 63810 ogkX3nu,failure
1779021068,create record thing 656 NQVB4w 84372 GMPT 67708 SrcwFm,failure
1779021068,create record thing 277 ttDd 91954 U68X 6451 y9hMy,failure
1779021068,create record thing 389 HecN2BBd2o 39656 WqAszDYbVo 55477 17YenitnE,failure
1779021068,create record thing 474 mhKEC4LRj 57564 gyIUS 17918 ZuwRskYo,failure
1779021068,create record thing 168 f0TevT 70456 KXbCm 38225 xDpkhUJHO5,failure
1779021068,create record thing 995 q55hdaa 21176 ePzIO 37575 oVZP,failure
1779021068,create record thing 747 RdKYmEB 3385 9KShzP98V 3758 j7N8UJOxYh,failure
1779021068,create record thing 547 zChU9 54245 7a9U4rY 4203 XZiRn,failure
1779021068,create record thing 176 Kc3mBAnA 46934 Tf1MuNrz 35959 bkp1ds,failure
1779021068,create record thing 908 4At1xdI 32287 UxeKUTN 80260 uKjlQx2Ys,failure
1779021068,create record thing 624 b584 71771 alXvT8 35531 rQ2yiHHJsU,failure
1779021068,create record thing 74 e5rTR 48993 DJmwhRKGC 41525 d2aat,failure
1779021068,create record thing 664 BOAFd 69250 xdgRDptKu6 32790 AHkgX,failure
1779021068,create record thing 700 XeCcPNt 39477 uCdNO 301 1YOpY,failure
1779021068,create record thing 971 xqRm 52985 dmlF 43940 QuRP4irfr,failure
1779021068,create record thing 274 bzctp 96801 Jb8y3mTi 17784 ic9o8iPcxO,failure
1779021068,create record thing 687 7TU0 14925 mHmJlNwG7h 28138 pLu1Q,failure
1779021068,create record thing 215 hsFsXL 56124 aqFAqUTKwB 59482 PM1pPIMkD,failure
1779021068,create record thing 364 wZfQ9 52990 YIeE37 48461 pNd4zgD9nz,failure
1779021068,create record thing 380 Rj2W65yS 87414 uIRRz 99862 2J3Ujm4Uy,failure
1779021068,create record thing 167 jgDjCN56 97641 Hnq6rIFAP 3425 WyHsDNM,failure
1779021068,create record thing 374 3HOzvn6fyW 85954 RfpEm 17144 dQWV6qM,failure
1779021068,create record thing 855 DISIiTJh88 52197 mVWBlNZU9N 50934 Rvz4lgi51K,failure
1779021068,create record thing 651 ayJFP9 14396 NRxsC 81319 BPz3nuL,failure
1779021068,create record thing 465 gykW 74870 hWpL 95863 cUmo8n4z,failure
1779021068,create record thing 955 OmQHgcI 90617 fdeALc 32905 fy8JSPfb,failure
1779021068,create record thing 948 t3k4jI205z 71341 UeMc 38270 h0mFU,failure
1779021068,create record thing 104 sqjdte 8045 D9fZ5g5xe 62986 12Xh,failure
1779021068,create record thing 888 WgQ5Y 17741 4Pa8GX 11569 fiH0si,failure
1779021068,create record thing 979 5e5nB0w 49881 1leI7c 83512 s8OxW9k,failure
1779021068,create record thing 876 jv2eo5ndL 56799 leHYu9kOT 9837 iwEY,failure
1779021068,create record thing 82 CHRrG4ALF 78365 8bg9R 44660 B64mwF2,failure
1779021068,create record thing 297 9BSCyiOzbx 1047 bcs95gn 49554 O71qWFWg,failure
1779021068,create record thing 792 aNYz 78578 P9Xg 17770 iDkFgvXk,failure
1779021068,create record thing 234 ijkja 36401 ujl9Ksa 12093 TICX,failure
1779021068,create record thing 678 xWR6v 3893 0Wm765kNK5 1003 5rN6wE8LCo,failure
1779021068,create record thing 47 5be3g 37709 SusM2hVVfO 37737 IXr2hcf,failure
1779021068,create record thing 72 P5nxUE4N 3268 9CKhjnOSS 32844 YyJtu,failure
1779021068,create record thing 722 74WKsV 71399 rJTZLANQwj 79657 HaeduCoUx3,failure
1779021068,create record thing 197 yiz5 54821 Is3dwNFmS 80735 jLyqCZ1l,failure
1779021068,create record thing 592 2arlU3ksab 10487 RtSv6yg 70068 tr75xZ,failure
1779021068,create record thing 371 Yarwd9nO 81341 uLw50tHYGo 36639 4iAl,failure
1779021068,create record thing 883 MfjE6LZbf 60818 5khQK3xn 649 nhwcn0K,failure
1779021068,create record thing 907 cG6wlcfK 13925 opxnLfdd 2841 ROAxl,failure
1779021068,create record thing 634 xSrEFw 78604 aB9Yia 45105 XnUfxMCWV,failure
1779021068,create record thing 644 urTZBW 15501 sUmM45P8 56086 SvvOOVe,failure
1779021068,create record thing 850 WjfR 42094 HzeSdie 14926 DH5bNDA,failure
1779021068,create record thing 301 pjQhwj 18095 YGrFz4f 37495 jtbbUCu4JH,failure
1779021068,create record thing 566 jpRmqvOFx 80295 hD7Sg 86390 mQzJ2vnG,failure
1779021068,create record thing 81 fWPb 50834 vRylBXn3di 23996 tv74EZ,failure
1779021068,create record thing 388 y5xDzGFKj 36527 XrwhtMt7J8 54893 x51iP1,failure
1779021068,create record thing 128 hBzELotbBW 33738 21eJs1O3l 25674 3C9Q0P,failure
1779021068,create record thing 550 a48SC2x1s 85909 CmOG 12269 CQ69ip,failure
1779021068,create record thing 471 N2Q5Rqd 51735 yTamNP0 68186 mg92Zb6,failure
1779021068,create record thing 748 3SGF 35182 yp7Hm 98662 ABJbW,failure
1779021068,create record thing 45 6QLET 11245 mauPLrA4i 73700 4rSd1j,failure
1779021068,create record thing 827 w145xZ82 10150 3sgv 69546 QRd2nGFNT,failure
1779021068,create record thing 271 rNdd 31718 vxFe 27993 uGOrODCvdc,failure
1779021068,create record thing 619 a5Gtrg0Bq 11955 c3WOzLRO 26765 RBgFy8G,failure
1779021068,create record thing 353 gJDZBJS 26471 mzDctb8Hx 33499 NevuRH,failure
1779021068,create record thing 868 wopOV 66739 ryOf4 91802 ucQHqAH,failure
1779021068,create record thing 368 1a2mjFm3 60558 DxKYn 41504 NYSk,failure
1779021068,create record thing 100 2wsgo 71351 Y6a45hS 1045 CZISkDDCU,failure
1779021068,create record thing 390 h2FihTO5mW 8058 BfeZ 93890 rlPE37vO0Q,failure
1779021068,create record thing 95 9fM5SAh 75972 NgwLvyVz 5333 LQGorqbS,failure
1779021068,create record thing 991 kZriP 89410 wWM7lZJVp 81758 abQDpdhEN,failure
1779021068,create record thing 345 f6cR 5748 yZja 66049 ivJm,failure
1779021068,create record thing 782 04L14m 41765 FSw3Lg 74770 Dfpp3Fz,failure
1779021068,create record thing 221 yrZYbm66Q 86166 AjGtHq3 21816 EhaYQTOby,failure
1779021068,create record thing 160 fPxb 11274 bVrZEh7m 7473 Rmo304xSZ,failure
1779021068,create record thing 965 YfdSK 68986 KoIGTYtZ7k 84370 u7dH6,failure
1779021068,create record thing 349 lQMo5RNzfV 51630 HNFYi 17970 NGv9VsCRp,failure
1779021068,create record thing 984 024n91f 45724 InWp1A5LM 38039 fKhtP,failure
1779021068,create record thing 715 o9TwbTzE 62775 1FD1hGYn5 56681 GPwfO2Wk,failure
1779021068,create record thing 164 kjAAFQa 91650 mNfyYkINP 93601 7asKYJgu,failure
1779021068,create record thing 826 DCA8ZxbZ 73012 7Gt546 38129 Vg6y,failure
1779021068,create record thing 778 IleZK6v 51967 XHBO0t 56168 dOVa,failure
1779021068,create record thing 7 lqRl6I3v 60693 MNVK 2361 g2va,failure
1779021068,create record thing 891 FZcrJ8yNv 23744 olLYN 2054 kcWEm6Y,failure
1779021068,create record thing 829 kxSiRJwDXN 3261 YEWfNryPL 53478 WEdx3Wws6,failure
1779021068,create record thing 285 pSrO3 70314 Zv2mUqmsT 29968 6vHAjzEAy,failure
1779021068,create record thing 604 GobPCw 61734 53sj 85255 VLnZpp8,failure
1779021068,create record thing 460 9Q1bbSs 7808 9bkqCT 1073 Cr4V,failure
1779021068,create record thing 226 mcCoT40KqW 45266 MQo5diIvv 88681 QNsvO,failure
1779021068,create record thing 430 fnoe4KVQ 89724 ZUMZu 10311 S4govb9kw2,failure
1779021068,create record thing 987 qI0xlPgdwn 25223 Svs7qU8X 82026 KueP,failure
1779021068,create record thing 719 vwUnCb 54772 DHgCp 32791 f00PZxA,failure
1779021068,create record thing 666 VUVpgUbph 85852 yaMdJfZ 31522 WoMu,failure
1779021068,create record thing 734 BEdu 93359 SYH4hP 94840 BPgkVro,failure
1779021068,create record thing 204 GI7tv6OOdw 31757 scQIWop 17368 wxxlLgu,failure
1779021068,create record thing 575 brq3GROp 80614 nX2Q1P 76710 DQgajK6,failure
1779021068,create record thing 28 LyWvdC1 66746 0iMU 95833 EYjgIy3W,failure
1779021068,create record thing 617 nCWhbiF 59142 aNvKMTx 25755 pta9,failure
1779021068,create record thing 518 iOUG 73460 Icn6N2k 41446 yVcOcaWW,failure
1779021068,create record thing 239 zQQseS 19162 WHfep 72018 ikdUgpxgt,failure
1779021068,create record thing 224 aoOkX 22781 VTQe 98600 xhWzzaHPQ,failure
1779021068,create record thing 96 6DpxaUKsE 63195 cbipS 6600 4CAqwXX,failure
1779021068,create record thing 31 HLgnaxV2K 10551 qNw5ADMv 51050 hlAeBTYQPF,failure
1779021068,create record thing 33 iAKyiyZ5Bn 3310 wmgH0D 37551 9kiQ5Vrxes,failure
1779021068,create record thing 433 2kATa6g 59910 WQkPxso 78769 9Tm5qbp,failure
1779021068,create record thing 605 x8yFDb 49467 I7arnQ5o 95543 Qev8U,failure
1779021068,create record thing 90 WR6hN 63249 xLrc 34632 x6if,failure
1779021068,create record thing 559 ChjDGbHB 76465 9ydZuBLWTO 75569 3KBLt5i,failure
1779021068,create record thing 914 hr0X9wT 72468 Hg68AENQ 92611 zp9mfK,failure
1779021068,create record thing 759 ZBl1zz 39988 zEIeJ3GQ 77329 KKy8kcVNa,failure
1779021068,create record thing 693 AElQ 22510 yXQA 15798 ZeMGqc0tLd,failure
1779021068,create record thing 105 PLUxWFv 55194 1Q4HZj09nN 19070 W3gYeL,failure
1779021068,create record thing 755 lI2N04ZZ1 23527 Y9Rz 4891 RyJq,failure
1779021068,create record thing 143 gmVpot 28524 dp3XLGTWMO 56183 PwWHirTIU,failure
1779021068,create record thing 229 1RCN3u65 54858 Fem7D5C 62681 iDosa5sOO,failure
1779021068,create record thing 251 0qQGXSYdP 32195 TAta3 13091 XrkVI0j9b,failure
1779021068,create record thing 282 rYUaLBv3f 87596 FO8zqLJgE 25218 HR3CtZi0,failure
1779021068,create record thing 760 QMFZ 50533 e3WbmxMlJ9 4618 7oxxK6Akk,failure
1779021068,create record thing 26 oHfpZM 71010 ULbMoXhO1s 49616 PFlzmsG,failure
1779021068,create record thing 115 oomw6Tx3 33344 cAYYkpIxM 17504 ubqvZJv8,failure
1779021068,create record thing 655 I4GMxq9DNa 74621 YL7rmL0 61646 uqhImcK,failure
1779021068,range_search thing id 603 777,success
1779021068,range_search thing id 281 420,success
1779021068,range_search thing id 564 824,success
1779021068,range_search thing id 973 987,success
1779021068,range_search thing id 218 499,success
1779021068,range_search thing id 292 917,success
1779021068,range_search thing id 661 866,success
1779021068,range_search thing id 683 876,success
1779021068,range_search thing id 529 751,success
1779021068,range_search thing id 441 901,success
1779021068,range_search thing id 604 879,success
1779021068,range_search thing id 626 922,success
1779021068,range_search thing id 265 732,success
1779021068,range_search thing id 17 435,success
1779021068,range_search thing id 718 772,success
1779021068,range_search thing id 469 491,success
1779021068,range_search thing id 894 949,success
1779021068,range_search thing id 599 625,success
1779021068,range_search thing id 88 954,success
1779021068,range_search thing id 268 904,success
1779021068,range_search thing id 451 535,success
1779021068,range_search thing id 83 109,success
1779021068,range_search thing id 987 999,success
1779021068,range_search thing id 221 757,success
1779021068,range_search thing id 267 1000,success
1779021068,range_search thing id 955 983,success
1779021068,range_search thing id 106 450,success
1779021068,range_search thing id 402 893,success
1779021068,range_search thing id 850 941,success
1779021068,range_search thing id 429 871,success
1779021068,range_search thing id 746 829,success
1779021068,range_search thing id 1 669,success
1779021068,range_search thing id 347 425,success
1779021068,range_search thing id 556 928,success
1779021068,range_search thing id 518 734,success
1779021068,range_search thing id 967 968,success
1779021068,range_search thing id 703 752,success
1779021068,range_search thing id 394 897,success
1779021068,range_search thing id 679 828,success
1779021068,range_search thing id 268 844,success
1779021068,range_search thing id 909 996,success
1779021068,range_search thing id 186 395,success
1779021068,range_search thing id 291 503,success
1779021068,range_search thing id 993 998,success
1779021068,range_search thing id 626 953,success
1779021068,range_search thing id 446 975,success
1779021068,range_search thing id 336 355,success
1779021068,range_search thing id 905 940,success
1779021068,range_search thing id 332 349,success
1779021068,range_search thing id 662 833,success
1779021068,range_search thing id 801 905,success
1779021068,range_search thing id 419 653,success
1779021068,range_search thing id 497 672,success
1779021068,range_search thing id 319 365,success
1779021068,range_search thing id 139 983,success
1779021068,range_search thing id 730 865,success
1779021068,range_search thing id 923 945,success
1779021068,range_search thing id 815 958,success
1779021068,range_search thing id 446 519,success
1779021068,range_search thing id 483 654,success
1779021068,range_search thing id 922 964,success
1779021068,range_search thing id 821 935,success
1779021068,range_search thing id 128 435,success
1779021068,range_search thing id 982 983,success
1779021068,range_search thing id 865 898,success
1779021068,range_search thing id 339 396,success
1779021068,range_search thing id 883 970,success
1779021068,range_search thing id 880 910,success
1779021068,range_search thing id 552 717,success
1779021068,range_search thing id 893 983,success
1779021068,range_search thing id 503 722,success
1779021068,range_search thing id 763 807,success
1779021068,range_search thing id 774 870,success
1779021068,range_search thing id 896 934,success
1779021068,range_search thing id 527 931,success
1779021068,range_search thing id 74 718,success
1779021068,range_search thing id 422 677,success
1779021068,range_search thing id 530 861,success
1779021068,range_search thing id 295 881,success
1779021068,range_search thing id 251 667,success
1779021068,range_search thing id 881 952,success
1779021068,range_search thing id 890 896,success
1779021068,range_search thing id 688 885,success
1779021068,range_search thing id 201 531,success
1779021068,range_search thing id 525 704,success
1779021068,range_search thing id 227 246,success
1779021068,range_search thing id 738 781,success
1779021068,range_search thing id 23 811,success
1779021068,range_search thing id 82 952,success
1779021068,range_search thing id 783 819,success
1779021068,range_search thing id 450 836,success
1779021068,range_search thing id 616 786,success
1779021068,range_search thing id 87 912,success
1779021068,range_search thing id 626 958,success
1779021068,range_search thing id 214 215,success
1779021068,range_search thing id 778 853,success
1779021068,range_search thing id 659 916,success
1779021068,range_search thing id 881 928,success
1779021068,range_search thing id 151 876,success
1779021068,range_search thing id 502 737,success
1779021068,stats,success
1779021081,create type thing 6 1 id int name str score int city str age int note str,success
1779021081,create record thing 777 BKsoRRC 90096 5WMO5 55723 HO4Z,success
1779021081,create record thing 508 dXKZ 37828 hQR6FEe 5224 TLboP1K,success
1779021081,create record thing 896 9Pqc 99125 DO4lK 83202 EfvuP1uRr6,success
1779021081,create record thing 923 VcfphV1Za1 60552 dGMEBdq 17172 BRh8Lo,success
1779021081,create record thing 34 tazn0 14871 6Oj5sRz 63242 pIx5F21,success
1779021081,create record thing 484 V0vWqa 95164 ZJO1BE 43573 Vx518ox1,success
1779021081,create record thing 86 cURYxPY 19936 7h7ug0g 59890 SzOj,success
1779021081,create record thing 751 WqMyeuP 69942 7M3EHMo 89705 9UAgN2,success
1779021081,create record thing 355 ksbudwA 32007 zQlkLxQE 76435 oNCP3,success
1779021081,create record thing 524 3QjBvKN 55615 p0mxDoJJ9 38696 8OrJ,success
1779021081,create record thing 185 W84UZ3WoX 28705 lpUVQigMc 57779 JTfs,success
1779021081,create record thing 810 zmW2wFqk4 63156 s1XDeUnPPy 73048 fyqhwU,success
1779021081,create record thing 419 KY6gob 73584 4ndZ4s 53516 i6sE,success
1779021081,create record thing 616 oHyx 97404 6zUjzgEz6 4288 wB61gQH8w,success
1779021081,create record thing 683 r86ZfnN 2799 WphJ 8992 Vmn1uj3a1i,success
1779021081,create record thing 502 HXg1i 46955 WKaqhAhdBw 77812 CnMT,success
1779021081,create record thing 761 OsNb90AgSB 10589 LerNHu 78301 sFAXhO2I,success
1779021081,create record thing 50 nBovCzfAPx 20006 5eZffTYIK 73608 uhvPU1S8,success
1779021081,create record thing 733 tgFjD0vI 15058 roAIVMPILO 90894 bqV5vl,success
1779021081,create record thing 337 JyiNb 97794 nAvwSWJf 6895 jMPqP,success
1779021081,create record thing 451 LznFvgQ 77743 Gtn9dm6 17987 puaUkxRFZX,success
1779021081,create record thing 791 yUBC 10205 tAzNrz7k6C 90388 f0pKGy,success
1779021081,create record thing 351 UnWeNG 25415 vTYYojmLVO 23218 MCIJQ2N9u8,success
1779021081,create record thing 468 jeBsrd 66497 tCdZ 10057 11MFCIX3B,success
1779021081,create record thing 623 JlLF7BYZ8f 84689 cR9GL 47696 4yWQdN,success
1779021081,create record thing 477 efQrSO 78997 jfP4tOPhRf 73259 NuhR694,success
1779021081,create record thing 615 OAww 23627 vVl9j 38770 WFHTGP2MLj,success
1779021081,create record thing 555 ZVYkB 53852 PoBrUB 69993 tYDZw,success
1779021081,create record thing 366 9CrxG7YX 18140 pN2Ig00rVq 67286 Zf4Y2,success
1779021081,create record thing 771 zyxx 10696 ntgSuj 5020 4DZVDM,success
1779021081,create record thing 631 bnj6 79807 AWohoNMd 65513 HNJSsavJ,success
1779021081,create record thing 941 Pf8eG 66496 9IyDN8pbWv 96068 MVTucHYkW,success
1779021081,create record thing 798 8DliS6c 26422 X2tt 52196 HpUlwW1uhw,success
1779021081,create record thing 497 U3x8EE5 68062 XTeLYH 42101 eOtL,success
1779021081,create record thing 925 kBBT4MA 83816 6eNwXQ7iLW 4561 eWwxJ,success
1779021081,create record thing 370 jBwBeiwt 36528 7blG4 15435 WRnLR9,success
1779021081,create record thing 597 h0C3B 11506 Q0tveH30S5 83584 XFhmi,success
1779021081,create record thing 721 EwJC8i2eyS 62739 zzJhteCG 16821 WNl7A4dhjk,success
1779021081,create record thing 54 5n6Gre 25729 7rMMfNKKk 81851 3u5c1f6Vq,success
1779021081,create record thing 427 VzNEM 37967 7DXQsedBE 26741 LtST18,success
1779021081,create record thing 57 VFgoh 58929 id61z 20932 uJtVEFEtb6,success
1779021081,create record thing 265 CoKdrL0P 37453 agiqwzcd 73638 wrxBI,success
1779021081,create record thing 773 9Qh8yXv6Um 66731 FciuDCL 67568 uMk9T,success
1779021081,create record thing 186 KFFEID 2180 ugzt32 82478 LqO8,success
1779021081,create record thing 467 JSKkMM0j 89224 b6gbt 19848 QzW52Td,success
1779021081,create record thing 790 GI9Dx 22699 4vvVSNQ 79963 lpIn8sr,success
1779021081,create record thing 175 QEDI5 94589 rJH3yv 19198 c7e5OU,success
1779021081,create record thing 151 mH5Ri 80698 KpPGNdzSg 18018 78jO,success
1779021081,create record thing 742 Dm7tO4f 75252 HS64k 23040 9yE6,success
1779021081,create record thing 114 52aJg8r9HE 17589 FqYuTOSaus 88395 lLNzAuyf8D,success
1779021081,create record thing 429 axBqu 76344 JqwoPCjQ5 92216 th4sMnijUL,success
1779021081,create record thing 966 R4UXZVQ 78094 WGGw4gZ3mH 21566 0BQSE3,success
1779021081,create record thing 19 YCFCdCY 94801 yYUJ 5936 vd95e5b,success
1779021081,create record thing 190 liNT7x3 58790 4xe72i1h9y 16691 8ZU8CSAxo,success
1779021081,create record thing 415 vr6SgYz 2050 mgcLR 6380 Tyon1,success
1779021081,create record thing 590 i9o4 75511 JVYo29 68321 zrIKT,success
1779021081,create record thing 667 MAE86 87994 WtzjxUD 29536 1iCdzz,success
1779021081,create record thing 764 ipmO50fS 24966 qPL2 24662 VSID1u7a67,success
1779021081,create record thing 222 UU4R 92244 yotrC 85029 tw2CXS,success
1779021081,create record thing 587 04wzInjq5J 54732 juxZEO 89764 pY7NEk,success
1779021081,create record thing 582 viHl397G0e 87584 Vz0o 92690 aFxMP,success
1779021081,create record thing 300 4OaGzbSH 37576 FRA6 23496 4GoM,success
1779021081,create record thing 639 YqyxzJ 91388 sZe9O 4152 zxDN,success
1779021081,create record thing 387 kEAWJ1fGc 27710 QJq5QrHOl0 2052 KUSye,success
1779021081,create record thing 365 IJ0PH 50311 TXQeUvgoeL 80460 yVbq9Ew6,success
1779021081,create record thing 880 lKxVspe 35123 xWjyw 11995 6BVg,success
1779021081,create record thing 335 lBIz 3442 vfLu 50493 syf3,success
1779021081,create record thing 17 Jkxis 64634 dAAEe 32990 SEMCi,success
1779021081,create record thing 203 6uMX 43193 uY18it6 26326 t78sREJ,success
1779021081,create record thing 2 urWw5 26188 9lVbT6mX 90811 YXzE,success
1779021081,create record thing 39 spjAxBLKH 90663 HXw3HNf 32536 PkLINO7uX,success
1779021081,create record thing 291 aqFG 76089 JByVKFvbg 54522 h6it,success
1779021081,create record thing 494 WGvgSCe 5856 SbvgX5TFIu 55885 ozlNAbM,success
1779021081,create record thing 248 BAanr 92243 XJXHwmhPE7 41078 yyhvCkPX,success
1779021081,create record thing 507 KPtohxiy 78174 JAEH4 22706 krl0M17E,success
1779021081,create record thing 897 Y7FEQ 54477 0EfbVsrHk 59942 UVIhhWZw,success
1779021081,create record thing 714 UVBnATOp2b 34447 1f1hYn 96680 Q1LAMWYX,success
1779021081,create record thing 892 vrHuRrq1 89037 f7W491h1pS 32447 0yiNMxeXVy,success
1779021081,create record thing 77 r6w6uaVTT 60089 PwdHnAnqZ 44270 JJEvQdgW,success
1779021081,create record thing 912 b5jC9A9 17290 s22fwfPOd 81999 TUAffn,success
1779021081,create record thing 793 ioQa 91173 Y9Aiex 95782 gt2iVUi9iG,success
1779021081,create record thing 509 Lkvn 98077 5MBn3 18351 hTvAXpNpLS,success
1779021081,create record thing 178 WQ0OsG 66784 Usd37 64865 gEKG895,success
1779021081,create record thing 843 x0AHk 61736 eKan56yrSV 55518 yNHjfe58j,success
1779021081,create record thing 201 yNZQeR 95677 op5hLdPOka 17984 aEvGYqxU2,success
1779021081,create record thing 766 2VbYqdSJe 59663 wEJwpgJS 29937 Fc1pDxj51,success
1779021081,create record thing 910 XSOnp4tZ 74912 hPdnFc 52550 21Vt,success
1779021081,create record thing 294 IamI 39834 MCKEVm3Vp 835 bHNQauV,success
1779021081,create record thing 539 0TgGoEd 18661 rco0z3CUK 66247 NyKdP,success
1779021081,create record thing 25 oqtXR 96384 tqemWK 20369 kCzH,success
1779021081,create record thing 695 mtqhjQZRcZ 42964 fpwFP 34100 9bzCUpCXia,success
1779021081,create record thing 211 WnmyQ6fK4e 8450 3Bh4Z 43456 cCkJ,success
1779021081,create record thing 425 SExAv4rBjM 80868 OE2Df 50202 zNXp9,success
1779021081,create record thing 529 X9WwHE4F 50905 ltn3Wd 61824 wKojpoHX,success
1779021081,create record thing 35 d9n0Xv00k 77662 XR4bR6 73873 Il92E,success
1779021081,create record thing 929 kcdLbD 43481 miS40ubK 18566 gGweRPKuu8,success
1779021081,create record thing 399 6X7Ok8R5W 29260 KktQhT66y 74381 ltYL,success
1779021081,create record thing 608 J6iUo8k2f 92925 N2Bqpepga 50585 T82ExHg,success
1779021081,create record thing 299 WJVnBXc 2631 qgv3je 12203 KMDb6k,success
1779021081,create record thing 849 jgmlRST 34768 rodJ0jwAs 86772 Lmbksf0ty,success
1779021081,create record thing 669 3qNyxxl 5848 BqZIjR 12675 PYzU,success
1779021081,create record thing 283 I0YzH 62236 2De3SF3X 88805 j6B6knlc,success
1779021081,create record thing 940 9A9M 77994 tTYfII 36202 C2WMGAzj,success
1779021081,create record thing 945 K7ggWW12 53856 xELcri 79777 Rc3uoU53b,success
1779021081,create record thing 607 Xt01Q8osUV 42056 TLfB4z 63499 GxdXeRzWGJ,success
1779021081,create record thing 960 lZZpC 47235 mwCy5QpEB 62204 IvZqZfbd,success
1779021081,create record thing 935 J71OQqzbWV 1166 4OLapXs 92978 r30CnsGMK,success
1779021081,create record thing 732 FP0x 84848 Lsgd9N1q 93204 sjV3XXLOQ,success
1779021081,create record thing 288 bEs4zTK9Y 44979 SQND6wskO 73170 sDTSI,success
1779021081,create record thing 528 63Onn 40250 Wuqs0D1 76490 6e3F1xsd,success
1779021081,create record thing 808 j9v939i1lf 43598 9tdCmVJjW 11539 MNz7x,success
1779021081,create record thing 230 HT63 99201 GbaTo2tgFs 8557 c6CGGAQi9E,success
1779021081,create record thing 437 l64zoTiTKk 48049 Oc2pHd9PO 2587 QzxH,success
1779021081,create record thing 29 RmQaAgG 81631 Rz3FMrWE 79823 WZ8wz,success
1779021081,create record thing 375 cEm5u 358 P4ZP 19548 WeS4,success
1779021081,create record thing 820 o9sCgkcsX 40987 TfVc0Pk 46861 7qTxvhy,success
1779021081,create record thing 317 qx0XOXh 91248 d6jzKXQlx 47002 bQZ8i5hz,success
1779021081,create record thing 561 dOa1 68788 USn72GQMAT 63167 PNjZ3M,success
1779021081,create record thing 242 Nj00 21679 Utur 66444 IxYeB,success
1779021081,create record thing 150 B1BhEOgz 73024 afLMsFmP 44676 ZY0uVL,success
1779021081,create record thing 517 OShVnvZ7s 68417 RckiSS 14019 Ll5yCW,success
1779021081,create record thing 418 uUcNPh3CK 66086 7aTIA 76692 5W4QkYg,success
1779021081,create record thing 661 L2Fx84Vq7 38557 XiL2F0H 41144 TInnSQ5iS,success
1779021081,create record thing 199 FRthv 62963 JPzU0r0Y 68515 bjPm,success
1779021081,create record thing 586 W8QjdWmHwC 80754 PInOyFXRQc 50014 zWQ7dUm,success
1779021081,create record thing 326 W1Z4ROUHLW 25362 B8e7Th 5326 rqj0aC6,success
1779021081,create record thing 824 jud5 80689 PEJwWtnleF 54516 HfnnuwnU,success
1779021081,create record thing 703 DIUOhvoN 81412 7Qt46 50577 Hr4YxX,success
1779021081,create record thing 950 EsOtff8 70513 aePV1AgH 92109 WO6UjCufd,success
1779021081,create record thing 516 peY4zBztyh 773 SdUc0wFrQ 79503 r5xY,success
1779021081,create record thing 865 DHiy 71529 7iP4XT 48906 IIha,success
1779021081,create record thing 837 yHfnTTn4 67181 jnZml 74356 dU9INePpmJ,success
1779021081,create record thing 878 wPorel 63682 uOQjJY7 22103 tWSN,success
1779021081,create record thing 360 0iT2Cw 40038 IkL01iH 34502 2eebFbKzK,success
1779021081,create record thing 595 IH9D 19481 y3K1iF 11869 wao78QU,success
1779021081,create record thing 789 Bl6O7 96458 DwnEdwcm4 47349 DCc8uRG,success
1779021081,create record thing 189 qTJJxxK3ep 29215 zYvX3a2B 30145 Frjj,success
1779021081,create record thing 67 ShoYSDDn 21134 ZbcJjNcJd 33850 Gz8N2,success
1779021081,create record thing 356 PrfB91kZL 76368 VMFkQ5Kexi 2170 G4QZL,success
1779021081,create record thing 800 DMcWF 15403 DiLZ 88940 AA2RA6DVv,success
1779021081,create record thing 903 TVRgiDo1r2 53562 lRWJha 85792 QtwjO,success
1779021081,create record thing 921 qHJL9y 26698 IIlID9J 92470 T1OUBRk,success
1779021081,create record thing 943 FWXMQ 6822 yNXZD 78675 fqwLS5y,success
1779021081,create record thing 331 GSL6YNBmO 67915 mWFRMP 47151 O8fry,success
1779021081,create record thing 728 yKGTefrZ4 45625 7rLm5J 34223 zges6,success
1779021081,create record thing 397 FpHXpBxDpv 60142 CKbheN9Po 41383 7GaZpfP,success
1779021081,create record thing 464 vIltnJlU5l 96614 opqoZ 81080 jg5PPM,success
1779021081,create record thing 394 170xt32Jrl 66995 yUhGA6 4268 v1WChGta,success
1779021081,create record thing 312 nKuLqIoDM 47962 EnRx0 36651 liJogqo,success
1779021081,create record thing 681 1mXTDaA 17625 NHtEp1cgkn 33330 0fUqwIY,success
1779021081,create record thing 745 bh17mJ 85082 kWwPET3x 37555 NikYuNJ,success
1779021081,create record thing 922 4evtOSLy3W 47600 K7zlbTP6R 10494 kgd2I,success
1779021081,create record thing 462 VG9g 81015 f5yoT 58085 hGkcw41C1,success
1779021081,create record thing 523 Ii6HKC 98161 2ANH4Doft 54028 jaGVir,success
1779021081,create record thing 632 a56DaAso 946 xzIykTyx 34469 AoV4,success
1779021081,create record thing 491 RqOGqleigC 59345 REtj8b 13405 qSTojE,success
1779021081,create record thing 196 AWExRb 10515 UjqyHl3pxa 93674 x8p9m,success
1779021081,create record thing 257 VG8DQtuNc 72034 hDswdP8o 56906 aXKyp8,success
1779021081,create record thing 694 WDKxfjfM 99557 dwjHgEtIN 45523 3TbxSpcRIH,success
1779021081,create record thing 741 llvTrZ4 72682 ejsqw 94 Nxlb1WoSOH,success
1779021081,create record thing 578 lQVjrzt 12616 Oc6lbglb 84115 yEMKdnSa5O,success
1779021081,create record thing 158 eXdI6zwRZq 5328 es67gSGlG 32605 MlUzgNwC,success
1779021081,create record thing 613 AgXIFOHL5 41307 9uxVATLI 28039 V5p7ByT,success
1779021081,create record thing 393 KG9ssn 41275 V6Y4 67013 JJfCjq3p,success
1779021081,create record thing 970 Yfy4TS 63246 E3RYf 84181 cYxW5u,success
1779021081,create record thing 689 A5hVU05NNd 68731 tJuR 20079 P98U,success
1779021081,create record thing 362 FnryifJd 52322 fFViiI 63944 OmMTpeW,success
1779021081,create record thing 817 QJgzwl 45157 OVkvYXMB 30603 QjTfT,success
1779021081,create record thing 402 651Ya 90937 gBbmHmGqDT 18526 RbKPckrWM,success
1779021081,create record thing 93 C6eO 86898 4wgs2x8FS4 63525 Lfm7ISc5sE,success
1779021081,create record thing 918 jvvMo8FYM 50747 966nvyiTGQ 81988 ooj84uHmi,success
1779021081,create record thing 490 QmiQ34A4 19025 54tI6ht2T 41771 7sUYNTj,success
1779021081,create record thing 452 glVLq 74323 ooQwQDFL 93325 x0EilbVaq,success
1779021081,create record thing 252 nPmmk7B 80879 Q13AWLZ 94398 y6JHNR,success
1779021081,create record thing 654 GBZc 32207 H8cyV7lB 39918 ZCAMdGiZCS,success
1779021081,create record thing 770 lK3H 51520 ubC332f 42477 OSkTfRNfR,success
1779021081,create record thing 671 XF6xxV4JO 19672 1lSAt 58491 MhimMp,success
1779021081,create record thing 130 EEYLEnO 59472 BLa2rMY 27215 ldvj,success
1779021081,create record thing 638 PZs5 6426 zlPL 90638 KWkCJ5fsw,success
1779021081,create record thing 992 YV0eDh1 43150 znmdJ8Gf 94905 LWRA0qJM5,success
1779021081,create record thing 343 IGNElLR8 207 bMh0 80649 zuINamr,success
1779021081,create record thing 309 esIVhuyJ7Z 25430 Z5DDci 20366 C13CY5dGJ,success
1779021081,create record thing 137 tHmQX3v8r 4085 8M0JyK 98505 RtbzEo,success
1779021081,create record thing 89 ZsGkxcm 12137 FX4jvD2 40679 uVg8G9mcy1,success
1779021081,create record thing 328 a5QK 11413 CcGOtJ 40913 3tlrtBhjq,success
1779021081,create record thing 476 7IgH 72006 q6XJkt 44399 BiDPgdAl,success
1779021081,create record thing 982 3NQBwumV 69924 8UCi 91566 gtNVD6i,success
1779021081,create record thing 851 pwl4u1uE 8567 gD0rvJF 53174 SgIesCKopj,success
1779021081,create record thing 893 xvYKWAW 71372 oPe5JEKCI 58355 tzLQK,success
1779021081,create record thing 376 xEOfY34Naj 19558 GyJmQtJ 89071 46S49K,success
1779021081,create record thing 179 9zhswIdR 47086 11oR 51677 txxHPDlx5,success
1779021081,create record thing 27 zr2haOi2O8 17796 iX13 91146 5MCAYxnA,success
1779021081,create record thing 350 J0oF 53849 JccDwJ7e 95706 G1UrGGLpN,success
1779021081,create record thing 500 7eNXtdvWD 67195 Juv8skR 78333 sWqNJJOsT,success
1779021081,create record thing 475 rfF0 36418 ir1agk 77564 jBYqREX1v,success
1779021081,create record thing 618 7KYZ 98665 VoBNnTv 84182 UhkysU,success
1779021081,create record thing 698 5oQyqGArXx 41377 Qc4N7A41 43904 qgOyVU,success
1779021081,create record thing 51 PVGQ9taae 53903 GQvS 33016 cMdK3,success
1779021081,create record thing 212 6NRh1 17027 O3J73Rp 61204 6N5rA4Vuk,success
1779021081,create record thing 382 rdy9 33847 qBE5LlEiVn 84323 4Sge,success
1779021081,create record thing 884 TWbEOacy 19871 uyaRVDzTY 9188 oxQWhH9u,success
1779021081,create record thing 174 yN7fH7 10545 CVOkcxlR3N 47089 fNTilSK,success
1779021081,create record thing 148 yXNE7Y7 2151 vuSz 27745 OG61HToeTE,success
1779021081,create record thing 420 D4cR 17109 kdtX 59793 kKYgEXnX,success
1779021081,create record thing 962 uZTyhQH 42151 7nckdqUkwk 31934 cg0LWaEa,success
1779021081,create record thing 149 5RKrQ 62391 hiqBokQKS 80222 MWva,success
1779021081,create record thing 976 l98M1 70742 nVOrmXQ8 62182 kPcNrAu,success
1779021081,create record thing 80 3CgdHjbFeo 58303 JzU3ogoo 54079 m3eKdBnLlx,success
1779021081,create record thing 776 SN8mhQd 17891 0Ckv 38687 jX74JIoz,success
1779021081,create record thing 303 E9KZrTTp 42899 J3KjJa8 5250 TFAyYRg,success
1779021081,create record thing 996 oIaT6is 84887 aPkC 74760 K8CiRl2MR,success
1779021081,create record thing 526 1e3u 4287 Aq6HXW 10611 2Td6P3gw,success
1779021081,create record thing 775 cwORIViu 70730 OTU2 92123 UVt3F,success
1779021081,create record thing 232 rdvEGhS 88907 HsMX6Y6e3C 10508 3r7grRE,success
1779021081,create record thing 626 m7bzQ5DATb 24780 bXZG 44024 JOWEPGI,success
1779021081,create record thing 801 siWkqE8 6202 vCk5S 37387 80QPj,success
1779021081,create record thing 562 h9JBw 26890 RP8jB8Hh 3266 5V65j8H,success
1779021081,create record thing 510 uRDr68Jj 74086 4BQT3iIty 28883 wuLmGWV,success
1779021081,create record thing 841 bHBPf 67081 mtL64wj 56051 xavtBI,success
1779021081,create record thing 495 TB9Xr 95420 TzZLis9 68852 e7Ufz4,success
1779021081,create record thing 120 kCJ4mZr 64302 ZsKE 96974 nXjsNNh,success
1779021081,create record thing 478 3zEQphr9e 97722 KJ1MDR 15674 FJ0kdt,success
1779021081,create record thing 145 ikqA4wrG6 67353 VlfUH 41446 0XqRwHviir,success
1779021081,create record thing 30 Ev4gjnl3MZ 68898 GIUhCeY5Dt 47522 Y3LVv,success
1779021081,create record thing 911 sUhhRQtn8 55680 VgbEAmcOK 61483 4csa,success
1779021081,create record thing 122 W5m3 24219 vf066vjFT 31696 JgJanlr3,success
1779021081,create record thing 606 aS550DRl 88280 lvxn 29825 g9hgiVR,success
1779021081,create record thing 62 SfExCTQ0 29605 z9A13X6w 1675 EgBOfiyKg,success
1779021081,create record thing 872 e8uK9 16090 ZSrSK 35779 WNyDLzErVg,success
1779021081,create record thing 573 Eo6bTZ 65291 blLusMVOG 64512 CsEFHYHbV9,success
1779021081,create record thing 6 xtxC 4306 I1sRE 17627 SEgPOQ,success
1779021081,create record thing 927 DIjdqKxP 37281 dKhwYK 81940 xA9zdp,success
1779021081,create record thing 640 OK4es 44249 buC1J 55203 bDbtJt,success
1779021081,create record thing 440 YgPu 65898 VvMwBE0W0H 37664 c9yoUf,success
1779021081,create record thing 730 JKqJGAveZF 39309 PtzpFPH 2438 R1Jn7UC6H,success
1779021081,create record thing 194 045TdmCo 97836 V0z14N0qr 21048 QoojbX,success
1779021081,create record thing 753 CIBOcj 17882 qXOk 5535 Eb1fL13zw,success
1779021081,create record thing 627 2y00oJFhP 76076 5p2ohYuKyU 30924 ngnrz1d,success
1779021081,create record thing 572 x6tAQ726 47578 SYb7L0P 7166 4PpxNR3QH,success
1779021081,create record thing 18 1y4y8 33493 fZon34 82752 2Vzc1Z,success
1779021081,create record thing 743 Dz0S2YZ 91551 FvLYTC 3584 dNNXiyMtfj,success
1779021081,create record thing 915 SVOiKz6B 96360 qQZXm 54328 l262n6,success
1779021081,create record thing 511 OM48mRky 56217 qfw6hSA5 59468 PhSl1WrEi1,success
1779021081,create record thing 574 nZTllXb8 30865 BpKOfD28 52108 nxALeId5D,success
1779021081,create record thing 139 967LUc 33247 Msyw8IJq 66027 52itGih,success
1779021081,create record thing 192 8E8r 47263 r2MVqt3 41358 9Vj0OXdjo,success
1779021081,create record thing 5 DkCh 64868 B9IC 14744 SjvmrZUYIP,success
1779021081,create record thing 444 K8GJz 10070 VP3bQ 89212 yK6Z,success
1779021081,create record thing 21 bCRDM 35300 OucMC694 74600 ndNud,success
1779021081,create record thing 214 HLfp 31467 1f0kWrUOhE 56670 XtQiPZFE2,success
1779021081,create record thing 65 qLfAwlN 12182 F8PO 93537 5GOfD,success
1779021081,create record thing 412 4Djh 39375 pAJI4FFzCS 33211 pfFhPl,success
1779021081,create record thing 302 0czRt 94908 UBYv4Yn 10252 8qPAbyaOC,success
1779021081,create record thing 334 17LEM8w 88316 PXfilYRlb 63060 io01HfVjA,success
1779021081,create record thing 193 kjR7 61799 1KmJ 51345 ug0A,success
1779021081,create record thing 665 0TKIsEE 77468 LQYESGAtd 84974 3hMOBBk,success
1779021081,create record thing 263 lvon4vL0O 17191 Syz6Ow 61908 8kmQfDkjEX,success
1779021081,create record thing 648 smcb2wj 65991 Yuho 73660 E9WVV,success
1779021081,create record thing 811 qjQFPR5B 59917 U8WL1gIFkh 26920 jsBFTg,success
1779021081,create record thing 233 wYhm8VaZD 37585 kqSzNpUG 29908 XzzC0,success
1779021081,create record thing 796 Q6BVSGeuyV 56894 yc5j 75308 88X2,success
1779021081,create record thing 682 z2R2St 45109 Z3Lj 52944 N3MMBvY,success
1779021081,create record thing 805 zmscuSTh9 37214 fIGUj 3655 HqZsAFT0qF,success
1779021081,create record thing 483 cOhs 96581 C8X9 74133 3MHKvrWSP,success
1779021081,create record thing 361 xTgGlWCjA 54008 fAin 10233 PyIW2K,success
1779021081,create record thing 839 AB5E8ZihS 16958 FGRCcjI5h 53558 hJcj,success
1779021081,create record thing 237 sxsbiW 55280 6srl 96948 aHecDtC,success
1779021081,create record thing 628 WDSLVF 60415 BB1uXPzoyH 87876 TO1RJXR,success
1779021081,create record thing 958 NNf7HU7G 98377 FbOG7rm 92486 3BYLyc1bBz,success
1779021081,create record thing 583 Gxf8HrlVj7 88946 d7lSs 12942 i3p63d,success
1779021081,create record thing 273 UKEUx 15083 dCzEzo 2440 IKgVOh,success
1779021081,create record thing 202 zfNm8x9W 70455 7IcY7MO 21939 d5qp,success
1779021081,create record thing 14 xvNKFcTIs 51813 hiIrAL7tQ 44909 qUCp8vCLa,success
1779021081,create record thing 428 i5LaakIRE 51483 f2OH3YBh 49332 Lx0Y8hwlaU,success
1779021081,create record thing 240 r5wfMsSoEw 36799 4RmmYy1 74593 EIOJQJeh,success
1779021081,create record thing 85 h512 95538 r0b8QMQ2aA 88224 d6A9qQCwV,success
1779021081,create record thing 533 nrABamfJb 96658 8Aepk 40737 MfDY,success
1779021081,create record thing 173 X50pD7ZY 68114 oeLBfBh84x 90880 WdXd,success
1779021081,create record thing 290 MeQIsxfU 30554 LOaxX2Mv6W 59516 ulgKeWmJ,success
1779021081,create record thing 486 FwDMlichK 67256 Ut2Wjtvwa 76865 QdFZ1Amm4,success
1779021081,create record thing 330 elDQCQ0Jus 43072 g24E5 83724 QCnDV,success
1779021081,create record thing 684 uTml9webhs 25480 KVcbmk2Sv 72680 lb04b,success
1779021081,create record thing 319 iO2unCwxk 69065 922ei5Xlxx 78584 8pcMlHW,success
1779021081,create record thing 455 pNrhFK 64092 TWXMk 50871 2UxGlSGD7D,success
1779021081,create record thing 250 y5Kcnm1y 40107 3J6xIif 58262 vKCMACzX,success
1779021081,create record thing 847 qbBqe3 38603 FHerohwHuP 32771 UV0lLi,success
1779021081,create record thing 280 UT4asYWzzJ 85892 DFVj 52101 oUDFW,success
1779021081,create record thing 456 DYvf0A6zB0 3945 i2sTEO 46486 nAUVQs,success
1779021081,create record thing 902 bW5j7uNL 79670 18myHlgJ 59183 3fgIbQEle,success
1779021081,create record thing 762 roOedGk 53852 jgHDe71 17030 mARDL6KFQr,success
1779021081,create record thing 548 9BZL 32353 uJECcfO4 45453 0XyZ0zlMA,success
1779021081,create record thing 181 4lJy6o1 35884 HPeT34zVh 48330 UFWz,success
1779021081,create record thing 558 pFCeR 98269 xU1yah4 42875 UEeIp6iY0,success
1779021081,create record thing 629 ZLkhT 22079 PaqB 23322 S3HBc,success
1779021081,create record thing 424 YNS3ytdaV 26442 xofA9 44186 lPn2XZkkzg,success
1779021081,create record thing 844 uMM5yA 30462 guaOa 27887 nOrMc2z,success
1779021081,create record thing 11 L8gH90k7L8 91267 Q8RuN2t 87342 eb4BFTF,success
1779021081,create record thing 200 9oM3tTUMd 49089 sjmc5L6 96895 itWcXz,success
1779021081,create record thing 426 rb0upH4PpQ 94306 LxtBa 64440 7d96,success
1779021081,create record thing 535 fKZ5o 10245 StSpkpr 58755 m1D6wxDAL,success
1779021081,create record thing 32 VYXbx0V 39351 HIkxsrID 43677 Sm4a1,success
1779021081,create record thing 580 SE568xENK 53580 9h5k 57186 VUvRNw,success
1779021081,create record thing 405 O5Tp 4522 wRbPjL6jpJ 86848 khfSxR8e42,success
1779021081,create record thing 278 Zps7O 50172 tz2TfNWv 18705 U5yt9Y,success
1779021081,create record thing 445 gVzz 37793 AkliEFgJn 26337 UYl8,success
1779021081,create record thing 772 zMM1ksxrvK 62638 PgdUaK9 12693 GaL9V,success
1779021081,create record thing 373 DuAw39Y 47344 yL82Xa1yZ 18201 L1rR,success
1779021081,create record thing 723 pCQ1FOaN6t 83070 28TQoE 96889 Xv66DORg,success
1779021081,create record thing 401 smiGJ1F 16759 XsPI2kB 15162 PonUOfA,success
1779021081,create record thing 79 b5uxrSP6P 87225 5NEXu 29334 VLNxSTxN,success
1779021081,create record thing 538 7BoqsgvK 24662 6JhtxTtKl 50875 twQXGLn,success
1779021081,create record thing 576 a0tYsnQ 19323 rU0ZctFQ 35841 RDZERx8uZn,success
1779021081,create record thing 549 5nT5W1TsY 20865 HuQ9 99315 yGrRm1y,success
1779021081,create record thing 711 uX1d5 39855 OJBD3nX 25644 Ow1gW1x8Q,success
1779021081,create record thing 42 5f8ld 67559 uAjSphysK 22608 UW9PfCYxN,success
1779021081,create record thing 886 whfEPFb 75101 DRfKx9Rs 16414 uS1H,success
1779021081,create record thing 633 YbIHYEG 76640 SWhU73lL 23584 IXhh,success
1779021081,create record thing 859 OfpUf 16346 s7k8Opc6 38456 HiEt49LFQ,success
1779021081,create record thing 140 YolsZ7Lnw 16841 Mepx4yfpA 91031 HeT9R,success
1779021081,create record thing 386 SIOFk 20118 9AbLeh 14416 HeNwuq1na,success
1779021081,create record thing 457 8n7WhG2 77178 YfvJrqgctU 23681 XQWI2y,success
1779021081,create record thing 933 haFjhxTd 95082 8RpLRl9XF 36152 GS5oNfs,success
1779021081,create record thing 814 tfeT6kdUIE 1401 P5iEQPH 16343 alZaAHv,success
1779021081,create record thing 141 O596QcBk5 68618 kwivd 64947 k8uQZ01,success
1779021081,create record thing 625 ssnTJn 39953 F3530daCs 14046 vSya,success
1779021081,create record thing 321 EfFjhEj 86066 oysAlY 14246 OBiUa2R,success
1779021081,create record thing 709 lcyU 4142 P678h 64103 EQhUWyTT,success
1779021081,create record thing 458 yggbjFVoQv 78261 aDrfAMTlr 15075 qRPADWgTLl,success
1779021081,create record thing 874 KNoic95AMf 6678 zsNouDF 84393 sqrv,success
1779021081,create record thing 327 p3laOtr 36721 gl6wsgaI 17079 wYUKLo,success
1779021081,create record thing 127 nx3iUh 76881 YlBg6MsDV 69934 jhzS3V0Iv,success
1779021081,create record thing 133 BS4ez5 66043 bLRhcJXRTy 89744 18kUxWyq,success
1779021081,create record thing 818 aJKa5 67213 FSq0sqh 29350 HsN6,success
1779021081,create record thing 398 5qXNpZ 70070 avLw 10911 2qi3s9Maw,success
1779021081,create record thing 916 7k8H8WWgU 50067 pMLmBumN1 51834 BTAjD,success
1779021081,create record thing 994 ll1lETO 2758 klyLee 32145 48gGTYL,success
1779021081,create record thing 416 xgaZ5iV 35082 6LXaX 71089 Y0fiV3YtD,success
1779021081,create record thing 596 dQMhZ 13476 sFZi4bAj 85899 o2x2Zg,success
1779021081,create record thing 259 9n7re 43741 w5fc 19805 AulA3,success
1779021081,create record thing 314 sYvg4P5YS 10009 a5jOtySWDe 75739 7rf9lxt,success
1779021081,create record thing 410 D8LNi65 50224 IHEHofS 69067 WYnfwm0w,success
1779021081,create record thing 163 75dv01Y 38626 i084pZd 18061 7Rxb,success
1779021081,create record thing 305 xRPeZ1b 47873 eeJYj 23910 UURszuW,success
1779021081,create record thing 287 agdNLkjyA 59545 SpJso5qf 49487 UydyY,success
1779021081,create record thing 645 LeQDOzxd 48690 AqgwWuokg 27775 a4lm5ofJ,success
1779021081,create record thing 636 IWct 40449 8U7F 41218 ywiPu3FFWb,success
1779021081,create record thing 354 xK0rjC2fS2 89320 iS9F9LGVB 17196 sM6cSQ,success
1779021081,create record thing 69 mLejM 65211 Xi1H 11425 ft5krwf,success
1779021081,create record thing 679 SC98V 57939 568EwrzMQ 57780 FMtfzB,success
1779021081,create record thing 834 c8dXRIjgx 74728 0n2PvDH 60929 fT45,success
1779021081,create record thing 936 AydvLnThCH 61599 NtbLx 47381 ADd17QqNfe,success
1779021081,create record thing 680 f2BAn3l 7044 3A7s 26031 6DHW7B,success
1779021081,create record thing 720 JZI3mSJiP 96253 ZTa35EtXP 34446 S961NNJc,success
1779021081,create record thing 238 8AHkxv78J 1883 Yb3F1R 85054 zvZA8u5,success
1779021081,create record thing 266 AkKHx0Q 57343 rM519XgOM 53907 EU5g,success
1779021081,create record thing 91 FXP0nWI 15007 16vXC 84523 Wy6WFqOt3,success
1779021081,create record thing 836 Pa4cbX0 68021 TtkJAIyMyd 75740 hN8k4GB,success
1779021081,create record thing 863 ShhJ 51381 V4ZjtfbaVj 81015 H8JbT8NWl,success
1779021081,create record thing 55 3sHpWWVOr 18844 b91g5hiql 10142 04mgXzE,success
1779021081,create record thing 658 eQxt4Ylal 74356 Lb89EMHjT 15937 LHGVn,success
1779021081,create record thing 944 hnunT6 35073 D7vIsU 64985 FylkQ3r,success
1779021081,create record thing 407 gXKkmSA 58478 Kqtgxmv 82929 dkcFKsZN7v,success
1779021081,create record thing 381 hYAl 32154 nxit 1262 QSnJto,success
1779021081,create record thing 125 xLGg 36444 L21e3AUtt 25837 XE9A,success
1779021081,create record thing 492 CLKo 2787 bWJaCi 52797 34cN,success
1779021081,create record thing 803 DZzs 41574 veWEcs9EN4 49008 gnZi91So,success
1779021081,create record thing 901 l3w3 647 1qWg6euLY 35377 kiCh1U37z,success
1779021081,create record thing 431 PGoDErV 63269 fVSvZ 31768 O1ReEnPDx,success
1779021081,create record thing 946 gmKG1Vt 59509 jF4nw81FW 24635 rkt1,success
1779021081,create record thing 704 gCggbCqDG 46131 hIvnyA 43743 Bwdx,success
1779021081,create record thing 295 mlkrLGg 6536 pgh3JoGr2 91686 zynZQEkmN,success
1779021081,create record thing 879 KTfFRDs4o 41302 el3iaDulq 10089 Q0K8K,success
1779021081,create record thing 213 2DcbQso 65948 UWgXu 64312 vHPpCZsuG,success
1779021081,create record thing 919 13KgQTb81 86424 wbJRA 27041 f5xgqMH49,success
1779021081,create record thing 38 k4vuK6rl 75958 RZhXJXvg 1092 5jQGrIk,success
1779021081,create record thing 861 rXacrKd 40084 AOap 45903 WF7I7S,success
1779021081,create record thing 899 9mKfn 62020 pQxy43 39586 tIQtJQmi,success
1779021081,create record thing 126 mss5ClWZ 12588 GRFQw 46424 C7C4bVf,success
1779021081,create record thing 24 MspFh 71207 2d0hPCVG 7123 dZOu,success
1779021081,create record thing 840 YJQ1 15917 KFSRGI7i3 83842 jMS6XMmej2,success
1779021081,create record thing 977 gmDZBdhz 24123 o0qLBOhjbi 97596 oFRmDrgKw,success
1779021081,create record thing 102 yRgzAb 59910 IasN 86139 B4vi2Caj,success
1779021081,create record thing 116 1FvRydOv 94268 vSWrVsy4 84559 xDOJ5WG,success
1779021081,create record thing 436 RKKKZ 8856 bToP 65461 DV8YTo3k3,success
1779021081,create record thing 951 85dpcUBxNb 22815 gBiNIm 64369 QnUAGWf,success
1779021081,create record thing 121 NPmY 686 WJ1vQ7 95457 GlmZFw30X,success
1779021081,create record thing 385 AxeeWsh 30221 Lun6 32949 Re28eJ0,success
1779021081,create record thing 48 FydRgD4q 3929 uquV 18256 HT5P2,success
1779021081,create record thing 172 EXILZ 4634 86LLeI 16969 SgEnvD,success
1779021081,create record thing 318 08bdVYH1QT 72416 dVRAAiB 80694 vv4ofa,success
1779021081,create record thing 325 U3XJ9aS 7455 dBrt 78959 39iyOOe6m,success
1779021081,create record thing 881 Tw4nS6WsO 69054 tHgvz6 63728 e40GsI,success
1779021081,create record thing 264 xYi8 91533 OChEcrx 11074 rLE1,success
1779021081,create record thing 146 BnxOHOb 45587 4UuZ 34410 UnbSM1W5UY,success
1779021081,create record thing 44 ySQ16CJJ 68014 kxU5ia 89469 fpHuyM,success
1779021081,create record thing 505 qpOVat 86609 Z0Bbac 47018 NIzJe3I,success
1779021081,create record thing 87 BpWq 64871 ok2Oo 85799 lFBt,success
1779021081,create record thing 377 SdSqpQ1v 94151 LveB 66982 ouxZ,success
1779021081,create record thing 531 eArbLw8 85456 D8Mjc5 77493 gntS,success
1779021081,create record thing 985 FKvnZcTx9 10281 79J9 82617 THh2XLOG,success
1779021081,create record thing 852 qZsppV 47443 CUhoT 53729 eIewEo,success
1779021081,create record thing 346 zJZhHWzKiq 37602 tfA8JN 25965 2ahqI,success
1779021081,create record thing 404 UhcAQ9i 69377 4vyISh3 44124 LgSe564N,success
1779021081,create record thing 227 ZrDilV46f 1020 KPCtkSrV 30443 EcGGF5,success
1779021081,create record thing 988 utliYT 95811 Ar2tv 21704 rEnk,success
1779021081,create record thing 165 9U5Pim 66676 kLc3HmEYwr 74863 TGZsgR0,success
1779021081,create record thing 336 3EfirP8 10363 XTuFrNFWR 41262 A5Xt,success
1779021081,create record thing 601 IZM6MpK2nm 61618 ElEiN 11627 1UaeImlz,success
1779021081,create record thing 917 MNovG7 39334 osEXywDfg2 98954 r8uPhCthRR,success
1779021081,create record thing 473 201LQbqn0z 73696 uPzYAqdEnN 5980 Bn2HWg,success
1779021081,create record thing 448 LiH6bxWu 46229 VddnH9ZySr 21155 unT6cb,success
1779021081,create record thing 108 gyEjsoVp 35711 hWOiTqfeS 99927 zaZLjTXmL,success
1779021081,create record thing 857 WAUsCg 85989 Dsf7ID4H 32062 bEyxHgn,success
1779021081,create record thing 156 yowI 84255 uY8fk1 64200 piMDSJoV,success
1779021081,create record thing 459 zTZcQL 730 QUXHtO 42183 RF19fgR,success
1779021081,create record thing 281 haGhm1h 55598 kXEUHys 57079 S2qt3I,success
1779021081,create record thing 208 iGmMS 68076 pC65S0iG 62111 tlD9,success
1779021081,create record thing 155 tlRH 43389 dDjv 73289 valr4,success
1779021081,create record thing 588 KsMzpHO 10154 jTrqgXKV 43274 VKrY2PDk,success
1779021081,create record thing 758 on5MiDae8i 57630 PuFhIxx 62190 tGG207,success
1779021081,create record thing 986 ZS0IEWQIA 45636 bwCPT 28020 I96xlUaB,success
1779021081,create record thing 384 mKu44Faq 84832 Ny9Rqd 74996 bSDLCkUOHg,success
1779021081,create record thing 802 b3jT1i 54994 0dNdgH8mMb 88079 33k9SwaPzP,success
1779021081,create record thing 649 eZFT 11005 BrmFk 97888 ZaqvvJRJCh,success
1779021081,create record thing 807 lftM 2635 kaNC26tQ61 97964 TtxrrJzZqm,success
1779021081,create record thing 537 qBfwwV 68556 ZQk6KjJ 92037 vYXmRFZ,success
1779021081,create record thing 504 qFnnq5GNDC 42335 IO3tgw 1035 AuOg4,success
1779021081,create record thing 738 kHUBMK 91029 TDpSLDy 5259 V3FAV,success
1779021081,create record thing 560 ybF5276m 74447 iPWdfXivyC 86325 mktl1,success
1779021081,create record thing 545 fpQ0xDv 61708 QR4PZRVf 16843 ViV3YT,success
1779021081,create record thing 357 LHvP8b2 23351 owFaLyeoEc 39575 fxljtPD,success
1779021081,create record thing 207 7AkQZC 10831 Qg1Xat 75324 xCE7yVsq,success
1779021081,create record thing 889 hY4FWS08g 23440 GxPju5K 25901 YTCdrhEw,success
1779021081,create record thing 612 QpusYHlw 2296 uNKwcTp 11016 fTNAr8Qp,success
1779021081,create record thing 712 45YJcucLSY 13254 FSuNsyl 97880 SUe47X,success
1779021081,create record thing 532 qsF0pXxD 99708 rQlFcyl 37344 amWOrC,success
1779021081,create record thing 260 8tnbudrSZK 83200 uy5avvBC 97330 nRPpc07,success
1779021081,create record thing 154 E9fUGsUBC 20434 KMJzVUrU 30765 5iL0gn9,success
1779021081,create record thing 853 r1V98Ivn 78544 twg27V 41651 Hy1ECZB5,success
1779021081,create record thing 64 yaZVO 89568 xO8z 83416 MiM9,success
1779021081,create record thing 435 JzbLkMQ7 2977 LWyFl4CSo 61888 5us3mCpL9,success
1779021081,create record thing 340 kCNXZ24pSe 98121 QzGD 50504 W72H,success
1779021081,create record thing 514 WOHbDTsyY 5230 y5NBWg 34406 ZUgkzv4Xng,success
1779021081,create record thing 749 RCRUUvQuB 33806 rciGb2IS 40194 jNDBsURjs,success
1779021081,create record thing 488 po0Kjaw 66662 1GD38NKFG 49542 5O1DExPenm,success
1779021081,create record thing 525 rWWOw 60204 4400WGom 87063 ygue,success
1779021081,create record thing 894 70HeXBGp 96919 QOpQC 5273 qrUT44is,success
1779021081,create record thing 953 oKKCH 6695 WeDBDg 77250 LsaA4,success
1779021081,create record thing 187 2WmXMCaUL 64566 kFF6s1prI 40475 B86Et8Dke,success
1779021081,create record thing 674 Pf1vQYm 14249 otsVDQ5nPu 25153 ykjPuGDKzT,success
1779021081,create record thing 344 5D1si 43741 vUBAyzVz8 46348 X8VbRmSsx,success
1779021081,create record thing 378 AxITXM 57685 qejS6K76Wy 92600 p9KddvH,success
1779021081,create record thing 904 5giUuWz 19893 jsmfpJVqGs 2864 VeWSt,success
1779021081,create record thing 369 wVUntowm8q 79117 5iNAXXZd9 48952 J972,success
1779021081,create record thing 569 WEJNTJ 73176 gjF0JDOleQ 36289 B2TOeOv,success
1779021081,create record thing 276 WT63ysMy 1119 tj1KV 69778 OmY53SJ,success
1779021081,create record thing 691 VmlbL 5171 hve15Omk9o 28473 wi3BZxBUTx,success
1779021081,create record thing 267 BmVKh8F 75799 Gkm6Tw9zn 11900 FDF6bxA7gw,success
1779021081,create record thing 783 ZA0s9f 84355 yD6rOuipJh 20415 RVdX1,success
1779021081,create record thing 938 sMZzkGjYP 47850 Wbmz 48913 qtWu3c24cx,success
1779021081,create record thing 534 SkgvnAe8 60874 1HiLNtD 33667 uH7Pf,success
1779021081,create record thing 23 U0mni6n 10772 fz2golOu8 87602 GJ2ViAOJ,success
1779021081,create record thing 543 c4xcmlicXk 42274 JDvM 75654 CnMHhrV,success
1779021081,create record thing 98 u3pYEI 86933 PvGd 47896 N7hoCgI,success
1779021081,create record thing 296 hvCI67 66155 y69m0 29079 bTvLj1GXwo,success
1779021081,create record thing 461 kjQN1o5S 70886 Amd8yyGA 62461 tSseRPm,success
1779021081,create record thing 198 M7dziYVY6 31780 WOylZe7 36204 3hT6j,success
1779021081,create record thing 708 iruNGGV 78439 oBYHLj2 98861 vq9x3gCK2,success
1779021081,create record thing 262 1EsGfT71o 87151 Z7AN1rS 36158 NuPpwa,success
1779021081,create record thing 311 XpEKPgWRI 74136 L1PcgZN 12920 f7oJRLYS,success
1779021081,create record thing 980 vW0J 68519 6YMW 87696 nlNu,success
1779021081,create record thing 161 5XT0pY 45095 8pBcC9 34494 XmVHtyvY01,success
1779021081,create record thing 403 vHX7ts 94626 NtEl 50160 qRvX3,success
1779021081,create record thing 540 jkaltFNsIl 81064 efS4P0jvv 17436 g7Y3sJf,success
1779021081,create record thing 177 BcHPq 64814 Z8poO 28307 apbLZ,success
1779021081,create record thing 727 I9llGyJ 50738 qXwXAw5oH 10097 i19pHh8WF,success
1779021081,create record thing 794 HgZovR8 29355 qZCBKe9 2898 BO3DRdv7,success
1779021081,create record thing 819 J6TSER 17479 nCHPuJ2 53364 V8K18,success
1779021081,create record thing 779 Swh8 80458 GTTp 78843 VllOEhf6J6,success
1779021081,create record thing 757 XxD0ltk 56408 Elyo9N 44527 UGbL8dx,success
1779021081,create record thing 298 a9aus 74459 xekNEH8g 89545 LJ3R2,success
1779021081,create record thing 92 FYBM5 15765 55gQKkgljM 44223 5HyBhIu,success
1779021081,create record thing 930 i7EXcd 62970 0OUK0fO4IR 68376 UNriVsM,success
1779021081,create record thing 450 AfbgILs 37643 QdZlf3UJkt 6285 b7xvHZQA,success
1779021081,create record thing 646 GlwR4g63 93377 emmNa5 27004 hs4O4ukyo,success
1779021081,create record thing 15 yjLMq5QS3t 85634 4zaZx0lWp 1367 QcVhQehjX,success
1779021081,create record thing 481 lu6p 89247 5yHrJghZ2 11338 0mGcDgcy,success
1779021081,create record thing 997 VXoM 57423 iLc5VlntJ 20016 1pkC3d,success
1779021081,create record thing 869 jsdlmOB 57741 0Lrj 71712 dQzHMk,success
1779021081,create record thing 432 wigoxI 50793 J1VcHbZDJx 89864 x4oEp8ND,success
1779021081,create record thing 696 C2nrT 50915 2wbXiC 93151 09hMmz2C,success
1779021081,create record thing 503 BywuySm 28437 lm2OM3HVz 84410 nigOsZ,success
1779021081,create record thing 261 1zmu3O6A6b 27060 Jk8QVNJ 25927 zD1i5,success
1779021081,create record thing 329 LVGMcg 8566 b51u 11789 5wU7te,success
1779021081,create record thing 180 4KZDRrgI 19925 zHMjI 61547 8Q48PjBUi,success
1779021081,create record thing 565 DDVK9wB 74961 BbEPv 44535 2eis,success
1779021081,create record thing 396 4g57mNs 10888 LXa3zk 33123 F84bt,success
1779021081,create record thing 496 dotBA 5302 UVCeIi 81811 Tbx4,success
1779021081,create record thing 36 yRqxwF9 55641 Rivqlrf 58965 fPtFhYXge,success
1779021081,create record thing 443 eJofeS 96534 v4eK78NuPL 7361 i45lSfAQn,success
1779021081,create record thing 928 etGDm9Llr 88625 1dlakmiH 24817 hVl0UoyZs,success
1779021081,create record thing 660 FrAZTGO 89591 rjdE3d 99044 AP3B8PtV4R,success
1779021081,create record thing 637 Qeq0BUDE 64105 HUokQz 60508 508C3C,success
1779021081,create record thing 99 Tx62W 49998 NyaXPkKlfy 19647 ubys7I,success
1779021081,create record thing 338 lLEA0 63876 d7euDro6X 54571 atjNQAh,success
1779021081,create record thing 13 GvxQh 74098 dBzmuo2 40964 48WIJumht,success
1779021081,create record thing 685 J4RLYpI3t 12528 UMfEL37 34866 BWXr,success
1779021081,create record thing 117 wWDna 46683 MIW7Et2mYl 78326 hTTmXrXA,success
1779021081,create record thing 447 0smsbNAwW9 58547 xjBt6CmLr 76871 ubduD,success
1779021081,create record thing 408 tSIMO 51843 uZcrJ 74518 2dSi,success
1779021081,create record thing 816 5igk 93566 fwwfv 9119 ydzWRHf,success
1779021081,create record thing 313 Bh4qo 84509 Id0ncnoj1 65612 uUPbVE,success
1779021081,create record thing 359 SzemcoEve 48249 3knH4UrI 66962 jmLuuqh,success
1779021081,create record thing 472 CB7PVm 14770 yg5m 99583 TsQnKsCO,success
1779021081,create record thing 205 J2pFt 28367 luESSCyU5D 78215 XP6ega,success
1779021081,create record thing 228 M165 39773 xJjdnlA 48866 rOsc,success
1779021081,create record thing 482 sq53 26825 5UQb 62456 afo1J,success
1779021081,create record thing 40 qbIdQnyx 4870 ACka3O7 36808 rDXbq2oBa,success
1779021081,create record thing 392 cI1IRXSUr 11588 wYHx3THt 83796 zJx8Vj,success
1779021081,create record thing 111 UEHwAL2uw 61152 U1kcF1M 78484 HZjXiY,success
1779021081,create record thing 833 ZyZ29 71302 GJpI 21587 oSuhTXIyO,success
1779021081,create record thing 813 nvzUgNC 90956 laXFgie6oz 27426 N6lbsmZQ,success
1779021081,create record thing 963 p6Aw 52822 Rsym 56167 KDMcEbtb,success
1779021081,create record thing 422 DXUVAK26Q 3581 cE4DHfS 93796 5CUo9ctW0,success
1779021081,create record thing 341 MfQKP 3700 BFCRy5Od 76763 RE3s,success
1779021081,create record thing 184 cLAQ8 10069 DpyUO 23151 xsn1KESY6h,success
1779021081,create record thing 998 iT6IB 48060 RbGRNgDrIA 8542 q6wy,success
1779021081,create record thing 423 42hkJ 87115 B9xqe 86017 Khcms,success
1779021081,create record thing 182 RadWgPKa2 17964 51XlDD 12982 yNHXj,success
1779021081,create record thing 905 1jVD9 9514 kMzM6ZzU 5624 tylTxBZn4D,success
1779021081,create record thing 862 Fz2NoGEeLz 73621 RWVc 36357 rO9vZL4,success
1779021081,create record thing 650 6Fx2QR5LOJ 61515 fEvGNp 35155 2Ko5uo,success
1779021081,create record thing 746 vsZGz 34591 AOV3iVsQ 47380 HtXKkS2Nm,success
1779021081,create record thing 701 Nu3YxyS5Cv 33387 ehxIyeYp 64887 5IYFAq8,success
1779021081,create record thing 106 8KDxhlwXd 9211 gHhfUA 5234 JauMrAoMJ,success
1779021081,create record thing 920 5vobKV 22523 7xHbjJM8Yh 32269 zpL34raPA1,success
1779021081,create record thing 652 xngfSBTxMx 70944 q2EWGtEMZL 48884 RLRxW,success
1779021081,create record thing 367 nvqS3 49734 27QIOeSb 74928 wbBBAB,success
1779021081,create record thing 620 ow9Dk0 84542 LY08wVf4 12108 Rde5Cs1r,success
1779021081,create record thing 906 otGof 6834 OW76kH63 30965 YmSe,success
1779021081,create record thing 316 qWHW 72540 wlHlWukqYF 7451 icji1ZJ,success
1779021081,create record thing 43 CCSSkL 5540 8irG 64219 UIT3COGWJ,success
1779021081,create record thing 131 UUGzFEXmLw 39117 Lzxx 41228 maBNj1X,success
1779021081,create record thing 441 iXyi34pyS 48702 Czd63 13275 xv422e,success
1779021081,create record thing 152 vFD51D 46200 l5k9jS 35338 bnGb,success
1779021081,create record thing 589 uMvuwXK 57461 EVcWTJe85x 86588 BSqi4fxyc,success
1779021081,create record thing 37 aizmX2 55956 J9n9kcTW 28717 4kPhPYv,success
1779021081,create record thing 153 807qI3YuP 69036 PZKQX 32151 YAq6s,success
1779021081,create record thing 677 9dKXpZI0n 32602 45RFzyJ 39201 pM6P,success
1779021081,create record thing 961 t3BYjDb6ho 64469 Kz0rLkj 42879 xffXaHEf,success
1779021081,create record thing 602 YO9ali8wQZ 46825 Jc3ucK9MY 25198 ky9gKMGZre,success
1779021081,create record thing 438 0jWFEnry 44388 kDC7sOYz5 40543 uojjeKhgB,success
1779021081,create record thing 453 Sruto 63123 z5PPTsR 62026 cjleb0plE,success
1779021081,create record thing 786 7W1BYURO7 98502 1l1kpf2u 5508 oL74S,success
1779021081,create record thing 269 cawvMug 65677 nuOTF 69582 39LLA6X,success
1779021081,create record thing 134 7Kr9Crb 77243 7dZzC2J5Z 29215 q30YPJy,success
1779021081,create record thing 342 Gc7B 52032 A7Xq 71636 b1TVWVP,success
1779021081,create record thing 804 9nOrho9 73499 uHmQeO6bi 98226 qOPz4mkg5,success
1779021081,create record thing 46 9QNejh 436 eVVql 59151 hVWChP,success
1779021081,create record thing 284 WwfkYH 32804 b4XXfdjjY 70098 D5Nb0,success
1779021081,create record thing 653 UgFYnlNVUe 97602 Z5WIC 42233 w3clJbPxv,success
1779021081,create record thing 949 Z81f0KIhi 64794 9TvMcZtt 55789 cg6P9R,success
1779021081,create record thing 53 xjvzeGetsb 37375 lfiGLg 14860 8Vth,success
1779021081,create record thing 822 nXor0IH1 93429 51H4Ogz5 40880 fuTif6a,success
1779021081,create record thing 780 cYzgj63 32450 ul4R 13614 YDThTYQoz,success
1779021081,create record thing 978 GqXWlHdnP 25227 GvzK4rp1hA 84978 E8zlphlN,success
1779021081,create record thing 600 7pSo 32767 cey7rgang 91255 zvBj,success
1779021081,create record thing 209 W1uzOQBmN 27103 v11PE6B 33044 AjWZ,success
1779021081,create record thing 352 Crz2irAaW 69414 KvNB 90234 rDyjn4boEn,success
1779021081,create record thing 216 F5gSGQqO 40660 zd7g3pp75 80425 XGlEGjbV,success
1779021081,create record thing 289 IJalgsVpXK 82424 P7JwxM3 42561 1wVH,success
1779021081,create record thing 279 o7beJiz 5751 CHTg9 71901 SnnwcaK,success
1779021081,create record thing 954 9N33 12252 5LfpLU 99734 cQHOR,success
1779021081,create record thing 821 5E9X 43351 fK5r 55981 vwCRbgMbr,success
1779021081,create record thing 110 YoclZ 25905 sdBMb 95124 mM2sQjd3D,success
1779021081,create record thing 119 kck0 55096 fjez 56966 RkSS2,success
1779021082,create record thing 942 653492j9 69841 J7ALXrqnT 2625 zxH52,success
1779021082,create record thing 138 XhdT 69932 hD4KTiGHoh 6652 1HeHfGfq,success
1779021082,create record thing 107 ilA0mXnN 67889 MeSHT 42184 kr0bVWW,success
1779021082,create record thing 307 bYbtUYKfl 12879 WHxWULS 46312 xh4OUq,success
1779021082,create record thing 973 HjPH 37641 GVjZrMc 49734 cAbLaqp,success
1779021082,create record thing 9 NfSrjx 16114 zXF9w 6422 tkJTIc,success
1779021082,create record thing 823 dmz1IMW 2227 MN65ldqchy 69281 34Tq,success
1779021082,create record thing 310 q1l6E5FxV 69248 dqjeRMskJ 87752 TzjpASwSG,success
1779021082,create record thing 557 g7pCc 51142 6Nj6xs 5546 zoPvQ,success
1779021082,create record thing 744 l1TPDt 36672 sJYF4VTwIF 23390 8u8CZdQcQd,success
1779021082,create record thing 635 smn8ZmGK2h 95479 YXfSC 61138 2hc8ofQEi,success
1779021082,create record thing 292 un20S74LF 99404 9f71WS 68743 alY9,success
1779021082,create record thing 379 KuzI 78275 5pxDRqr8 15689 442QyLv2e,success
1779021082,create record thing 890 ehGVrHoy 62566 ZKUzkS 28257 Ljoruepc,success
1779021082,create record thing 630 1sGzUZNWu 64536 A7UGfUA 2355 62d2,success
1779021082,create record thing 358 y2f2bj 59720 tUgk 28652 3wYFlJ,success
1779021082,create record thing 713 MEVNinG 34574 Ucp3aG 58645 msDPI3icox,success
1779021082,create record thing 621 hgwQbYF9K 8498 rJ5SCpYyLJ 82046 VJxWsIL,success
1779021082,create record thing 519 UPV0fGjW 75927 NJjJsV3 74643 X173g0Yn,success
1779021082,create record thing 663 i8zI6zR9Dy 15429 V8bBUt6 94948 GnPLw,success
1779021082,create record thing 551 3GOIb 37316 avzP83JAbX 19299 KwPAqWx,success
1779021082,create record thing 76 vN5nIYg 89872 VYtu5 15753 0WyjKV,success
1779021082,create record thing 103 FMcb7Dna0A 51206 ddZVFeP 80201 ZZb6xd,success
1779021082,create record thing 577 rsL1tCV1G 76344 NMdwNq3 57756 Lyd62TV,success
1779021082,create record thing 858 PKvIf2S 62146 58J5eWb 68679 Hemmo67tS,success
1779021082,create record thing 10 m4yC5 60850 m94Q 10301 kxnAZ8tC,success
1779021082,create record thing 75 JvhnePsq 6446 71uiyF8fr 6933 CQZyH,success
1779021082,create record thing 952 4TEF4 9853 ZN23 77200 ZglG8kHT,success
1779021082,create record thing 469 WQBU1oY 31854 0kQt 3821 oU7bWK,success
1779021082,create record thing 308 Ny5hDd1E3 67931 Y1aVxiOknv 88327 fy2wW,success
1779021082,create record thing 135 96QzjeO6 9535 iJ8U7IHQ 30830 MHW17h4,success
1779021082,create record thing 860 ucLTPH8LQF 38255 i2uTFNOrC 71524 CY4RBwl3,success
1779021082,create record thing 885 BDH8l5C 49866 eMSPCLEH1J 57208 E0ZiFm9c,success
1779021082,create record thing 245 GQaNQXwR2 86975 w9xMQJbhrH 97841 0qlGCy,success
1779021082,create record thing 642 vYsNN 17445 HJqy11m75 13513 zqQ4lV,success
1779021082,create record thing 210 9D4vkJzK1 29133 GWwn9F 73391 yw7Eqx0uL,success
1779021082,create record thing 268 EQZnmMhPFJ 14836 LkmZuoX 11273 wyfsgZmnkM,success
1779021082,create record thing 871 YD0Go 55869 0c7q0RN 14300 6XcvCM,success
1779021082,create record thing 536 RGIL 17253 Dqi0G1vkiu 56118 duVFXBB,success
1779021082,create record thing 579 1iRF83 36649 NTAw1W0r 65802 sMhfQ,success
1779021082,create record thing 846 b5acjt 83776 K2eoN 15169 utmuDGNATQ,success
1779021082,create record thing 969 s0GxK9 64307 E09nB 83535 B6NjawFTkw,success
1779021082,create record thing 84 6enYR 13875 iZhL2NMMd 96769 2GzE,success
1779021082,create record thing 41 SCbkD 67984 fCW3DtUwM 63417 x16uM,success
1779021082,create record thing 609 Y1TxOogd 23809 BhDdQmWT5 85904 775ukJJM,success
1779021082,create record thing 593 zkgAu0esI 18857 3uw7W 70800 t6qhS,success
1779021082,create record thing 854 T2nYr6J 34214 pYWLSlBZ1B 24483 kedp3DGE,success
1779021082,create record thing 584 nRYi 73179 pjYUgXyX 7115 lccVEYQC,success
1779021082,create record thing 123 FJvnTRxF 24203 NydZU 5300 b8oyf,success
1779021082,create record thing 414 1JgeZknT 12264 WNk5 76923 vbsDOTlLm,success
1779021082,create record thing 241 J9fQ 65518 LhyN 95912 hj157,success
1779021082,create record thing 724 COdLUfg 52782 ilhS 58522 SP5V5,success
1779021082,create record thing 610 5Unsl 49844 malOPs 68287 jWkf,success
1779021082,create record thing 767 WQMi 44191 aP8jrh0KRw 45871 xXYTa5SJv,success
1779021082,create record thing 191 REbg8hrAwu 48062 t5nb63W 3361 95Awk,success
1779021082,create record thing 83 IrkMB 94574 A1bo 16578 rO3vq1ZQNn,success
1779021082,create record thing 521 1cdbw47IV 59175 AWMwKW 45617 r06p0i,success
1779021082,create record thing 877 pAgIVXFcb4 54076 oBr6EAca 12770 TwgK1gvdfF,success
1779021082,create record thing 806 CpCoec1 47332 7EmyhmbA 45735 1PBRKEmI,success
1779021082,create record thing 784 mP2myZ 57603 Z3Bjvd 31529 i0bdqzg7Mb,success
1779021082,create record thing 515 XdKP 16295 cUqoVI 93703 U1Nqap9e,success
1779021082,create record thing 489 kpLcKOLE4W 69361 NOmKQYx 72947 szxgnrdDq,success
1779021082,create record thing 848 ZVBnQ 67552 KrJhLYeYq 56464 9ObCFYHkfd,success
1779021082,create record thing 673 OONOq 71532 fwRMFF9K33 10944 7THM75F,success
1779021082,create record thing 59 YeHyqHjh62 68412 To88x5Hd 3367 HztPZl,success
1779021082,create record thing 322 xfKfO 11014 FEYqk 87872 IFCUJ95,success
1779021082,create record thing 692 PdcvSqX 76149 gAEIpEP 90561 Iuxg5K1O,success
1779021082,create record thing 556 yscLANZxH 94418 6AqFjB 20047 uxj5JpNr,success
1779021082,create record thing 594 hFJWnHHF 80488 2iqD 98683 BJAMdsnZ,success
1779021082,create record thing 838 39pO9NkY 26813 zoDzalp4t 66983 yWR4,success
1779021082,create record thing 223 4rsihg 41665 blrbJydUE 97979 VhqH,success
1779021082,create record thing 304 HcH4ayZjqB 54224 0goulyxq 55336 PM4RKRIt,success
1779021082,create record thing 717 xt3fvqtO 14502 MSQd 90105 DwRxRveeQd,success
1779021082,create record thing 159 KUIyAp8OgJ 42946 LxabOJ 17810 GJlsxx,success
1779021082,create record thing 499 q31MAzuBkY 40729 AwUv3J 40438 tnWXbi1wX2,success
1779021082,create record thing 570 iNVurgNLv5 1200 5A1hjlVC7 62700 Otiteber8,success
1779021082,create record thing 898 x8F7 69914 GydV8aDGyS 73246 meJ2w,success
1779021082,create record thing 293 35qiSX0NAj 14536 dGoVD 29881 vKxUcI8,success
1779021082,create record thing 466 k86khPRou 33189 X8qb6p 85566 rCT10e,success
1779021082,create record thing 989 6jSBV 80580 T8QMYfBVVp 38465 NUEb1Ixke,success
1779021082,create record thing 400 vaHXeW7 5466 uNcLXo 94265 FiMo02a1,success
1779021082,create record thing 3 RNge2BFFeA 22577 p47qAZ 27559 HweLnRIaQU,success
1779021082,create record thing 887 TtNhH7FpHx 81539 J9GW2VLs 41222 JiDrBix,success
1779021082,create record thing 169 Y19H 49982 pq4ZOKkoJ 13527 89OEy,success
1779021082,create record thing 726 j2nk15SInj 5869 hlkadGCxcb 82756 PIXDxafs,success
1779021082,create record thing 870 xfdS3r 41854 p6KUWrWVI 18121 tz8tP,success
1779021082,create record thing 219 cmVb 98513 4aYruUx 9769 bQB8PA,success
1779021082,create record thing 493 e4yx 11343 f09nrYHgM 77526 VDGaVV,success
1779021082,create record thing 716 AmIxSJz 50910 CaoAI3JD 89407 NWebXAw0J,success
1779021082,create record thing 752 bKh6i2V 46990 0NJZla8 72521 a63wieCut7,success
1779021082,create record thing 171 EsfUExl 9781 HXNi 12045 SyiqkLDF,success
1779021082,create record thing 243 BY24 34646 TqiZvsEZt 66295 aJh1E,success
1779021082,create record thing 981 SbTd 52336 53z6C 27691 i0DlkIuSWa,success
1779021082,create record thing 16 EO4G 21091 qCf9e6H5V 818 eW6NUdh,success
1779021082,create record thing 554 8L02gY 11294 lf2UoY 57748 YicC,success
1779021082,create record thing 668 Ata7pR9fFW 73632 usYiJDKJ1 54018 ip7VzT,success
1779021082,create record thing 52 XFiDXYf3 95073 epcvILnlDs 95469 BG2p2j,success
1779021082,create record thing 990 d18AUBKn 94076 35FH7t 29864 5XN0zic,success
1779021082,create record thing 564 dY5RyB 43982 e7jJTa 4458 63ucMtb9,success
1779021082,create record thing 454 3gfg 66520 f9bus6Q 7075 RkbSwoY5R,success
1779021082,create record thing 78 Q93P 23886 3W3w7a1 99555 Rdtu154vXQ,success
1779021082,create record thing 256 qNMbr7EV 92298 0CI5R 77317 wboUeay7M,success
1779021082,create record thing 913 VaQJav 4119 AFRVd 71140 M479uM,success
1779021082,create record thing 718 7wVpx 74328 jwed7J 75708 NyA4,success
1779021082,create record thing 188 HexBqW39FR 16424 3nm0tR91b 51462 CV0uajv,success
1779021082,create record thing 830 enxp 51270 rCpKM 86703 RjWt1eTb,success
1779021082,create record thing 144 N30c 32018 N7Iz 33197 a2hxB,success
1779021082,create record thing 967 i5rQ75CU9I 71176 uJlkTVt 51805 o0zX,success
1779021082,create record thing 815 X2iwG 10189 CCbKaB 11905 vkSIlA7gXS,success
1779021082,create record thing 706 e4GhJ 64072 awfggBHuI 95725 2JC8kQxG,success
1779021082,create record thing 924 d9voHYLnH 49209 6FK3Xr7t 7001 fFkUkdIMH,success
1779021082,create record thing 255 58i6dfr9O 95832 51Ue8 47173 LmahMacm,success
1779021082,create record thing 112 rSj0 17115 Bw5Rgxm3V 65973 z2zy,success
1779021082,create record thing 348 QZvX 30252 BCyKLnVQO9 11751 QY8es1c,success
1779021082,create record thing 413 K7n6b 32498 7HrMyjf16A 1833 dz28z8y7,success
1779021082,create record thing 63 xR5f 67127 ywsrVpOBA8 89765 LlnzaO,success
1779021082,create record thing 101 kl0xAZf 19248 nziZvO 91150 qjQ0N7,success
1779021082,create record thing 662 T6KQgMzN 94942 4SOJxn 73361 X3S7rC,success
1779021082,create record thing 670 3Pwop 26516 cQeRwPEb8q 61198 T4IquCK3Xq,success
1779021082,create record thing 690 64um7BI9qx 95437 WxYA4hkr 2900 Rau0M6FY,success
1779021082,create record thing 56 VKu6J 52045 0l0oC8 17918 wS9qx,success
1779021082,create record thing 479 r97OKp36Ys 41515 nYCzOC 13664 4bOTEGwk5,success
1779021082,create record thing 421 wIf5 36811 jw8r3A 66255 CqQ3Egm715,success
1779021082,create record thing 756 bGX2YnBCJ 52468 ulDg4OcVR 19988 BHb6uG9c5D,success
1779021082,create record thing 363 lhttP6hbs 75191 XVnyXREkc 15941 xvRGy,success
1779021082,create record thing 442 bNJNEphxM 86412 nokNVBRlG 79681 awDQ3,success
1779021082,create record thing 675 nviAfvcy4I 60177 FyE7 66278 j0xgEjgN78,success
1779021082,create record thing 947 3II7R 64617 XN5VHqymB 34426 i8788,success
1779021082,create record thing 97 75FNU 38277 9v91JS 87163 NlTvdl39u,success
1779021082,create record thing 195 O3p3XD 32065 1hdy 64458 goEt16,success
1779021082,create record thing 417 hIj3eWkOFr 52336 JSOxt 36287 DwpekMef8q,success
1779021082,create record thing 710 J4vA 2216 5fSKntHw 24230 Daip,success
1779021082,create record thing 249 8Pe1EiP 19617 empS4M 60654 JCc7DeA3,success
1779021082,create record thing 485 eLViO 88467 b7R7HDHv06 82701 J4QmLNxtb,success
1779021082,create record thing 591 PWNlhche 3082 vYqrNXradi 73565 ytPAyJK,success
1779021082,create record thing 585 2fYxvQ 4426 1czvRD 4932 T8JM7BgN,success
1779021082,create record thing 136 wJxtdwCaw 14433 GCPAo 10271 trG00VLvrO,success
1779021082,create record thing 754 suq35 97691 tpe3L 51841 5KUpR1rB,success
1779021082,create record thing 220 JqzbV 86164 IjcuALD59 87688 HVG1qpga3J,success
1779021082,create record thing 768 dk1VD 39499 GlNWwDK1hp 5624 rAs5jL,success
1779021082,create record thing 686 db32gWm1 43688 ywRyuuQDa6 10339 L6qwsquy,success
1779021082,create record thing 286 e5Ic 26830 3lz5Tc 32592 tsqmg,success
1779021082,create record thing 244 oBJFQX 51936 YZcX9OS3Jr 98731 7jXfPE3d,success
1779021082,create record thing 527 lcmtjH 48052 kYLr 51228 lUTUVm,success
1779021082,create record thing 729 GjXab 43278 Jgmabmz 57799 Th3W,success
1779021082,create record thing 339 5a1iDL 98422 t3drwd6koK 33857 EonS6ihse8,success
1779021082,create record thing 873 YX4bCkkX 38361 2dYS 33940 2CWg4NQtq,success
1779021082,create record thing 70 MZ6l 34564 xNo2 57764 WDjF5,success
1779021082,create record thing 875 jLXKQ 50499 VrpFT6E 82208 BVeli,success
1779021082,create record thing 61 8hCF 30894 vQz4MP33C 6485 ZscNnjg8MR,success
1779021082,create record thing 647 LT3gg 23003 46UpI 23827 b1jhk,success
1779021082,create record thing 725 tYKO0lmTQ 25624 8sB4b 65824 GFJuqbk1Mx,success
1779021082,create record thing 73 QeVtWBpR 23810 AOj2Tzq 59290 DXjwjz2,success
1779021082,create record thing 8 HiLbwS 20665 Kht15 53806 cKtPK,success
1779021082,create record thing 968 BCSjz 81582 sVlAePMbP 44517 mSnH,success
1779021082,create record thing 735 cqH0RjYf0f 22661 eUF4gxjAzE 52620 3gKGqH,success
1779021082,create record thing 236 tsiZaXl 65860 BGptuTy 52655 6ytUKS,success
1779021082,create record thing 568 slLSB 18983 elsdr 80181 GXgT64,success
1779021082,create record thing 603 VRgDMjVK 77864 rQfjRgId 56621 zTURdvm,success
1779021082,create record thing 22 Hly2a 82812 ulpG 30794 S5IkzYkW,success
1779021082,create record thing 347 LdyRkCBpo0 27106 F3P2mYzUFN 82720 4UVkCpI7,success
1779021082,create record thing 828 aejF 20558 3SjP0 95825 vlTTd,success
1779021082,create record thing 231 u6TRz3E 12448 cUSZkN5G1 34917 VMCBz,success
1779021082,create record thing 254 4RvKJHp 90803 vETbST 91946 xRYHVLv,success
1779021082,create record thing 124 fumMK3kuLP 82349 aBsi1bqDV 54002 K9dBMEI,success
1779021082,create record thing 463 WCQEIQ0r 36149 7lLF 39618 zp0G,success
1779021082,create record thing 530 vyKYgxWHq 41423 XkNX 1299 7h3by7,success
1779021082,create record thing 449 yrLd 71350 qZwgn 72912 JlPcDPHo,success
1779021082,create record thing 832 Tq09Iz1a 58599 waacvyQg3W 46647 m46ygqJZ8,success
1779021082,create record thing 972 09AJFDSbh 61879 zNchU 56063 3ho4s8,success
1779021082,create record thing 688 L6yrv 55304 3y4k6xWh 42415 LBDtAl,success
1779021082,create record thing 845 lLunNOBbED 50960 HQuLLu 12633 ZonaZ8rTnk,success
1779021082,create record thing 320 1Kaphlf15W 31041 NNCjVHHpvt 88487 IkKsQv,success
1779021082,create record thing 731 1ghFEMBd4 69349 NwLqCqownV 39002 2T0sZ0h,success
1779021082,create record thing 206 sXJmr3mu 64006 HnhnfWQo 84450 48AcDHk4,success
1779021082,create record thing 707 vkHm 37387 IlQthQzZnu 29678 YWdF1wQ,success
1779021082,create record thing 939 s1ETB 49663 Ky59n 51911 KJ3NA,success
1779021082,create record thing 785 dKKbcc 78063 vob4ZQvf 11139 KPsrOyTF,success
1779021082,create record thing 867 sU3PSKBI 48619 WENJUhGgKl 9366 UCHOPNe,success
1779021082,create record thing 434 sHN4C 10741 auJs75Y 34848 5AVj98glnb,success
1779021082,create record thing 622 FU0hfp9E 70617 r4J3 2970 XO10J0ZBJ,success
1779021082,create record thing 541 tIAAmZ 48977 MOUH 2708 S7aZthyUhJ,success
1779021082,create record thing 856 Ka7H09tOth 94831 cdGZX1S 5598 u2sSme,success
1779021082,create record thing 170 5XGmUi 57654 nvSy 32157 vXdau,success
1779021082,create record thing 563 880Aw7 59029 pO1YoElv2 13272 ryQciFo,success
1779021082,create record thing 487 lbjK9Oz 44972 sGxpe 92378 zcg9C6NmH,success
1779021082,create record thing 676 NsZcxhlIaE 28048 qEmi 66730 gNPCGJKX5J,success
1779021082,create record thing 132 XzyR1OL7 471 kFVrMCqt 45954 1oZu,success
1779021082,create record thing 129 3iEC3b8X7 15704 gxZqSZm6KV 8520 EHBU7noz,success
1779021082,create record thing 546 Dapoaa46vF 83481 zbHyvW85e0 30493 LSwC,success
1779021082,create record thing 71 qrbR 64847 KRgnq9oIe 81446 St75ir7,success
1779021082,create record thing 498 KTDU 33522 5zlx90XlaZ 90950 PkgHMcsGg,success
1779021082,create record thing 750 nDjyRk5 19850 cKWo3ziJm7 76466 aCLb,success
1779021082,create record thing 88 Ei7I 1615 XnCl 4536 BjgHxcF2O,success
1779021082,create record thing 934 ihXp1Sr 53413 gEJH9eZCsz 18966 ns15iwfyil,success
1779021082,create record thing 866 qf74PbqT 58468 02xbPAMtni 53605 OLsI,success
1779021082,create record thing 247 i6ZwHgcgJ 14475 7H5fXH 53032 RTX2pIX4FA,success
1779021082,create record thing 60 C94Fq 59793 bUBO88 14357 cs0iBczT,success
1779021082,create record thing 246 GZ38y7MZW8 36516 qBB6FhJG 41754 Aj1k9m,success
1779021082,create record thing 315 E6ja3amnd 2382 GpsSzoga 67653 JW9hhXb7,success
1779021082,create record thing 372 fJTjoQmCZP 75650 CScaXuH0f 71776 Dppd5Y8,success
1779021082,create record thing 809 rnA3SpB5 68601 tPIw 33965 FV7t8l,success
1779021082,create record thing 20 XPemVr 53885 BxJL 37143 3qzBSfIq,success
1779021082,create record thing 501 SYRHfF5OF 78179 ra7ycv3EQ4 61285 Ww8zj,success
1779021082,create record thing 332 vCafM 73402 IuIQ6 82358 W8vbP,success
1779021082,create record thing 614 hbCkdAb 11174 IGCbS 97732 m4J9M,success
1779021082,create record thing 1 vhOq 69776 xEAUnY34U 40901 S8sliB9,success
1779021082,create record thing 544 Nx7gfowSX8 95930 EjoIAE 53717 k6UUhC7y,success
1779021082,create record thing 553 F0Ry 46017 W71re522z 71536 F0WsCej,success
1779021082,create record thing 166 Nwc8 14267 FFDsjo1Ytt 54955 UH6juN0LU,success
1779021082,create record thing 799 wJk8O 36229 rYVgSEmIGC 330 PonPWF1XSG,success
1779021082,create record thing 383 KAbzqV 45523 ggcfYxmUfT 32392 bRdL6AZoiS,success
1779021082,create record thing 835 2x9mdRgBZ 81644 4dfr6n4D 15306 gQUKC,success
1779021082,create record thing 974 IcU2U2j9v 93754 89SqKr8C 68666 15Me7v,success
1779021082,create record thing 895 GRb5IP 58148 UDWLdogz 55935 IFWD,success
1779021082,create record thing 797 j3P2K9pEhm 44413 oBz13aXHPS 48016 v1FaOPsXi2,success
1779021082,create record thing 1000 kZyc9 78966 VI0qPbXQw 57269 Qp04wU2i,success
1779021082,create record thing 306 dhzsje 62959 nw87 85036 V3j0RRM1,success
1779021082,create record thing 641 iHsebsgA 9777 a1cg4xSVS9 91525 zXo1Mu,success
1779021082,create record thing 109 IfuY2r 65361 q9EYKA7 41950 puU4gHe,success
1779021082,create record thing 520 4ugoxIF 44743 qx6cPL 21073 TbssV,success
1779021082,create record thing 183 9VACiwBbmZ 60797 wXUD 84045 oPdgt8GW3s,success
1779021082,create record thing 781 0FuC 23732 dIuVyG8 59096 IZ9BA,success
1779021082,create record thing 513 aOxmD 8860 ZmuT7yziLn 69338 SZLzPbq,success
1779021082,create record thing 931 9Koduwoa 3329 GZVDJU7u0 56238 WtQTzd,success
1779021082,create record thing 737 F2EvpBe 92335 bZGjlnyZCm 7816 k6jgVZZOE,success
1779021082,create record thing 740 hEAdsMHh 35154 IJox6Z7aKY 24534 3U99,success
1779021082,create record thing 4 If8qQqZdH1 59058 2V5Xe5B 5156 Q6smlZ,success
1779021082,create record thing 909 prJ01 57746 IWAoI 70769 7cy5q,success
1779021082,create record thing 162 2ML9u 91603 nLhR9EHf 75050 YnOs,success
1779021082,create record thing 446 IAhAAyuk1I 39809 8KqUKb 94737 FHsa,success
1779021082,create record thing 932 Ewz2kHP5J 22512 clexZsYM 36633 H4Kkj7,success
1779021082,create record thing 999 makwc 49052 Xv8h2ouuS 4376 1KYYr,success
1779021082,create record thing 956 mmWlk0ykAa 70438 vUHN 16049 ZWUf2,success
1779021082,create record thing 657 BuLt 80180 M6hpEmDt 48718 j4xK1N,success
1779021082,create record thing 788 mBMXKlBR 13090 xShA6Dj 66675 4pg4R3ABV,success
1779021082,create record thing 900 aKO2 35203 2qlRdQ 43498 afnVgN,success
1779021082,create record thing 769 o0GB4C 18305 C8xT1j 12245 HRpXt5XK,success
1779021082,create record thing 937 5aVDcExJ7 30733 kKIvwMdvSP 56792 dGNWwG,success
1779021082,create record thing 699 ZH8tB 62629 zkTqD 86305 Ww51NtxW,success
1779021082,create record thing 118 kjlvUHv 86990 zU9BIlV2O 11880 6XpqrJKWLO,success
1779021082,create record thing 739 kRcza43 6896 wmeZOboe 96642 fnwmMisCfK,success
1779021082,create record thing 831 0RAbGCO 41991 rgQz0DB 17013 rRSvauC,success
1779021082,create record thing 12 qfZO1 88250 m1mz 1629 6MrfAimgv,success
1779021082,create record thing 567 r4mlD3GDA4 4147 1mpsMcr 56173 euvFB9ZEMl,success
1779021082,create record thing 258 RckIBq 35038 VkqA 43940 mZJBVawsHU,success
1779021082,create record thing 542 0iIcQkF 96199 qO8avFu2D 35116 fToWL,success
1779021082,create record thing 480 XKnHqAs0NT 38482 C7GrC 51928 xHBO12pzC,success
1779021082,create record thing 964 2Uz53WwsR 68087 YUJ6jD 91197 JgWtc,success
1779021082,create record thing 391 OZxroz2 4360 3opqAF 27692 yNPb,success
1779021082,create record thing 395 DX4HiTA 62308 NWMVCOAn 99605 PYcDmz,success
1779021082,create record thing 66 QkFM0U 52403 Tt9u 2871 PsiZRdOIVV,success
1779021082,create record thing 611 1QBzm0Vy 21346 5P2D6JkZ 80702 PJHj,success
1779021082,create record thing 957 Izu2 26748 XCC4aAZLkK 20674 mRH7,success
1779021082,create record thing 697 8fV7s 83851 QhwJ8B9L 8324 vHlw9G7q,success
1779021082,create record thing 812 4UrWYRWR 97043 CHzF 731 N7qnh2G,success
1779021082,create record thing 959 U3dx02KSi0 66978 umBc 62384 68zs,success
1779021082,create record thing 643 2mFHG37 8597 jjk6IOV 39209 GUb0CGO76l,success
1779021082,create record thing 157 CreHAKgL3 14441 XziIG 2194 MCNX9,success
1779021082,create record thing 113 m3qquKN 24101 p9Q23faUY 86212 sOxzb,success
1779021082,create record thing 49 6jnw 1173 IqBZ5 7706 LOBiU,success
1779021082,create record thing 774 xiVQc 46512 RAFeH 57621 w6Q82Zq2Fj,success
1779021082,create record thing 94 2J9pw6 52437 jmhAxYL 81910 zKiKJE43,success
1779021082,create record thing 506 idpLx 21729 Ihxy76J 53501 lvLK3,success
1779021082,create record thing 522 Oj4L6HnU 96312 1yFSBl4 56862 spGd,success
1779021082,create record thing 142 Y3YfmGlVf9 52750 b3rd 86274 Cy0S67sOo,success
1779021082,create record thing 882 1TIn 15493 mYEj 83305 HiKHNZxjW6,success
1779021082,create record thing 926 saMRj 67972 oZb59 56112 6g6IMh66,success
1779021082,create record thing 409 W58c9wH2fO 32244 5BzgGJ8jV 96015 7s0tXtpSt,success
1779021082,create record thing 598 ODM0 12705 dEmk 65054 dzUVlc,success
1779021082,create record thing 439 uMZLemEnc 39094 ls9rBIaqA 58186 7zhn952QD,success
1779021082,create record thing 599 eUeDc4 73054 WwDoO1Kevl 33527 LeXF,success
1779021082,create record thing 765 vUTYtZ 34153 SMPpP5 6146 EDdapZat3,success
1779021082,create record thing 270 H99p 93302 jfHQKyj6 95864 oxYI,success
1779021082,create record thing 552 6MQbBHjtL 44295 8xQR 27085 moSidl9s0F,success
1779021082,create record thing 975 3V0EF7I9 5578 k8SLMHSQ 36981 nfQ4YxfHII,success
1779021082,create record thing 763 kylhKz 38701 XPjbo4Q 62396 7wrDRW1,success
1779021082,create record thing 253 3V43eUrUZ 75011 TJAXX9 17336 zpRJ5w8ixT,success
1779021082,create record thing 993 bxY4a4 67755 d5doyoZ 48623 iGNO,success
1779021082,create record thing 272 qaHh1KK 21614 Xobw 3054 qjm6UJRw,success
1779021082,create record thing 147 gOlydSAi7v 64618 PpqN7c 37464 ILQ5nfINh,success
1779021082,create record thing 470 Kvvn20Vy 53234 1LQjE 64886 tza8,success
1779021082,create record thing 659 gAiHbaB 83931 U3ziv 8242 FbxmaB,success
1779021082,create record thing 406 T6AYtdGJx 23493 smKtJd 49201 TwgYR9,success
1779021082,create record thing 512 KtCJTV5 83522 GAUsSKAy 16129 o2SEMIy7,success
1779021082,create record thing 672 QdlpUD 62134 THpaNIkLAo 24858 YQLDWiJ1rc,success
1779021082,create record thing 218 IiokyX7x1O 33854 B4MRn 70112 uiiQbfQaAl,success
1779021082,create record thing 323 XGsnsOLG3a 88167 utf0Qhy 58007 BQMm7h,success
1779021082,create record thing 736 Syrp 88268 lV9Sj 16814 BCme2F7,success
1779021082,create record thing 581 ysD5Bmw 31200 XutMXir 95410 cDRTiEbOAW,success
1779021082,create record thing 217 FAAx50 56321 j0pzXPw0Yz 34389 TrBtEKg,success
1779021082,create record thing 68 8RJEJ 70999 r9Wp4FcT3 41101 1LXm,success
1779021082,create record thing 275 z2shU8pxij 71834 R2Xe1gMI 44490 paeQB,success
1779021082,create record thing 411 92ilKG46s 83489 vSURd 67291 Fi7mGHDuH0,success
1779021082,create record thing 324 ydR9 26205 SJwsUJH1q 3211 QFQMJXlQoa,success
1779021082,create record thing 825 1BmXdHJi 10967 yazwtBF 36409 E56tUw,success
1779021082,create record thing 983 v9kDrax 58511 GYY1sd 9344 xpgkpse,success
1779021082,create record thing 842 KDsi0mG4 55810 FotD 5491 dbpm2s6jn,success
1779021082,create record thing 235 zkXudLHbL 36435 eqJKAeLK1 75478 iq9IgwL,success
1779021082,create record thing 58 atcmUxQs 66773 JENn 32927 buZVcOAkM,success
1779021082,create record thing 795 j21X8v 69526 8iGL2D0j 29800 IBCr,success
1779021082,create record thing 787 CL7htFA 35036 GjaGS0tN2 91269 XrJjOn8A,success
1779021082,create record thing 864 NSxMrCZsG 12931 8lay0n74ff 69419 VDFsjxwvtM,success
1779021082,create record thing 333 Z55oCiOh 81877 6bjkDZdR 99996 tqXHNd3,success
1779021082,create record thing 702 Y9KReX 55144 tmG92HM 5215 CnFveEdKw9,success
1779021082,create record thing 225 SyzIFIBmbj 2214 DeoyghNPb 43743 f2HjJWGxO,success
1779021082,create record thing 571 gVYbZayS0K 15521 CiDj 72723 yLorR,success
1779021082,create record thing 705 5Bs35ptAu 66982 zGTn8uQa 63810 ogkX3nu,success
1779021082,create record thing 656 NQVB4w 84372 GMPT 67708 SrcwFm,success
1779021082,create record thing 277 ttDd 91954 U68X 6451 y9hMy,success
1779021082,create record thing 389 HecN2BBd2o 39656 WqAszDYbVo 55477 17YenitnE,success
1779021082,create record thing 474 mhKEC4LRj 57564 gyIUS 17918 ZuwRskYo,success
1779021082,create record thing 168 f0TevT 70456 KXbCm 38225 xDpkhUJHO5,success
1779021082,create record thing 995 q55hdaa 21176 ePzIO 37575 oVZP,success
1779021082,create record thing 747 RdKYmEB 3385 9KShzP98V 3758 j7N8UJOxYh,success
1779021082,create record thing 547 zChU9 54245 7a9U4rY 4203 XZiRn,success
1779021082,create record thing 176 Kc3mBAnA 46934 Tf1MuNrz 35959 bkp1ds,success
1779021082,create record thing 908 4At1xdI 32287 UxeKUTN 80260 uKjlQx2Ys,success
1779021082,create record thing 624 b584 71771 alXvT8 35531 rQ2yiHHJsU,success
1779021082,create record thing 74 e5rTR 48993 DJmwhRKGC 41525 d2aat,success
1779021082,create record thing 664 BOAFd 69250 xdgRDptKu6 32790 AHkgX,success
1779021082,create record thing 700 XeCcPNt 39477 uCdNO 301 1YOpY,success
1779021082,create record thing 971 xqRm 52985 dmlF 43940 QuRP4irfr,success
1779021082,create record thing 274 bzctp 96801 Jb8y3mTi 17784 ic9o8iPcxO,success
1779021082,create record thing 687 7TU0 14925 mHmJlNwG7h 28138 pLu1Q,success
1779021082,create record thing 215 hsFsXL 56124 aqFAqUTKwB 59482 PM1pPIMkD,success
1779021082,create record thing 364 wZfQ9 52990 YIeE37 48461 pNd4zgD9nz,success
1779021082,create record thing 380 Rj2W65yS 87414 uIRRz 99862 2J3Ujm4Uy,success
1779021082,create record thing 167 jgDjCN56 97641 Hnq6rIFAP 3425 WyHsDNM,success
1779021082,create record thing 374 3HOzvn6fyW 85954 RfpEm 17144 dQWV6qM,success
1779021082,create record thing 855 DISIiTJh88 52197 mVWBlNZU9N 50934 Rvz4lgi51K,success
1779021082,create record thing 651 ayJFP9 14396 NRxsC 81319 BPz3nuL,success
1779021082,create record thing 465 gykW 74870 hWpL 95863 cUmo8n4z,success
1779021082,create record thing 955 OmQHgcI 90617 fdeALc 32905 fy8JSPfb,success
1779021082,create record thing 948 t3k4jI205z 71341 UeMc 38270 h0mFU,success
1779021082,create record thing 104 sqjdte 8045 D9fZ5g5xe 62986 12Xh,success
1779021082,create record thing 888 WgQ5Y 17741 4Pa8GX 11569 fiH0si,success
1779021082,create record thing 979 5e5nB0w 49881 1leI7c 83512 s8OxW9k,success
1779021082,create record thing 876 jv2eo5ndL 56799 leHYu9kOT 9837 iwEY,success
1779021082,create record thing 82 CHRrG4ALF 78365 8bg9R 44660 B64mwF2,success
1779021082,create record thing 297 9BSCyiOzbx 1047 bcs95gn 49554 O71qWFWg,success
1779021082,create record thing 792 aNYz 78578 P9Xg 17770 iDkFgvXk,success
1779021082,create record thing 234 ijkja 36401 ujl9Ksa 12093 TICX,success
1779021082,create record thing 678 xWR6v 3893 0Wm765kNK5 1003 5rN6wE8LCo,success
1779021082,create record thing 47 5be3g 37709 SusM2hVVfO 37737 IXr2hcf,success
1779021082,create record thing 72 P5nxUE4N 3268 9CKhjnOSS 32844 YyJtu,success
1779021082,create record thing 722 74WKsV 71399 rJTZLANQwj 79657 HaeduCoUx3,success
1779021082,create record thing 197 yiz5 54821 Is3dwNFmS 80735 jLyqCZ1l,success
1779021082,create record thing 592 2arlU3ksab 10487 RtSv6yg 70068 tr75xZ,success
1779021082,create record thing 371 Yarwd9nO 81341 uLw50tHYGo 36639 4iAl,success
1779021082,create record thing 883 MfjE6LZbf 60818 5khQK3xn 649 nhwcn0K,success
1779021082,create record thing 907 cG6wlcfK 13925 opxnLfdd 2841 ROAxl,success
1779021082,create record thing 634 xSrEFw 78604 aB9Yia 45105 XnUfxMCWV,success
1779021082,create record thing 644 urTZBW 15501 sUmM45P8 56086 SvvOOVe,success
1779021082,create record thing 850 WjfR 42094 HzeSdie 14926 DH5bNDA,success
1779021082,create record thing 301 pjQhwj 18095 YGrFz4f 37495 jtbbUCu4JH,success
1779021082,create record thing 566 jpRmqvOFx 80295 hD7Sg 86390 mQzJ2vnG,success
1779021082,create record thing 81 fWPb 50834 vRylBXn3di 23996 tv74EZ,success
1779021082,create record thing 388 y5xDzGFKj 36527 XrwhtMt7J8 54893 x51iP1,success
1779021082,create record thing 128 hBzELotbBW 33738 21eJs1O3l 25674 3C9Q0P,success
1779021082,create record thing 550 a48SC2x1s 85909 CmOG 12269 CQ69ip,success
1779021082,create record thing 471 N2Q5Rqd 51735 yTamNP0 68186 mg92Zb6,success
1779021082,create record thing 748 3SGF 35182 yp7Hm 98662 ABJbW,success
1779021082,create record thing 45 6QLET 11245 mauPLrA4i 73700 4rSd1j,success
1779021082,create record thing 827 w145xZ82 10150 3sgv 69546 QRd2nGFNT,success
1779021082,create record thing 271 rNdd 31718 vxFe 27993 uGOrODCvdc,success
1779021082,create record thing 619 a5Gtrg0Bq 11955 c3WOzLRO 26765 RBgFy8G,success
1779021082,create record thing 353 gJDZBJS 26471 mzDctb8Hx 33499 NevuRH,success
1779021082,create record thing 868 wopOV 66739 ryOf4 91802 ucQHqAH,success
1779021082,create record thing 368 1a2mjFm3 60558 DxKYn 41504 NYSk,success
1779021082,create record thing 100 2wsgo 71351 Y6a45hS 1045 CZISkDDCU,success
1779021082,create record thing 390 h2FihTO5mW 8058 BfeZ 93890 rlPE37vO0Q,success
1779021082,create record thing 95 9fM5SAh 75972 NgwLvyVz 5333 LQGorqbS,success
1779021082,create record thing 991 kZriP 89410 wWM7lZJVp 81758 abQDpdhEN,success
1779021082,create record thing 345 f6cR 5748 yZja 66049 ivJm,success
1779021082,create record thing 782 04L14m 41765 FSw3Lg 74770 Dfpp3Fz,success
1779021082,create record thing 221 yrZYbm66Q 86166 AjGtHq3 21816 EhaYQTOby,success
1779021082,create record thing 160 fPxb 11274 bVrZEh7m 7473 Rmo304xSZ,success
1779021082,create record thing 965 YfdSK 68986 KoIGTYtZ7k 84370 u7dH6,success
1779021082,create record thing 349 lQMo5RNzfV 51630 HNFYi 17970 NGv9VsCRp,success
1779021082,create record thing 984 024n91f 45724 InWp1A5LM 38039 fKhtP,success
1779021082,create record thing 715 o9TwbTzE 62775 1FD1hGYn5 56681 GPwfO2Wk,success
1779021082,create record thing 164 kjAAFQa 91650 mNfyYkINP 93601 7asKYJgu,success
1779021082,create record thing 826 DCA8ZxbZ 73012 7Gt546 38129 Vg6y,success
1779021082,create record thing 778 IleZK6v 51967 XHBO0t 56168 dOVa,success
1779021082,create record thing 7 lqRl6I3v 60693 MNVK 2361 g2va,success
1779021082,create record thing 891 FZcrJ8yNv 23744 olLYN 2054 kcWEm6Y,success
1779021082,create record thing 829 kxSiRJwDXN 3261 YEWfNryPL 53478 WEdx3Wws6,success
1779021082,create record thing 285 pSrO3 70314 Zv2mUqmsT 29968 6vHAjzEAy,success
1779021082,create record thing 604 GobPCw 61734 53sj 85255 VLnZpp8,success
1779021082,create record thing 460 9Q1bbSs 7808 9bkqCT 1073 Cr4V,success
1779021082,create record thing 226 mcCoT40KqW 45266 MQo5diIvv 88681 QNsvO,success
1779021082,create record thing 430 fnoe4KVQ 89724 ZUMZu 10311 S4govb9kw2,success
1779021082,create record thing 987 qI0xlPgdwn 25223 Svs7qU8X 82026 KueP,success
1779021082,create record thing 719 vwUnCb 54772 DHgCp 32791 f00PZxA,success
1779021082,create record thing 666 VUVpgUbph 85852 yaMdJfZ 31522 WoMu,success
1779021082,create record thing 734 BEdu 93359 SYH4hP 94840 BPgkVro,success
1779021082,create record thing 204 GI7tv6OOdw 31757 scQIWop 17368 wxxlLgu,success
1779021082,create record thing 575 brq3GROp 80614 nX2Q1P 76710 DQgajK6,success
1779021082,create record thing 28 LyWvdC1 66746 0iMU 95833 EYjgIy3W,success
1779021082,create record thing 617 nCWhbiF 59142 aNvKMTx 25755 pta9,success
1779021082,create record thing 518 iOUG 73460 Icn6N2k 41446 yVcOcaWW,success
1779021082,create record thing 239 zQQseS 19162 WHfep 72018 ikdUgpxgt,success
1779021082,create record thing 224 aoOkX 22781 VTQe 98600 xhWzzaHPQ,success
1779021082,create record thing 96 6DpxaUKsE 63195 cbipS 6600 4CAqwXX,success
1779021082,create record thing 31 HLgnaxV2K 10551 qNw5ADMv 51050 hlAeBTYQPF,success
1779021082,create record thing 33 iAKyiyZ5Bn 3310 wmgH0D 37551 9kiQ5Vrxes,success
1779021082,create record thing 433 2kATa6g 59910 WQkPxso 78769 9Tm5qbp,success
1779021082,create record thing 605 x8yFDb 49467 I7arnQ5o 95543 Qev8U,success
1779021082,create record thing 90 WR6hN 63249 xLrc 34632 x6if,success
1779021082,create record thing 559 ChjDGbHB 76465 9ydZuBLWTO 75569 3KBLt5i,success
1779021082,create record thing 914 hr0X9wT 72468 Hg68AENQ 92611 zp9mfK,success
1779021082,create record thing 759 ZBl1zz 39988 zEIeJ3GQ 77329 KKy8kcVNa,success
1779021082,create record thing 693 AElQ 22510 yXQA 15798 ZeMGqc0tLd,success
1779021082,create record thing 105 PLUxWFv 55194 1Q4HZj09nN 19070 W3gYeL,success
1779021082,create record thing 755 lI2N04ZZ1 23527 Y9Rz 4891 RyJq,success
1779021082,create record thing 143 gmVpot 28524 dp3XLGTWMO 56183 PwWHirTIU,success
1779021082,create record thing 229 1RCN3u65 54858 Fem7D5C 62681 iDosa5sOO,success
1779021082,create record thing 251 0qQGXSYdP 32195 TAta3 13091 XrkVI0j9b,success
1779021082,create record thing 282 rYUaLBv3f 87596 FO8zqLJgE 25218 HR3CtZi0,success
1779021082,create record thing 760 QMFZ 50533 e3WbmxMlJ9 4618 7oxxK6Akk,success
1779021082,create record thing 26 oHfpZM 71010 ULbMoXhO1s 49616 PFlzmsG,success
1779021082,create record thing 115 oomw6Tx3 33344 cAYYkpIxM 17504 ubqvZJv8,success
1779021082,create record thing 655 I4GMxq9DNa 74621 YL7rmL0 61646 uqhImcK,success
1779021082,range_search thing id 603 777,success
1779021082,range_search thing id 281 420,success
1779021082,range_search thing id 564 824,success
1779021082,range_search thing id 973 987,success
1779021082,range_search thing id 218 499,success
1779021082,range_search thing id 292 917,success
1779021082,range_search thing id 661 866,success
1779021082,range_search thing id 683 876,success
1779021082,range_search thing id 529 751,success
1779021082,range_search thing id 441 901,success
1779021082,range_search thing id 604 879,success
1779021082,range_search thing id 626 922,success
1779021082,range_search thing id 265 732,success
1779021082,range_search thing id 17 435,success
1779021082,range_search thing id 718 772,success
1779021082,range_search thing id 469 491,success
1779021082,range_search thing id 894 949,success
1779021082,range_search thing id 599 625,success
1779021082,range_search thing id 88 954,success
1779021082,range_search thing id 268 904,success
1779021082,range_search thing id 451 535,success
1779021082,range_search thing id 83 109,success
1779021082,range_search thing id 987 999,success
1779021082,range_search thing id 221 757,success
1779021082,range_search thing id 267 1000,success
1779021082,range_search thing id 955 983,success
1779021082,range_search thing id 106 450,success
1779021082,range_search thing id 402 893,success
1779021082,range_search thing id 850 941,success
1779021082,range_search thing id 429 871,success
1779021082,range_search thing id 746 829,success
1779021082,range_search thing id 1 669,success
1779021082,range_search thing id 347 425,success
1779021082,range_search thing id 556 928,success
1779021082,range_search thing id 518 734,success
1779021082,range_search thing id 967 968,success
1779021082,range_search thing id 703 752,success
1779021082,range_search thing id 394 897,success
1779021082,range_search thing id 679 828,success
1779021082,range_search thing id 268 844,success
1779021082,range_search thing id 909 996,success
1779021082,range_search thing id 186 395,success
1779021082,range_search thing id 291 503,success
1779021082,range_search thing id 993 998,success
1779021082,range_search thing id 626 953,success
1779021083,range_search thing id 446 975,success
1779021083,range_search thing id 336 355,success
1779021083,range_search thing id 905 940,success
1779021083,range_search thing id 332 349,success
1779021083,range_search thing id 662 833,success
1779021083,range_search thing id 801 905,success
1779021083,range_search thing id 419 653,success
1779021083,range_search thing id 497 672,success
1779021083,range_search thing id 319 365,success
1779021083,range_search thing id 139 983,success
1779021083,range_search thing id 730 865,success
1779021083,range_search thing id 923 945,success
1779021083,range_search thing id 815 958,success
1779021083,range_search thing id 446 519,success
1779021083,range_search thing id 483 654,success
1779021083,range_search thing id 922 964,success
1779021083,range_search thing id 821 935,success
1779021083,range_search thing id 128 435,success
1779021083,range_search thing id 982 983,success
1779021083,range_search thing id 865 898,success
1779021083,range_search thing id 339 396,success
1779021083,range_search thing id 883 970,success
1779021083,range_search thing id 880 910,success
1779021083,range_search thing id 552 717,success
1779021083,range_search thing id 893 983,success
1779021083,range_search thing id 503 722,success
1779021083,range_search thing id 763 807,success
1779021083,range_search thing id 774 870,success
1779021083,range_search thing id 896 934,success
1779021083,range_search thing id 527 931,success
1779021083,range_search thing id 74 718,success
1779021083,range_search thing id 422 677,success
1779021083,range_search thing id 530 861,success
1779021083,range_search thing id 295 881,success
1779021083,range_search thing id 251 667,success
1779021083,range_search thing id 881 952,success
1779021083,range_search thing id 890 896,success
1779021083,range_search thing id 688 885,success
1779021083,range_search thing id 201 531,success
1779021083,range_search thing id 525 704,success
1779021083,range_search thing id 227 246,success
1779021083,range_search thing id 738 781,success
1779021083,range_search thing id 23 811,success
1779021083,range_search thing id 82 952,success
1779021083,range_search thing id 783 819,success
1779021083,range_search thing id 450 836,success
1779021083,range_search thing id 616 786,success
1779021083,range_search thing id 87 912,success
1779021083,range_search thing id 626 958,success
1779021083,range_search thing id 214 215,success
1779021083,range_search thing id 778 853,success
1779021083,range_search thing id 659 916,success
1779021083,range_search thing id 881 928,success
1779021083,range_search thing id 151 876,success
1779021083,range_search thing id 502 737,success
1779021083,stats,success
1780916753,tx_begin T1,success
1780916753,tx_op T1 create type book 4 1 title str author str year int copies int,success
1780916753,tx_op T1 create record book Dune Herbert 1965 100,success
1780916753,tx_op T1 create record book Foundation Asimov 1951 50,success
1780916753,tx_op T1 create record book Hyperion Simmons 1989 80,success
1780916753,tx_commit T1,success
1780916753,tx_begin T2,success
1780916753,tx_op T2 create record book Neuromancer Gibson 1984 75,success
1780916753,tx_op T2 create record book SnowCrash Stephenson 1992 60,success
1780916753,tx_begin T3,success
1780916753,tx_op T3 create record book Tehanu LeGuin 1990 40,success
1780916753,tx_op T3 create record book Earthsea LeGuin 1968 55,success
1780916753,tx_commit T3,success
1780916753,tx_begin T4,success
1780916753,tx_op T4 delete record book Foundation,success
1780916753,tx_begin T5,success
1780916753,tx_op T5 create record book MobyDick Melville 1851 25,success
1780916753,tx_op T5 create record book WarPeace Tolstoy 1869 30,success
1780916753,tx_commit T5,success
1780916753,tx_begin T6,success
1780916753,tx_op T6 delete record book Dune,success
1780916753,tx_commit T6,success
1780916753,tx_begin T7,success
1780916753,tx_op T7 create record book Lolita Nabokov 1955 35,success
1780916753,tx_begin T8,success
1780916753,tx_op T8 create record book Ulysses Joyce 1922 20,success
1780916753,tx_op T8 create record book Beloved Morrison 1987 45,success
1780916753,tx_commit T8,success
1780916753,tx_begin T9,success
1780916753,tx_op T9 create record book Catch22 Heller 1961 65,success
1780916753,tx_commit T9,success
1780916753,tx_begin T10,success
1780916753,tx_op T10 create record book Beloved2 Morrison 2000 12,success
1780916753,tx_op T10 create record book Sula Morrison 1973 18,success
1780916753,tx_begin T11,success
1780916753,tx_op T11 create record book Slaughter Vonnegut 1969 90,success
1780916753,tx_commit T10,success
1780916753,tx_op T11 delete record book SnowCrash,failure
1780916753,tx_commit T11,success
1780916753,tx_begin V,success
1780916753,tx_op V search record book Dune,failure
1780916753,tx_op V search record book Foundation,success
1780916753,tx_op V search record book Hyperion,success
1780916753,tx_op V search record book Neuromancer,failure
1780916753,tx_op V search record book SnowCrash,failure
1780916753,tx_op V search record book Tehanu,success
1780916753,tx_op V search record book Earthsea,success
1780916753,tx_op V search record book MobyDick,success
1780916753,tx_op V search record book Lolita,failure
1780916753,tx_op V search record book Ulysses,success
1780916753,tx_op V search record book Beloved,success
1780916753,tx_op V search record book Catch22,success
1780916753,tx_op V search record book Beloved2,success
1780916753,tx_op V search record book Sula,success
1780916753,tx_op V search record book Slaughter,success
1780916753,tx_op V range_search book year 1950 1980,success
1780916753,tx_op V range_search book year 1850 1900,success
1780916753,tx_op V range_search book year 2000 2025,success
1780916753,tx_op V range_search book copies 20 50,success
1780916753,tx_commit V,success
1780916890,tx_begin T1,success
1780916890,tx_op T1 create type movie 5 1 title str director str year int rating int duration int,success
1780916890,tx_op T1 create record movie Inception Nolan 2010 90 148,success
1780916890,tx_begin T2,success
1780916890,tx_op T2 create record movie Interstellar Nolan 2014 85 169,success
1780916890,tx_op T1 create record movie Memento Nolan 2000 80 113,success
1780916890,tx_op T2 create record movie Tenet Nolan 2020 70 150,success
1780916890,tx_commit T1,success
1780916890,tx_op T2 create record movie Dunkirk Nolan 2017 75 106,success
1780916890,tx_begin T3,success
1780916890,tx_begin T4,success
1780916890,tx_op T3 create record movie Parasite Bong 2019 95 132,success
1780916890,tx_op T4 create record movie Oldboy Park 2003 80 120,success
1780916890,tx_op T3 create record movie Memories Bong 2003 88 130,success
1780916890,tx_op T4 create record movie Burning Lee 2018 78 148,success
1780916890,tx_commit T4,success
1780916890,tx_op T3 create record movie Mother Bong 2009 84 129,success
1780916890,tx_commit T3,success
1780916890,tx_begin T5,success
1780916890,tx_begin T6,success
1780916890,tx_begin T7,success
1780916890,tx_op T5 create record movie Akira Otomo 1988 90 124,success
1780916890,tx_op T6 create record movie Spirited Miyazaki 2001 92 125,success
1780916890,tx_op T7 create record movie Princess Miyazaki 1997 89 134,success
1780916890,tx_op T5 create record movie Ghost Oshii 1995 87 83,success
1780916890,tx_op T6 create record movie Totoro Miyazaki 1988 93 86,success
1780916890,tx_op T7 create record movie Howl Miyazaki 2004 86 119,success
1780916890,tx_commit T6,success
1780916890,tx_op T5 delete record movie Akira,success
1780916890,tx_op T7 create record movie Mononoke Miyazaki 1997 88 134,success
1780916890,tx_begin T8,success
1780916890,tx_op T8 delete record movie Memento,failure
1780916890,tx_commit T8,success
1780916890,tx_begin T9,success
1780916890,tx_begin T10,success
1780916890,tx_op T9 create record movie LaLa Chazelle 2016 80 128,success
1780916890,tx_op T10 create record movie Whiplash Chazelle 2014 87 107,success
1780916890,tx_op T9 create record movie FirstMan Chazelle 2018 75 141,success
1780916890,tx_commit T9,success
1780916890,tx_op T10 create record movie Babylon Chazelle 2022 65 189,success
1780916890,tx_commit T10,success
1780916890,tx_begin T11,success
1780916890,tx_begin T12,success
1780916890,tx_op T11 create record movie Drive Refn 2011 78 100,success
1780916890,tx_op T12 create record movie Bronson Refn 2008 73 92,success
1780916890,tx_op T11 delete record movie Totoro,failure
1780916890,tx_op T12 create record movie Valhalla Refn 2009 64 93,success
1780916890,tx_commit T11,success
1780916890,tx_commit T12,success
1780916890,tx_begin V,success
1780916890,tx_op V search record movie Inception,success
1780916890,tx_op V search record movie Memento,failure
1780916890,tx_op V search record movie Interstellar,failure
1780916890,tx_op V search record movie Tenet,failure
1780916890,tx_op V search record movie Dunkirk,failure
1780916890,tx_op V search record movie Parasite,success
1780916890,tx_op V search record movie Memories,success
1780916890,tx_op V search record movie Mother,success
1780916890,tx_op V search record movie Oldboy,success
1780916890,tx_op V search record movie Burning,success
1780916890,tx_op V search record movie Akira,failure
1780916890,tx_op V search record movie Spirited,failure
1780916890,tx_op V search record movie Totoro,failure
1780916890,tx_op V search record movie Princess,failure
1780916890,tx_op V search record movie Mononoke,failure
1780916890,tx_op V search record movie Ghost,failure
1780916890,tx_op V search record movie Howl,failure
1780916890,tx_op V search record movie LaLa,success
1780916890,tx_op V search record movie FirstMan,success
1780916890,tx_op V search record movie Whiplash,success
1780916890,tx_op V search record movie Babylon,success
1780916890,tx_op V search record movie Drive,success
1780916890,tx_op V search record movie Bronson,success
1780916890,tx_op V search record movie Valhalla,success
1780916890,tx_op V range_search movie year 1980 2000,success
1780916890,tx_op V range_search movie year 2010 2025,success
1780916890,tx_op V range_search movie rating 85 100,success
1780916890,tx_op V range_search movie duration 80 110,success
1780916890,tx_commit V,success
1780916945,tx_begin T1,success
1780916945,tx_op T1 create type artist 4 1 name str genre str country str debut_year int,success
1780916945,tx_op T1 create record artist Beatles Rock UK 1960,success
1780916945,tx_op T1 create record artist Mozart Classical Austria 1762,success
1780916945,tx_op T1 create record artist Beethoven Classical Germany 1782,success
1780916945,tx_commit T1,success
1780916945,tx_begin T2,success
1780916945,tx_op T2 create record artist Bach Classical Germany 1703,success
1780916945,tx_begin T3,success
1780916945,tx_op T3 delete record artist Mozart,success
1780916945,tx_commit T3,success
1780916945,tx_begin T4,success
1780916945,tx_op T4 create record artist Beyonce Pop USA 1981,success
1780916945,tx_op T4 create record artist Drake HipHop Canada 1986,success
1780916945,tx_begin T5,success
1780916945,tx_op T5 create record artist Adele Pop UK 1988,success
1780916945,tx_commit T5,success
1780916945,tx_begin T6,success
1780916945,tx_op T6 create record artist Radiohead Rock UK 1985,success
1780916945,tx_op T6 create record artist Bjork Pop Iceland 1977,success
1780916945,tx_commit T6,success
1780916945,tx_begin T7,success
1780916945,tx_op T7 create record artist Aphex Electronic UK 1985,success
1780916945,tx_op T7 delete record artist Beatles,success
1780916945,tx_begin T8,success
1780916945,tx_op T8 delete record artist Drake,failure
1780916945,tx_commit T8,success
1780916945,tx_begin T9,success
1780916945,tx_op T9 create record artist Kendrick Hip UnitedStates 1987,success
1780916945,tx_op T9 create record artist Solange Pop UnitedStates 1986,success
1780916945,tx_commit T9,success
1780916945,tx_begin T10,success
1780916945,tx_op T10 create record artist Burial Electronic UK 1979,success
1780916945,tx_begin V,success
1780916945,tx_op V search record artist Beatles,success
1780916945,tx_op V search record artist Mozart,failure
1780916945,tx_op V search record artist Beethoven,success
1780916945,tx_op V search record artist Bach,failure
1780916945,tx_op V search record artist Beyonce,failure
1780916945,tx_op V search record artist Drake,failure
1780916945,tx_op V search record artist Adele,success
1780916945,tx_op V search record artist Radiohead,success
1780916945,tx_op V search record artist Bjork,success
1780916945,tx_op V search record artist Aphex,failure
1780916945,tx_op V search record artist Kendrick,success
1780916945,tx_op V search record artist Solange,success
1780916945,tx_op V search record artist Burial,failure
1780916945,tx_op V range_search artist debut_year 1700 1800,success
1780916945,tx_op V range_search artist debut_year 1950 2000,success
1780916945,tx_op V range_search artist debut_year 1980 1990,success
1780916945,tx_commit V,success
1780916956,tx_begin T1,success
1780916956,tx_op T1 create type artist 4 1 name str genre str country str debut_year int,success
1780916956,tx_op T1 create record artist Beatles Rock UK 1960,success
1780916956,tx_op T1 create record artist Mozart Classical Austria 1762,success
1780916956,tx_op T1 create record artist Beethoven Classical Germany 1782,success
1780916956,tx_commit T1,success
1780916956,tx_begin T2,success
1780916956,tx_op T2 create record artist Bach Classical Germany 1703,success
1780916956,tx_begin T3,success
1780916956,tx_op T3 delete record artist Mozart,success
1780916956,tx_commit T3,success
1780916956,tx_begin T4,success
1780916956,tx_op T4 create record artist Beyonce Pop USA 1981,success
1780916956,tx_op T4 create record artist Drake HipHop Canada 1986,success
1780916956,tx_begin T5,success
1780916956,tx_op T5 create record artist Adele Pop UK 1988,success
1780916956,tx_commit T5,success
1780916956,tx_begin T6,success
1780916956,tx_op T6 create record artist Radiohead Rock UK 1985,success
1780916956,tx_op T6 create record artist Bjork Pop Iceland 1977,success
1780916956,tx_commit T6,success
1780916956,tx_begin T7,success
1780916956,tx_op T7 create record artist Aphex Electronic UK 1985,success
1780916956,tx_op T7 delete record artist Beatles,success
1780916956,tx_begin T8,success
1780916956,tx_op T8 delete record artist Drake,failure
1780916956,tx_commit T8,success
1780916956,tx_begin T9,success
1780916956,tx_op T9 create record artist Kendrick Hip UnitedStates 1987,success
1780916956,tx_op T9 create record artist Solange Pop UnitedStates 1986,success
1780916956,tx_commit T9,success
1780916956,tx_begin T10,success
1780916956,tx_op T10 create record artist Burial Electronic UK 1979,success
1780916956,tx_begin V,success
1780916956,tx_op V search record artist Beatles,success
1780916956,tx_op V search record artist Mozart,failure
1780916956,tx_op V search record artist Beethoven,success
1780916956,tx_op V search record artist Bach,failure
1780916956,tx_op V search record artist Beyonce,failure
1780916956,tx_op V search record artist Drake,failure
1780916956,tx_op V search record artist Adele,success
1780916956,tx_op V search record artist Radiohead,success
1780916956,tx_op V search record artist Bjork,success
1780916956,tx_op V search record artist Aphex,failure
1780916956,tx_op V search record artist Kendrick,success
1780916956,tx_op V search record artist Solange,success
1780916956,tx_op V search record artist Burial,failure
1780916956,tx_op V range_search artist debut_year 1700 1800,success
1780916956,tx_op V range_search artist debut_year 1950 2000,success
1780916956,tx_op V range_search artist debut_year 1980 1990,success
1780916956,tx_commit V,success
1780917016,tx_begin T1,success
1780917016,tx_op T1 create type product 5 1 sku str name str price int stock int rating int,success
1780917016,tx_op T1 create record product P001 Widget 100 50 80,success
1780917016,tx_op T1 create record product P002 Gadget 200 30 90,success
1780917016,tx_op T1 create record product P003 Gizmo 150 75 70,success
1780917016,tx_commit T1,success
1780917016,tx_begin T2,success
1780917016,tx_op T2 create record product P004 Doohickey 75 20 60,success
1780917016,tx_op T2 create record product P005 Sprocket 60 100 85,success
1780917016,tx_op T2 create record product P006 Cog 45 200 65,success
1780917016,tx_commit T2,success
1780917016,tx_begin T3,success
1780917016,tx_op T3 create record product P007 Bolt 5 1000 50,success
1780917016,tx_op T3 create record product P008 Nut 3 500 55,success
1780917016,tx_begin T4,success
1780917016,tx_op T4 delete record product P002,success
1780917016,tx_commit T4,success
1780917016,tx_begin T5,success
1780917016,tx_op T5 create record product P009 Washer 2 300 40,success
1780917016,tx_begin T6,success
1780917016,tx_op T6 create record product P010 Bracket 25 40 70,success
1780917016,tx_op T6 create record product P011 Hinge 30 60 75,success
1780917016,tx_op T6 create record product P012 Latch 18 90 60,success
1780917016,tx_op T6 create record product P013 Knob 12 150 55,success
1780917016,tx_op T6 create record product P014 Lever 22 80 65,success
1780917016,tx_commit T6,success
1780917016,tx_begin T7,success
1780917016,tx_op T7 create record product P015 Spring 5 500 50,success
1780917016,tx_begin T8,success
1780917016,tx_begin T9,success
1780917016,tx_op T8 create record product P016 Pulley 40 70 72,success
1780917016,tx_op T9 create record product P017 Bearing 35 110 78,success
1780917016,tx_op T8 create record product P018 Chain 28 120 68,success
1780917016,tx_op T9 create record product P019 Belt 32 95 73,success
1780917016,tx_op T8 create record product P020 Sprocket2 50 85 71,success
1780917016,tx_commit T9,success
1780917016,tx_op T8 delete record product P010,success
1780917016,tx_commit T8,success
1780917016,tx_begin T10,success
1780917016,tx_op T10 create record product P021 Gear 55 45 82,success
1780917016,tx_op T10 create record product P022 Bushing 15 200 58,success
1780917016,tx_op T10 create record product P023 Coupling 65 35 76,success
1780917016,tx_op T10 create record product P024 Shaft 80 25 88,success
1780917016,tx_op T10 create record product P025 Bearing2 38 90 74,success
1780917016,tx_op T10 delete record product P011,success
1780917016,tx_commit T10,success
1780917016,tx_begin T11,success
1780917016,tx_op T11 create record product P026 Flange 95 15 67,success
1780917016,tx_op T11 create record product P027 Bolt2 7 800 52,success
1780917016,tx_op T11 create record product P028 Nut2 4 600 48,success
1780917016,tx_begin T12,success
1780917016,tx_op T12 create record product P029 Strap 14 220 62,success
1780917016,tx_op T12 create record product P030 Clip 9 350 58,success
1780917016,tx_op T12 create record product P031 Pin 6 700 52,success
1780917016,tx_op T12 delete record product P020,success
1780917016,tx_commit T12,success
1780917016,tx_begin T13,success
1780917016,tx_op T13 create record product P032 Cap 11 280 64,success
1780917016,tx_commit T13,success
1780917016,tx_begin V,success
1780917016,tx_op V search record product P001,success
1780917016,tx_op V search record product P002,failure
1780917016,tx_op V search record product P003,success
1780917016,tx_op V search record product P004,success
1780917016,tx_op V search record product P005,success
1780917016,tx_op V search record product P006,success
1780917016,tx_op V search record product P007,success
1780917016,tx_op V search record product P008,failure
1780917016,tx_op V search record product P009,failure
1780917016,tx_op V search record product P010,failure
1780917016,tx_op V search record product P011,failure
1780917016,tx_op V search record product P012,success
1780917016,tx_op V search record product P013,success
1780917016,tx_op V search record product P014,success
1780917016,tx_op V search record product P015,failure
1780917016,tx_op V search record product P016,success
1780917016,tx_op V search record product P017,success
1780917016,tx_op V search record product P018,success
1780917016,tx_op V search record product P019,success
1780917016,tx_op V search record product P020,failure
1780917016,tx_op V search record product P021,success
1780917016,tx_op V search record product P022,success
1780917016,tx_op V search record product P023,success
1780917016,tx_op V search record product P024,success
1780917016,tx_op V search record product P025,success
1780917016,tx_op V search record product P026,failure
1780917016,tx_op V search record product P027,failure
1780917016,tx_op V search record product P028,failure
1780917016,tx_op V search record product P029,success
1780917016,tx_op V search record product P030,success
1780917016,tx_op V search record product P031,success
1780917016,tx_op V search record product P032,success
1780917016,tx_op V range_search product price 1 30,success
1780917016,tx_op V range_search product stock 1 100,success
1780917016,tx_op V range_search product rating 70 80,success
1780917016,tx_op V range_search product price 500 1000,success
1780917016,tx_commit V,success
1780917025,tx_begin T1,success
1780917025,tx_op T1 create type product 5 1 sku str name str price int stock int rating int,success
1780917025,tx_op T1 create record product P001 Widget 100 50 80,success
1780917025,tx_op T1 create record product P002 Gadget 200 30 90,success
1780917025,tx_op T1 create record product P003 Gizmo 150 75 70,success
1780917025,tx_commit T1,success
1780917025,tx_begin T2,success
1780917025,tx_op T2 create record product P004 Doohickey 75 20 60,success
1780917025,tx_op T2 create record product P005 Sprocket 60 100 85,success
1780917025,tx_op T2 create record product P006 Cog 45 200 65,success
1780917025,tx_commit T2,success
1780917025,tx_begin T3,success
1780917025,tx_op T3 create record product P007 Bolt 5 1000 50,success
1780917025,tx_op T3 create record product P008 Nut 3 500 55,success
1780917025,tx_begin T4,success
1780917025,tx_op T4 delete record product P002,success
1780917025,tx_commit T4,success
1780917025,tx_begin T5,success
1780917025,tx_op T5 create record product P009 Washer 2 300 40,success
1780917025,tx_begin T6,success
1780917025,tx_op T6 create record product P010 Bracket 25 40 70,success
1780917025,tx_op T6 create record product P011 Hinge 30 60 75,success
1780917025,tx_op T6 create record product P012 Latch 18 90 60,success
1780917025,tx_op T6 create record product P013 Knob 12 150 55,success
1780917025,tx_op T6 create record product P014 Lever 22 80 65,success
1780917025,tx_commit T6,success
1780917025,tx_begin T7,success
1780917025,tx_op T7 create record product P015 Spring 5 500 50,success
1780917025,tx_begin T8,success
1780917025,tx_begin T9,success
1780917025,tx_op T8 create record product P016 Pulley 40 70 72,success
1780917025,tx_op T9 create record product P017 Bearing 35 110 78,success
1780917025,tx_op T8 create record product P018 Chain 28 120 68,success
1780917025,tx_op T9 create record product P019 Belt 32 95 73,success
1780917025,tx_op T8 create record product P020 Sprocket2 50 85 71,success
1780917025,tx_commit T9,success
1780917025,tx_op T8 delete record product P010,success
1780917025,tx_commit T8,success
1780917025,tx_begin T10,success
1780917025,tx_op T10 create record product P021 Gear 55 45 82,success
1780917025,tx_op T10 create record product P022 Bushing 15 200 58,success
1780917025,tx_op T10 create record product P023 Coupling 65 35 76,success
1780917025,tx_op T10 create record product P024 Shaft 80 25 88,success
1780917025,tx_op T10 create record product P025 Bearing2 38 90 74,success
1780917025,tx_op T10 delete record product P011,success
1780917025,tx_commit T10,success
1780917025,tx_begin T11,success
1780917025,tx_op T11 create record product P026 Flange 95 15 67,success
1780917025,tx_op T11 create record product P027 Bolt2 7 800 52,success
1780917025,tx_op T11 create record product P028 Nut2 4 600 48,success
1780917025,tx_begin T12,success
1780917025,tx_op T12 create record product P029 Strap 14 220 62,success
1780917025,tx_op T12 create record product P030 Clip 9 350 58,success
1780917025,tx_op T12 create record product P031 Pin 6 700 52,success
1780917025,tx_op T12 delete record product P020,success
1780917025,tx_commit T12,success
1780917025,tx_begin T13,success
1780917025,tx_op T13 create record product P032 Cap 11 280 64,success
1780917025,tx_commit T13,success
1780917026,tx_begin V,success
1780917026,tx_op V search record product P001,success
1780917026,tx_op V search record product P002,failure
1780917026,tx_op V search record product P003,success
1780917026,tx_op V search record product P004,success
1780917026,tx_op V search record product P005,success
1780917026,tx_op V search record product P006,success
1780917026,tx_op V search record product P007,success
1780917026,tx_op V search record product P008,failure
1780917026,tx_op V search record product P009,failure
1780917026,tx_op V search record product P010,failure
1780917026,tx_op V search record product P011,failure
1780917026,tx_op V search record product P012,success
1780917026,tx_op V search record product P013,success
1780917026,tx_op V search record product P014,success
1780917026,tx_op V search record product P015,failure
1780917026,tx_op V search record product P016,success
1780917026,tx_op V search record product P017,success
1780917026,tx_op V search record product P018,success
1780917026,tx_op V search record product P019,success
1780917026,tx_op V search record product P020,failure
1780917026,tx_op V search record product P021,success
1780917026,tx_op V search record product P022,success
1780917026,tx_op V search record product P023,success
1780917026,tx_op V search record product P024,success
1780917026,tx_op V search record product P025,success
1780917026,tx_op V search record product P026,failure
1780917026,tx_op V search record product P027,failure
1780917026,tx_op V search record product P028,failure
1780917026,tx_op V search record product P029,success
1780917026,tx_op V search record product P030,success
1780917026,tx_op V search record product P031,success
1780917026,tx_op V search record product P032,success
1780917026,tx_op V range_search product price 1 30,success
1780917026,tx_op V range_search product stock 1 100,success
1780917026,tx_op V range_search product rating 70 80,success
1780917026,tx_op V range_search product price 500 1000,success
1780917026,tx_commit V,success
1780922665,tx_begin T1,success
1780922665,tx_op T1 create type product 5 1 sku str name str price int stock int rating int,success
1780922665,tx_op T1 create record product P001 Widget 100 50 80,success
1780922665,tx_op T1 create record product P002 Gadget 200 30 90,success
1780922665,tx_op T1 create record product P003 Gizmo 150 75 70,success
1780922665,tx_commit T1,success
1780922665,tx_begin T2,success
1780922665,tx_op T2 create record product P004 Doohickey 75 20 60,success
1780922665,tx_op T2 create record product P005 Sprocket 60 100 85,success
1780922665,tx_op T2 create record product P006 Cog 45 200 65,success
1780922665,tx_commit T2,success
1780922665,tx_begin T3,success
1780922665,tx_op T3 create record product P007 Bolt 5 1000 50,success
1780922665,tx_op T3 create record product P008 Nut 3 500 55,success
1780922665,tx_begin T4,success
1780922665,tx_op T4 delete record product P002,success
1780922665,tx_commit T4,success
1780922665,tx_begin T5,success
1780922665,tx_op T5 create record product P009 Washer 2 300 40,success
1780922665,tx_begin T6,success
1780922665,tx_op T6 create record product P010 Bracket 25 40 70,success
1780922665,tx_op T6 create record product P011 Hinge 30 60 75,success
1780922665,tx_op T6 create record product P012 Latch 18 90 60,success
1780922665,tx_op T6 create record product P013 Knob 12 150 55,success
1780922665,tx_op T6 create record product P014 Lever 22 80 65,success
1780922665,tx_commit T6,success
1780922665,tx_begin T7,success
1780922665,tx_op T7 create record product P015 Spring 5 500 50,success
1780922665,tx_begin T8,success
1780922665,tx_begin T9,success
1780922665,tx_op T8 create record product P016 Pulley 40 70 72,success
1780922665,tx_op T9 create record product P017 Bearing 35 110 78,success
1780922665,tx_op T8 create record product P018 Chain 28 120 68,success
1780922665,tx_op T9 create record product P019 Belt 32 95 73,success
1780922665,tx_op T8 create record product P020 Sprocket2 50 85 71,success
1780922665,tx_commit T9,success
1780922665,tx_op T8 delete record product P010,success
1780922665,tx_commit T8,success
1780922665,tx_begin T10,success
1780922665,tx_op T10 create record product P021 Gear 55 45 82,success
1780922665,tx_op T10 create record product P022 Bushing 15 200 58,success
1780922665,tx_op T10 create record product P023 Coupling 65 35 76,success
1780922665,tx_op T10 create record product P024 Shaft 80 25 88,success
1780922665,tx_op T10 create record product P025 Bearing2 38 90 74,success
1780922665,tx_op T10 delete record product P011,success
1780922665,tx_commit T10,success
1780922665,tx_begin T11,success
1780922665,tx_op T11 create record product P026 Flange 95 15 67,success
1780922665,tx_op T11 create record product P027 Bolt2 7 800 52,success
1780922665,tx_op T11 create record product P028 Nut2 4 600 48,success
1780922665,tx_begin T12,success
1780922665,tx_op T12 create record product P029 Strap 14 220 62,success
1780922665,tx_op T12 create record product P030 Clip 9 350 58,success
1780922665,tx_op T12 create record product P031 Pin 6 700 52,success
1780922665,tx_op T12 delete record product P020,success
1780922665,tx_commit T12,success
1780922665,tx_begin T13,success
1780922665,tx_op T13 create record product P032 Cap 11 280 64,success
1780922665,tx_commit T13,success
1780922665,tx_begin V,success
1780922665,tx_op V search record product P001,success
1780922665,tx_op V search record product P002,failure
1780922665,tx_op V search record product P003,success
1780922665,tx_op V search record product P004,success
1780922665,tx_op V search record product P005,success
1780922665,tx_op V search record product P006,success
1780922665,tx_op V search record product P007,success
1780922665,tx_op V search record product P008,failure
1780922665,tx_op V search record product P009,failure
1780922665,tx_op V search record product P010,failure
1780922665,tx_op V search record product P011,failure
1780922665,tx_op V search record product P012,success
1780922665,tx_op V search record product P013,success
1780922665,tx_op V search record product P014,success
1780922665,tx_op V search record product P015,failure
1780922665,tx_op V search record product P016,success
1780922665,tx_op V search record product P017,success
1780922665,tx_op V search record product P018,success
1780922665,tx_op V search record product P019,success
1780922665,tx_op V search record product P020,failure
1780922665,tx_op V search record product P021,success
1780922665,tx_op V search record product P022,success
1780922665,tx_op V search record product P023,success
1780922665,tx_op V search record product P024,success
1780922665,tx_op V search record product P025,success
1780922665,tx_op V search record product P026,failure
1780922665,tx_op V search record product P027,failure
1780922665,tx_op V search record product P028,failure
1780922665,tx_op V search record product P029,success
1780922665,tx_op V search record product P030,success
1780922665,tx_op V search record product P031,success
1780922665,tx_op V search record product P032,success
1780922665,tx_op V range_search product price 1 30,success
1780922665,tx_op V range_search product stock 1 100,success
1780922665,tx_op V range_search product rating 70 80,success
1780922665,tx_op V range_search product price 500 1000,success
1780922665,tx_commit V,success
1780922772,tx_begin T1,success
1780922772,tx_op T1 create type book 4 1 title str author str year int copies int,success
1780922772,tx_op T1 create record book Dune Herbert 1965 100,success
1780922772,tx_op T1 create record book Foundation Asimov 1951 50,success
1780922772,tx_op T1 create record book Hyperion Simmons 1989 80,success
1780922772,tx_commit T1,success
1780922772,tx_begin T2,success
1780922772,tx_op T2 create record book Neuromancer Gibson 1984 75,success
1780922772,tx_op T2 create record book SnowCrash Stephenson 1992 60,success
1780922772,tx_begin T3,success
1780922772,tx_op T3 create record book Tehanu LeGuin 1990 40,success
1780922772,tx_op T3 create record book Earthsea LeGuin 1968 55,success
1780922772,tx_commit T3,success
1780922772,tx_begin T4,success
1780922772,tx_op T4 delete record book Foundation,success
1780922772,tx_begin T5,success
1780922772,tx_op T5 create record book MobyDick Melville 1851 25,success
1780922772,tx_op T5 create record book WarPeace Tolstoy 1869 30,success
1780922772,tx_commit T5,success
1780922772,tx_begin T6,success
1780922772,tx_op T6 delete record book Dune,success
1780922772,tx_commit T6,success
1780922772,tx_begin T7,success
1780922772,tx_op T7 create record book Lolita Nabokov 1955 35,success
1780922772,tx_begin T8,success
1780922772,tx_op T8 create record book Ulysses Joyce 1922 20,success
1780922772,tx_op T8 create record book Beloved Morrison 1987 45,success
1780922772,tx_commit T8,success
1780922772,tx_begin T9,success
1780922772,tx_op T9 create record book Catch22 Heller 1961 65,success
1780922772,tx_commit T9,success
1780922772,tx_begin T10,success
1780922772,tx_op T10 create record book Beloved2 Morrison 2000 12,success
1780922772,tx_op T10 create record book Sula Morrison 1973 18,success
1780922772,tx_begin T11,success
1780922772,tx_op T11 create record book Slaughter Vonnegut 1969 90,success
1780922772,tx_commit T10,success
1780922772,tx_op T11 delete record book SnowCrash,failure
1780922772,tx_commit T11,success
1780922772,tx_begin V,success
1780922772,tx_op V search record book Dune,failure
1780922772,tx_op V search record book Foundation,success
1780922772,tx_op V search record book Hyperion,success
1780922772,tx_op V search record book Neuromancer,failure
1780922772,tx_op V search record book SnowCrash,failure
1780922772,tx_op V search record book Tehanu,success
1780922772,tx_op V search record book Earthsea,success
1780922772,tx_op V search record book MobyDick,success
1780922772,tx_op V search record book Lolita,failure
1780922772,tx_op V search record book Ulysses,success
1780922772,tx_op V search record book Beloved,success
1780922772,tx_op V search record book Catch22,success
1780922772,tx_op V search record book Beloved2,success
1780922772,tx_op V search record book Sula,success
1780922772,tx_op V search record book Slaughter,success
1780922772,tx_op V range_search book year 1950 1980,success
1780922772,tx_op V range_search book year 1850 1900,success
1780922772,tx_op V range_search book year 2000 2025,success
1780922772,tx_op V range_search book copies 20 50,success
1780922772,tx_commit V,success
1780922817,tx_begin T1,success
1780922817,tx_op T1 create type movie 5 1 title str director str year int rating int duration int,success
1780922817,tx_op T1 create record movie Inception Nolan 2010 90 148,success
1780922817,tx_begin T2,success
1780922817,tx_op T2 create record movie Interstellar Nolan 2014 85 169,success
1780922817,tx_op T1 create record movie Memento Nolan 2000 80 113,success
1780922817,tx_op T2 create record movie Tenet Nolan 2020 70 150,success
1780922817,tx_commit T1,success
1780922817,tx_op T2 create record movie Dunkirk Nolan 2017 75 106,success
1780922817,tx_begin T3,success
1780922817,tx_begin T4,success
1780922817,tx_op T3 create record movie Parasite Bong 2019 95 132,success
1780922817,tx_op T4 create record movie Oldboy Park 2003 80 120,success
1780922817,tx_op T3 create record movie Memories Bong 2003 88 130,success
1780922817,tx_op T4 create record movie Burning Lee 2018 78 148,success
1780922817,tx_commit T4,success
1780922817,tx_op T3 create record movie Mother Bong 2009 84 129,success
1780922817,tx_commit T3,success
1780922817,tx_begin T5,success
1780922817,tx_begin T6,success
1780922817,tx_begin T7,success
1780922817,tx_op T5 create record movie Akira Otomo 1988 90 124,success
1780922817,tx_op T6 create record movie Spirited Miyazaki 2001 92 125,success
1780922817,tx_op T7 create record movie Princess Miyazaki 1997 89 134,success
1780922817,tx_op T5 create record movie Ghost Oshii 1995 87 83,success
1780922817,tx_op T6 create record movie Totoro Miyazaki 1988 93 86,success
1780922817,tx_op T7 create record movie Howl Miyazaki 2004 86 119,success
1780922817,tx_commit T6,success
1780922817,tx_op T5 delete record movie Akira,success
1780922817,tx_op T7 create record movie Mononoke Miyazaki 1997 88 134,success
1780922817,tx_begin T8,success
1780922817,tx_op T8 delete record movie Memento,failure
1780922817,tx_commit T8,success
1780922817,tx_begin T9,success
1780922817,tx_begin T10,success
1780922817,tx_op T9 create record movie LaLa Chazelle 2016 80 128,success
1780922817,tx_op T10 create record movie Whiplash Chazelle 2014 87 107,success
1780922817,tx_op T9 create record movie FirstMan Chazelle 2018 75 141,success
1780922817,tx_commit T9,success
1780922817,tx_op T10 create record movie Babylon Chazelle 2022 65 189,success
1780922817,tx_commit T10,success
1780922817,tx_begin T11,success
1780922817,tx_begin T12,success
1780922817,tx_op T11 create record movie Drive Refn 2011 78 100,success
1780922817,tx_op T12 create record movie Bronson Refn 2008 73 92,success
1780922817,tx_op T11 delete record movie Totoro,failure
1780922817,tx_op T12 create record movie Valhalla Refn 2009 64 93,success
1780922817,tx_commit T11,success
1780922817,tx_commit T12,success
1780922817,tx_begin V,success
1780922817,tx_op V search record movie Inception,success
1780922817,tx_op V search record movie Memento,failure
1780922817,tx_op V search record movie Interstellar,failure
1780922817,tx_op V search record movie Tenet,failure
1780922817,tx_op V search record movie Dunkirk,failure
1780922817,tx_op V search record movie Parasite,success
1780922817,tx_op V search record movie Memories,success
1780922817,tx_op V search record movie Mother,success
1780922817,tx_op V search record movie Oldboy,success
1780922817,tx_op V search record movie Burning,success
1780922817,tx_op V search record movie Akira,failure
1780922817,tx_op V search record movie Spirited,failure
1780922817,tx_op V search record movie Totoro,failure
1780922817,tx_op V search record movie Princess,failure
1780922817,tx_op V search record movie Mononoke,failure
1780922817,tx_op V search record movie Ghost,failure
1780922817,tx_op V search record movie Howl,failure
1780922817,tx_op V search record movie LaLa,success
1780922817,tx_op V search record movie FirstMan,success
1780922817,tx_op V search record movie Whiplash,success
1780922817,tx_op V search record movie Babylon,success
1780922817,tx_op V search record movie Drive,success
1780922817,tx_op V search record movie Bronson,success
1780922817,tx_op V search record movie Valhalla,success
1780922817,tx_op V range_search movie year 1980 2000,success
1780922817,tx_op V range_search movie year 2010 2025,success
1780922817,tx_op V range_search movie rating 85 100,success
1780922817,tx_op V range_search movie duration 80 110,success
1780922817,tx_commit V,success
1780923027,tx_begin T1,success
1780923027,tx_op T1 create type book 4 1 title str author str year int copies int,success
1780923027,tx_op T1 create record book Dune Herbert 1965 100,success
1780923027,tx_op T1 create record book Foundation Asimov 1951 50,success
1780923027,tx_op T1 create record book Hyperion Simmons 1989 80,success
1780923027,tx_commit T1,success
1780923027,tx_begin T2,success
1780923027,tx_op T2 create record book Neuromancer Gibson 1984 75,success
1780923027,tx_op T2 create record book SnowCrash Stephenson 1992 60,success
1780923027,tx_begin T3,success
1780923027,tx_op T3 create record book Tehanu LeGuin 1990 40,success
1780923027,tx_op T3 create record book Earthsea LeGuin 1968 55,success
1780923027,tx_commit T3,success
1780923027,tx_begin T4,success
1780923027,tx_op T4 delete record book Foundation,success
1780923027,tx_begin T5,success
1780923027,tx_op T5 create record book MobyDick Melville 1851 25,success
1780923027,tx_op T5 create record book WarPeace Tolstoy 1869 30,success
1780923027,tx_commit T5,success
1780923027,tx_begin T6,success
1780923027,tx_op T6 delete record book Dune,success
1780923027,tx_commit T6,success
1780923027,tx_begin T7,success
1780923027,tx_op T7 create record book Lolita Nabokov 1955 35,success
1780923027,tx_begin T8,success
1780923027,tx_op T8 create record book Ulysses Joyce 1922 20,success
1780923027,tx_op T8 create record book Beloved Morrison 1987 45,success
1780923027,tx_commit T8,success
1780923027,tx_begin T9,success
1780923027,tx_op T9 create record book Catch22 Heller 1961 65,success
1780923027,tx_commit T9,success
1780923027,tx_begin T10,success
1780923027,tx_op T10 create record book Beloved2 Morrison 2000 12,success
1780923027,tx_op T10 create record book Sula Morrison 1973 18,success
1780923027,tx_begin T11,success
1780923027,tx_op T11 create record book Slaughter Vonnegut 1969 90,success
1780923027,tx_commit T10,success
1780923027,tx_op T11 delete record book SnowCrash,failure
1780923027,tx_commit T11,success
1780923027,tx_begin V,success
1780923027,tx_op V search record book Dune,failure
1780923027,tx_op V search record book Foundation,success
1780923027,tx_op V search record book Hyperion,success
1780923027,tx_op V search record book Neuromancer,failure
1780923027,tx_op V search record book SnowCrash,failure
1780923027,tx_op V search record book Tehanu,success
1780923027,tx_op V search record book Earthsea,success
1780923027,tx_op V search record book MobyDick,success
1780923027,tx_op V search record book Lolita,failure
1780923027,tx_op V search record book Ulysses,success
1780923027,tx_op V search record book Beloved,success
1780923027,tx_op V search record book Catch22,success
1780923027,tx_op V search record book Beloved2,success
1780923027,tx_op V search record book Sula,success
1780923027,tx_op V search record book Slaughter,success
1780923027,tx_op V range_search book year 1950 1980,success
1780923027,tx_op V range_search book year 1850 1900,success
1780923027,tx_op V range_search book year 2000 2025,success
1780923027,tx_op V range_search book copies 20 50,success
1780923027,tx_commit V,success
1780923052,tx_begin T1,success
1780923052,tx_op T1 create type movie 5 1 title str director str year int rating int duration int,success
1780923052,tx_op T1 create record movie Inception Nolan 2010 90 148,success
1780923052,tx_begin T2,success
1780923052,tx_op T2 create record movie Interstellar Nolan 2014 85 169,success
1780923052,tx_op T1 create record movie Memento Nolan 2000 80 113,success
1780923052,tx_op T2 create record movie Tenet Nolan 2020 70 150,success
1780923052,tx_commit T1,success
1780923052,tx_op T2 create record movie Dunkirk Nolan 2017 75 106,success
1780923052,tx_begin T3,success
1780923052,tx_begin T4,success
1780923052,tx_op T3 create record movie Parasite Bong 2019 95 132,success
1780923052,tx_op T4 create record movie Oldboy Park 2003 80 120,success
1780923052,tx_op T3 create record movie Memories Bong 2003 88 130,success
1780923052,tx_op T4 create record movie Burning Lee 2018 78 148,success
1780923052,tx_commit T4,success
1780923052,tx_op T3 create record movie Mother Bong 2009 84 129,success
1780923052,tx_commit T3,success
1780923052,tx_begin T5,success
1780923052,tx_begin T6,success
1780923052,tx_begin T7,success
1780923052,tx_op T5 create record movie Akira Otomo 1988 90 124,success
1780923052,tx_op T6 create record movie Spirited Miyazaki 2001 92 125,success
1780923052,tx_op T7 create record movie Princess Miyazaki 1997 89 134,success
1780923052,tx_op T5 create record movie Ghost Oshii 1995 87 83,success
1780923052,tx_op T6 create record movie Totoro Miyazaki 1988 93 86,success
1780923052,tx_op T7 create record movie Howl Miyazaki 2004 86 119,success
1780923052,tx_commit T6,success
1780923052,tx_op T5 delete record movie Akira,success
1780923052,tx_op T7 create record movie Mononoke Miyazaki 1997 88 134,success
1780923052,tx_begin T8,success
1780923052,tx_op T8 delete record movie Memento,success
1780923052,tx_commit T8,success
1780923052,tx_begin T9,success
1780923052,tx_begin T10,success
1780923052,tx_op T9 create record movie LaLa Chazelle 2016 80 128,success
1780923052,tx_op T10 create record movie Whiplash Chazelle 2014 87 107,success
1780923052,tx_op T9 create record movie FirstMan Chazelle 2018 75 141,success
1780923052,tx_commit T9,success
1780923052,tx_op T10 create record movie Babylon Chazelle 2022 65 189,success
1780923052,tx_commit T10,success
1780923052,tx_begin T11,success
1780923052,tx_begin T12,success
1780923052,tx_op T11 create record movie Drive Refn 2011 78 100,success
1780923052,tx_op T12 create record movie Bronson Refn 2008 73 92,success
1780923052,tx_op T11 delete record movie Totoro,success
1780923052,tx_op T12 create record movie Valhalla Refn 2009 64 93,success
1780923052,tx_commit T11,success
1780923052,tx_commit T12,success
1780923052,tx_begin V,success
1780923052,tx_op V search record movie Inception,success
1780923052,tx_op V search record movie Memento,failure
1780923052,tx_op V search record movie Interstellar,failure
1780923052,tx_op V search record movie Tenet,failure
1780923052,tx_op V search record movie Dunkirk,failure
1780923052,tx_op V search record movie Parasite,success
1780923052,tx_op V search record movie Memories,success
1780923052,tx_op V search record movie Mother,success
1780923052,tx_op V search record movie Oldboy,success
1780923052,tx_op V search record movie Burning,success
1780923052,tx_op V search record movie Akira,failure
1780923052,tx_op V search record movie Spirited,success
1780923052,tx_op V search record movie Totoro,failure
1780923052,tx_op V search record movie Princess,failure
1780923052,tx_op V search record movie Mononoke,failure
1780923052,tx_op V search record movie Ghost,failure
1780923052,tx_op V search record movie Howl,failure
1780923052,tx_op V search record movie LaLa,success
1780923052,tx_op V search record movie FirstMan,success
1780923052,tx_op V search record movie Whiplash,success
1780923052,tx_op V search record movie Babylon,success
1780923052,tx_op V search record movie Drive,success
1780923052,tx_op V search record movie Bronson,success
1780923052,tx_op V search record movie Valhalla,success
1780923052,tx_op V range_search movie year 1980 2000,success
1780923052,tx_op V range_search movie year 2010 2025,success
1780923052,tx_op V range_search movie rating 85 100,success
1780923052,tx_op V range_search movie duration 80 110,success
1780923052,tx_commit V,success
1780923066,tx_begin T1,success
1780923066,tx_op T1 create type artist 4 1 name str genre str country str debut_year int,success
1780923066,tx_op T1 create record artist Beatles Rock UK 1960,success
1780923066,tx_op T1 create record artist Mozart Classical Austria 1762,success
1780923066,tx_op T1 create record artist Beethoven Classical Germany 1782,success
1780923066,tx_commit T1,success
1780923066,tx_begin T2,success
1780923066,tx_op T2 create record artist Bach Classical Germany 1703,success
1780923066,tx_begin T3,success
1780923066,tx_op T3 delete record artist Mozart,success
1780923066,tx_commit T3,success
1780923066,tx_begin T4,success
1780923066,tx_op T4 create record artist Beyonce Pop USA 1981,success
1780923066,tx_op T4 create record artist Drake HipHop Canada 1986,success
1780923066,tx_begin T5,success
1780923066,tx_op T5 create record artist Adele Pop UK 1988,success
1780923066,tx_commit T5,success
1780923066,tx_begin T6,success
1780923066,tx_op T6 create record artist Radiohead Rock UK 1985,success
1780923066,tx_op T6 create record artist Bjork Pop Iceland 1977,success
1780923066,tx_commit T6,success
1780923066,tx_begin T7,success
1780923066,tx_op T7 create record artist Aphex Electronic UK 1985,success
1780923066,tx_op T7 delete record artist Beatles,success
1780923066,tx_begin T8,success
1780923066,tx_op T8 delete record artist Drake,failure
1780923066,tx_commit T8,success
1780923066,tx_begin T9,success
1780923066,tx_op T9 create record artist Kendrick Hip UnitedStates 1987,success
1780923066,tx_op T9 create record artist Solange Pop UnitedStates 1986,success
1780923066,tx_commit T9,success
1780923066,tx_begin T10,success
1780923066,tx_op T10 create record artist Burial Electronic UK 1979,success
1780923066,tx_begin V,success
1780923066,tx_op V search record artist Beatles,success
1780923066,tx_op V search record artist Mozart,failure
1780923066,tx_op V search record artist Beethoven,success
1780923066,tx_op V search record artist Bach,failure
1780923066,tx_op V search record artist Beyonce,failure
1780923066,tx_op V search record artist Drake,failure
1780923066,tx_op V search record artist Adele,success
1780923066,tx_op V search record artist Radiohead,success
1780923066,tx_op V search record artist Bjork,success
1780923066,tx_op V search record artist Aphex,failure
1780923066,tx_op V search record artist Kendrick,success
1780923066,tx_op V search record artist Solange,success
1780923066,tx_op V search record artist Burial,failure
1780923066,tx_op V range_search artist debut_year 1700 1800,success
1780923066,tx_op V range_search artist debut_year 1950 2000,success
1780923066,tx_op V range_search artist debut_year 1980 1990,success
1780923066,tx_commit V,success
1780923081,tx_begin T1,success
1780923081,tx_op T1 create type product 5 1 sku str name str price int stock int rating int,success
1780923081,tx_op T1 create record product P001 Widget 100 50 80,success
1780923081,tx_op T1 create record product P002 Gadget 200 30 90,success
1780923081,tx_op T1 create record product P003 Gizmo 150 75 70,success
1780923081,tx_commit T1,success
1780923081,tx_begin T2,success
1780923081,tx_op T2 create record product P004 Doohickey 75 20 60,success
1780923081,tx_op T2 create record product P005 Sprocket 60 100 85,success
1780923081,tx_op T2 create record product P006 Cog 45 200 65,success
1780923081,tx_commit T2,success
1780923081,tx_begin T3,success
1780923081,tx_op T3 create record product P007 Bolt 5 1000 50,success
1780923081,tx_op T3 create record product P008 Nut 3 500 55,success
1780923081,tx_begin T4,success
1780923081,tx_op T4 delete record product P002,success
1780923081,tx_commit T4,success
1780923081,tx_begin T5,success
1780923081,tx_op T5 create record product P009 Washer 2 300 40,success
1780923081,tx_begin T6,success
1780923081,tx_op T6 create record product P010 Bracket 25 40 70,success
1780923081,tx_op T6 create record product P011 Hinge 30 60 75,success
1780923081,tx_op T6 create record product P012 Latch 18 90 60,success
1780923081,tx_op T6 create record product P013 Knob 12 150 55,success
1780923081,tx_op T6 create record product P014 Lever 22 80 65,success
1780923081,tx_commit T6,success
1780923081,tx_begin T7,success
1780923081,tx_op T7 create record product P015 Spring 5 500 50,success
1780923081,tx_begin T8,success
1780923081,tx_begin T9,success
1780923081,tx_op T8 create record product P016 Pulley 40 70 72,success
1780923081,tx_op T9 create record product P017 Bearing 35 110 78,success
1780923081,tx_op T8 create record product P018 Chain 28 120 68,success
1780923081,tx_op T9 create record product P019 Belt 32 95 73,success
1780923081,tx_op T8 create record product P020 Sprocket2 50 85 71,success
1780923081,tx_commit T9,success
1780923081,tx_op T8 delete record product P010,success
1780923081,tx_commit T8,success
1780923081,tx_begin T10,success
1780923081,tx_op T10 create record product P021 Gear 55 45 82,success
1780923081,tx_op T10 create record product P022 Bushing 15 200 58,success
1780923081,tx_op T10 create record product P023 Coupling 65 35 76,success
1780923081,tx_op T10 create record product P024 Shaft 80 25 88,success
1780923081,tx_op T10 create record product P025 Bearing2 38 90 74,success
1780923081,tx_op T10 delete record product P011,success
1780923081,tx_commit T10,success
1780923081,tx_begin T11,success
1780923081,tx_op T11 create record product P026 Flange 95 15 67,success
1780923081,tx_op T11 create record product P027 Bolt2 7 800 52,success
1780923081,tx_op T11 create record product P028 Nut2 4 600 48,success
1780923081,tx_begin T12,success
1780923081,tx_op T12 create record product P029 Strap 14 220 62,success
1780923081,tx_op T12 create record product P030 Clip 9 350 58,success
1780923081,tx_op T12 create record product P031 Pin 6 700 52,success
1780923081,tx_op T12 delete record product P020,success
1780923081,tx_commit T12,success
1780923081,tx_begin T13,success
1780923081,tx_op T13 create record product P032 Cap 11 280 64,success
1780923081,tx_commit T13,success
1780923081,tx_begin V,success
1780923081,tx_op V search record product P001,success
1780923081,tx_op V search record product P002,failure
1780923081,tx_op V search record product P003,success
1780923081,tx_op V search record product P004,success
1780923081,tx_op V search record product P005,success
1780923081,tx_op V search record product P006,success
1780923081,tx_op V search record product P007,failure
1780923081,tx_op V search record product P008,failure
1780923081,tx_op V search record product P009,failure
1780923081,tx_op V search record product P010,failure
1780923081,tx_op V search record product P011,failure
1780923081,tx_op V search record product P012,success
1780923081,tx_op V search record product P013,success
1780923081,tx_op V search record product P014,success
1780923081,tx_op V search record product P015,failure
1780923081,tx_op V search record product P016,success
1780923081,tx_op V search record product P017,success
1780923081,tx_op V search record product P018,success
1780923081,tx_op V search record product P019,success
1780923081,tx_op V search record product P020,failure
1780923081,tx_op V search record product P021,success
1780923081,tx_op V search record product P022,success
1780923081,tx_op V search record product P023,success
1780923081,tx_op V search record product P024,success
1780923081,tx_op V search record product P025,success
1780923081,tx_op V search record product P026,failure
1780923081,tx_op V search record product P027,failure
1780923081,tx_op V search record product P028,failure
1780923081,tx_op V search record product P029,success
1780923081,tx_op V search record product P030,success
1780923081,tx_op V search record product P031,success
1780923081,tx_op V search record product P032,success
1780923081,tx_op V range_search product price 1 30,success
1780923081,tx_op V range_search product stock 1 100,success
1780923081,tx_op V range_search product rating 70 80,success
1780923081,tx_op V range_search product price 500 1000,success
1780923081,tx_commit V,success
